aet1991_2020_ave,Fire_Name,YEAR_,Shape_Leng,Shape_Area,fire_yr,area_ha
646.8201904,CZU LIGHTNING COMPLEX,2020,899769.2245,145650091,2020CZU LIGHTNING COMPLEX-,0.00010579
511.6128235,CZU LIGHTNING COMPLEX,2020,899769.2245,145650091,2020CZU LIGHTNING COMPLEX-,0.000116627
561.8346558,CZU LIGHTNING COMPLEX,2020,899769.2245,145650091,2020CZU LIGHTNING COMPLEX-,0.000161574
713.8736572,CHETCO BAR,2017,28687.64862,6998551.507,2017CHETCO BAR-,0.000164386
641.642395,CZU LIGHTNING COMPLEX,2020,899769.2245,145650091,2020CZU LIGHTNING COMPLEX-,0.000205344
561.9467773,CZU LIGHTNING COMPLEX,2020,899769.2245,145650091,2020CZU LIGHTNING COMPLEX-,0.000386423
550.0587769,CZU LIGHTNING COMPLEX,2020,899769.2245,145650091,2020CZU LIGHTNING COMPLEX-,0.000427871
688.4611816,GLASS,2020,50252.06105,2263063.931,2020GLASS-,0.000547155
762.0079956,WALBRIDGE,2020,34685.12321,1970691.702,2020WALBRIDGE-,0.000619259
605.5192261,CZU LIGHTNING COMPLEX,2020,899769.2245,145650091,2020CZU LIGHTNING COMPLEX-,0.00064327
629.8927002,CZU LIGHTNING COMPLEX,2020,899769.2245,145650091,2020CZU LIGHTNING COMPLEX-,0.000733815
571.2190552,ORR SERIES,2008,22871.31682,1053586.59,2008ORR SERIES-,0.000807233
408.3204346,CANOE,2003,108316.1819,30613176.38,2003CANOE-,0.000848862
618.9604492,CZU LIGHTNING COMPLEX,2020,899769.2245,145650091,2020CZU LIGHTNING COMPLEX-,0.001040157
713.8591919,CZU LIGHTNING COMPLEX,2020,899769.2245,145650091,2020CZU LIGHTNING COMPLEX-,0.001226478
602.9241333,CZU LIGHTNING COMPLEX,2020,899769.2245,145650091,2020CZU LIGHTNING COMPLEX-,0.001289788
581.6448975,CZU LIGHTNING COMPLEX,2020,899769.2245,145650091,2020CZU LIGHTNING COMPLEX-,0.001815951
700.7386475,CZU LIGHTNING COMPLEX,2020,899769.2245,145650091,2020CZU LIGHTNING COMPLEX-,0.001877561
535.6861572,CZU LIGHTNING COMPLEX,2020,899769.2245,145650091,2020CZU LIGHTNING COMPLEX-,0.001892515
651.2637939,WALBRIDGE,2020,34685.12321,1970691.702,2020WALBRIDGE-,0.002071169
545.9680786,CZU LIGHTNING COMPLEX,2020,899769.2245,145650091,2020CZU LIGHTNING COMPLEX-,0.002104141
726.3847656,CZU LIGHTNING COMPLEX,2020,899769.2245,145650091,2020CZU LIGHTNING COMPLEX-,0.002132901
639.5368652,LODGE,2014,46471.6089,2165642.738,2014LODGE-,0.002228762
660.317749,WALBRIDGE,2020,34685.12321,1970691.702,2020WALBRIDGE-,0.002312793
703.0585327,CANOE,2003,108316.1819,30613176.38,2003CANOE-,0.002445284
757.4972534,CZU LIGHTNING COMPLEX,2020,899769.2245,145650091,2020CZU LIGHTNING COMPLEX-,0.002605434
755.4094849,INDIAN,2008,17839.09215,4534864.183,2008INDIAN-,0.002634113
624.7253418,GLASS,2020,50252.06105,2263063.931,2020GLASS-,0.00270093
755.9882813,GLASS,2020,50252.06105,2263063.931,2020GLASS-,0.003111031
480.4507446,CZU LIGHTNING COMPLEX,2020,899769.2245,145650091,2020CZU LIGHTNING COMPLEX-,0.003521125
554.5084229,CZU LIGHTNING COMPLEX,2020,899769.2245,145650091,2020CZU LIGHTNING COMPLEX-,0.003605164
511.4823914,NUNS,2017,43127.60516,2287023.628,2017NUNS-,0.004178269
511.6069641,CZU LIGHTNING COMPLEX,2020,899769.2245,145650091,2020CZU LIGHTNING COMPLEX-,0.004280573
610.3589478,CZU LIGHTNING COMPLEX,2020,899769.2245,145650091,2020CZU LIGHTNING COMPLEX-,0.004307439
732.7775269,WALBRIDGE,2020,34685.12321,1970691.702,2020WALBRIDGE-,0.00431371
654.0020752,CZU LIGHTNING COMPLEX,2020,899769.2245,145650091,2020CZU LIGHTNING COMPLEX-,0.004337392
631.5544434,CZU LIGHTNING COMPLEX,2020,899769.2245,145650091,2020CZU LIGHTNING COMPLEX-,0.004384766
716.046875,GLASS,2020,50252.06105,2263063.931,2020GLASS-,0.00498001
438.9373474,WALBRIDGE,2020,34685.12321,1970691.702,2020WALBRIDGE-,0.005038028
726.2399902,CANOE,2003,108316.1819,30613176.38,2003CANOE-,0.005831008
694.8930664,CHETCO BAR,2017,28687.64862,6998551.507,2017CHETCO BAR-,0.006327528
669.8052368,CZU LIGHTNING COMPLEX,2020,899769.2245,145650091,2020CZU LIGHTNING COMPLEX-,0.006355679
656.1204224,KINCADE,2019,5815.807036,310653.4472,2019KINCADE-,0.006526388
656.1204224,TUBBS,2017,17899.28548,937389.0541,2017TUBBS-,0.006526388
620.4729004,CZU LIGHTNING COMPLEX,2020,899769.2245,145650091,2020CZU LIGHTNING COMPLEX-,0.006604334
737.3930054,CZU LIGHTNING COMPLEX,2020,899769.2245,145650091,2020CZU LIGHTNING COMPLEX-,0.006610136
604.843811,NUNS,2017,43127.60516,2287023.628,2017NUNS-,0.007051684
656.2927246,CZU LIGHTNING COMPLEX,2020,899769.2245,145650091,2020CZU LIGHTNING COMPLEX-,0.007211744
442.1801758,GLASS,2020,50252.06105,2263063.931,2020GLASS-,0.007266929
442.1801758,NUNS,2017,43127.60516,2287023.628,2017NUNS-,0.007266929
702.442627,CANOE,2003,108316.1819,30613176.38,2003CANOE-,0.0073348
784.8184814,WALBRIDGE,2020,34685.12321,1970691.702,2020WALBRIDGE-,0.007543132
704.852417,CHETCO BAR,2017,28687.64862,6998551.507,2017CHETCO BAR-,0.007622353
521.6726685,GLASS,2020,50252.06105,2263063.931,2020GLASS-,0.007976912
615.5879517,SUMMIT,2008,2565.669727,61444.2449,2008SUMMIT-,0.008043673
523.2573853,MARTIN,2008,9673.019814,518372.6577,2008MARTIN-,0.008536597
596.0888672,WALBRIDGE,2020,34685.12321,1970691.702,2020WALBRIDGE-,0.008902325
730.3181763,CZU LIGHTNING COMPLEX,2020,899769.2245,145650091,2020CZU LIGHTNING COMPLEX-,0.008917061
782.2200928,GLASS,2020,50252.06105,2263063.931,2020GLASS-,0.009256393
636.3438721,CZU LIGHTNING COMPLEX,2020,899769.2245,145650091,2020CZU LIGHTNING COMPLEX-,0.009568149
731.0526123,CZU LIGHTNING COMPLEX,2020,899769.2245,145650091,2020CZU LIGHTNING COMPLEX-,0.009848826
721.1928101,KINCADE,2019,5815.807036,310653.4472,2019KINCADE-,0.010519656
713.6505737,CHETCO BAR,2017,28687.64862,6998551.507,2017CHETCO BAR-,0.010653882
439.6838684,GLASS,2020,50252.06105,2263063.931,2020GLASS-,0.010694953
694.6109619,MARTIN,2008,9673.019814,518372.6577,2008MARTIN-,0.011582279
747.8119507,INDIAN,2008,17839.09215,4534864.183,2008INDIAN-,0.012220002
626.7897339,CZU LIGHTNING COMPLEX,2020,899769.2245,145650091,2020CZU LIGHTNING COMPLEX-,0.012259819
393.5328369,CZU LIGHTNING COMPLEX,2020,899769.2245,145650091,2020CZU LIGHTNING COMPLEX-,0.012450479
738.5270386,WALBRIDGE,2020,34685.12321,1970691.702,2020WALBRIDGE-,0.012998698
398.4927063,CZU LIGHTNING COMPLEX,2020,899769.2245,145650091,2020CZU LIGHTNING COMPLEX-,0.013352149
643.0130005,CZU LIGHTNING COMPLEX,2020,899769.2245,145650091,2020CZU LIGHTNING COMPLEX-,0.013439691
707.5111084,CZU LIGHTNING COMPLEX,2020,899769.2245,145650091,2020CZU LIGHTNING COMPLEX-,0.013892828
707.4626465,LODGE,2014,46471.6089,2165642.738,2014LODGE-,0.014102448
488.4000854,CZU LIGHTNING COMPLEX,2020,899769.2245,145650091,2020CZU LIGHTNING COMPLEX-,0.014519378
721.8231201,CANOE,2003,108316.1819,30613176.38,2003CANOE-,0.014757019
637.9272461,CZU LIGHTNING COMPLEX,2020,899769.2245,145650091,2020CZU LIGHTNING COMPLEX-,0.014998574
640.5510864,MEYERS,2020,31666.98984,2323941.628,2020MEYERS-,0.015330431
679.1723022,CZU LIGHTNING COMPLEX,2020,899769.2245,145650091,2020CZU LIGHTNING COMPLEX-,0.015587723
448.4200745,CZU LIGHTNING COMPLEX,2020,899769.2245,145650091,2020CZU LIGHTNING COMPLEX-,0.015802879
698.0098267,CANOE,2003,108316.1819,30613176.38,2003CANOE-,0.016452731
626.5361938,CZU LIGHTNING COMPLEX,2020,899769.2245,145650091,2020CZU LIGHTNING COMPLEX-,0.016860642
614.2391968,CZU LIGHTNING COMPLEX,2020,899769.2245,145650091,2020CZU LIGHTNING COMPLEX-,0.017105095
662.5213013,KINCADE,2019,5815.807036,310653.4472,2019KINCADE-,0.017394671
662.5213013,TUBBS,2017,17899.28548,937389.0541,2017TUBBS-,0.017394671
613.3928223,GLASS,2020,50252.06105,2263063.931,2020GLASS-,0.017398405
655.7937012,GLASS,2020,50252.06105,2263063.931,2020GLASS-,0.017568376
486.4223328,ORR SERIES,2008,22871.31682,1053586.59,2008ORR SERIES-,0.017972508
649.4228516,CANOE,2003,108316.1819,30613176.38,2003CANOE-,0.018626489
565.4276733,CZU LIGHTNING COMPLEX,2020,899769.2245,145650091,2020CZU LIGHTNING COMPLEX-,0.019130953
652.2550049,CZU LIGHTNING COMPLEX,2020,899769.2245,145650091,2020CZU LIGHTNING COMPLEX-,0.019308997
697.6945801,WALBRIDGE,2020,34685.12321,1970691.702,2020WALBRIDGE-,0.021773334
666.6054077,WALBRIDGE,2020,34685.12321,1970691.702,2020WALBRIDGE-,0.023911335
638.0161743,CZU LIGHTNING COMPLEX,2020,899769.2245,145650091,2020CZU LIGHTNING COMPLEX-,0.024829882
566.8731079,LODGE,2014,46471.6089,2165642.738,2014LODGE-,0.025166624
781.5106812,WALBRIDGE,2020,34685.12321,1970691.702,2020WALBRIDGE-,0.025221761
541.3543701,CZU LIGHTNING COMPLEX,2020,899769.2245,145650091,2020CZU LIGHTNING COMPLEX-,0.025504157
752.4243774,GLASS,2020,50252.06105,2263063.931,2020GLASS-,0.025652053
663.2982178,LODGE,2014,46471.6089,2165642.738,2014LODGE-,0.02589192
782.399231,GLASS,2020,50252.06105,2263063.931,2020GLASS-,0.026304881
446.5120239,CZU LIGHTNING COMPLEX,2020,899769.2245,145650091,2020CZU LIGHTNING COMPLEX-,0.027422867
396.23526,TUBBS,2017,17899.28548,937389.0541,2017TUBBS-,0.027555398
626.8217773,TUBBS,2017,17899.28548,937389.0541,2017TUBBS-,0.028051297
706.1444702,MARTIN,2008,9673.019814,518372.6577,2008MARTIN-,0.028712786
619.0801392,WALBRIDGE,2020,34685.12321,1970691.702,2020WALBRIDGE-,0.029071081
526.2719727,CZU LIGHTNING COMPLEX,2020,899769.2245,145650091,2020CZU LIGHTNING COMPLEX-,0.029412039
494.7676392,CZU LIGHTNING COMPLEX,2020,899769.2245,145650091,2020CZU LIGHTNING COMPLEX-,0.029740001
578.5697632,CZU LIGHTNING COMPLEX,2020,899769.2245,145650091,2020CZU LIGHTNING COMPLEX-,0.030283128
555.078125,CZU LIGHTNING COMPLEX,2020,899769.2245,145650091,2020CZU LIGHTNING COMPLEX-,0.031809521
728.2939453,GLASS,2020,50252.06105,2263063.931,2020GLASS-,0.031897494
582.3738403,NUNS,2017,43127.60516,2287023.628,2017NUNS-,0.031962868
585.0517578,CZU LIGHTNING COMPLEX,2020,899769.2245,145650091,2020CZU LIGHTNING COMPLEX-,0.033572308
566.7501831,NUNS,2017,43127.60516,2287023.628,2017NUNS-,0.034300378
670.3093262,CZU LIGHTNING COMPLEX,2020,899769.2245,145650091,2020CZU LIGHTNING COMPLEX-,0.034713366
720.5368042,ORR SERIES,2008,22871.31682,1053586.59,2008ORR SERIES-,0.036372468
727.7384644,INDIAN,2008,17839.09215,4534864.183,2008INDIAN-,0.036698168
526.0176392,CZU LIGHTNING COMPLEX,2020,899769.2245,145650091,2020CZU LIGHTNING COMPLEX-,0.037250606
701.2827148,WALBRIDGE,2020,34685.12321,1970691.702,2020WALBRIDGE-,0.03742671
642.3080444,GLASS,2020,50252.06105,2263063.931,2020GLASS-,0.037586857
656.8580933,WALBRIDGE,2020,34685.12321,1970691.702,2020WALBRIDGE-,0.037626355
583.0204468,WALBRIDGE,2020,34685.12321,1970691.702,2020WALBRIDGE-,0.037736046
715.0748901,CANOE,2003,108316.1819,30613176.38,2003CANOE-,0.03775081
582.7275391,CZU LIGHTNING COMPLEX,2020,899769.2245,145650091,2020CZU LIGHTNING COMPLEX-,0.038330156
465.4463806,CZU LIGHTNING COMPLEX,2020,899769.2245,145650091,2020CZU LIGHTNING COMPLEX-,0.038726247
706.3040771,ORR SERIES,2008,22871.31682,1053586.59,2008ORR SERIES-,0.039509136
629.0377808,NUNS,2017,43127.60516,2287023.628,2017NUNS-,0.040048878
516.5927734,CZU LIGHTNING COMPLEX,2020,899769.2245,145650091,2020CZU LIGHTNING COMPLEX-,0.040171042
691.2810669,CZU LIGHTNING COMPLEX,2020,899769.2245,145650091,2020CZU LIGHTNING COMPLEX-,0.040266897
811.9682007,WALBRIDGE,2020,34685.12321,1970691.702,2020WALBRIDGE-,0.040463175
715.401001,NAVARRO,2008,11911.63913,1762893.727,2008NAVARRO-,0.040609255
537.0782471,CZU LIGHTNING COMPLEX,2020,899769.2245,145650091,2020CZU LIGHTNING COMPLEX-,0.040657575
677.3898926,ORR SERIES,2008,22871.31682,1053586.59,2008ORR SERIES-,0.04159601
622.7454834,CZU LIGHTNING COMPLEX,2020,899769.2245,145650091,2020CZU LIGHTNING COMPLEX-,0.041938168
391.5423889,CZU LIGHTNING COMPLEX,2020,899769.2245,145650091,2020CZU LIGHTNING COMPLEX-,0.0432167
379.7138062,CZU LIGHTNING COMPLEX,2020,899769.2245,145650091,2020CZU LIGHTNING COMPLEX-,0.043437925
646.6384888,CANOE,2003,108316.1819,30613176.38,2003CANOE-,0.043836272
581.0852051,CZU LIGHTNING COMPLEX,2020,899769.2245,145650091,2020CZU LIGHTNING COMPLEX-,0.04396448
629.4667358,NUNS,2017,43127.60516,2287023.628,2017NUNS-,0.045638189
606.3959961,CZU LIGHTNING COMPLEX,2020,899769.2245,145650091,2020CZU LIGHTNING COMPLEX-,0.04604245
725.7659912,CANOE,2003,108316.1819,30613176.38,2003CANOE-,0.047579821
747.0213623,INDIAN,2008,17839.09215,4534864.183,2008INDIAN-,0.04768637
697.7219238,CANOE,2003,108316.1819,30613176.38,2003CANOE-,0.048251576
649.2612915,MEYERS,2020,31666.98984,2323941.628,2020MEYERS-,0.048513155
668.8912964,CZU LIGHTNING COMPLEX,2020,899769.2245,145650091,2020CZU LIGHTNING COMPLEX-,0.048711328
566.6791382,TUBBS,2017,17899.28548,937389.0541,2017TUBBS-,0.048989074
347.7364197,CZU LIGHTNING COMPLEX,2020,899769.2245,145650091,2020CZU LIGHTNING COMPLEX-,0.05092557
691.2102051,CZU LIGHTNING COMPLEX,2020,899769.2245,145650091,2020CZU LIGHTNING COMPLEX-,0.051492271
661.489624,CZU LIGHTNING COMPLEX,2020,899769.2245,145650091,2020CZU LIGHTNING COMPLEX-,0.051640999
643.3656616,CZU LIGHTNING COMPLEX,2020,899769.2245,145650091,2020CZU LIGHTNING COMPLEX-,0.052063917
468.6156616,CZU LIGHTNING COMPLEX,2020,899769.2245,145650091,2020CZU LIGHTNING COMPLEX-,0.052516483
688.4666138,MEYERS,2020,31666.98984,2323941.628,2020MEYERS-,0.052778551
577.6589966,CZU LIGHTNING COMPLEX,2020,899769.2245,145650091,2020CZU LIGHTNING COMPLEX-,0.053127481
590.8475342,ORR SERIES,2008,22871.31682,1053586.59,2008ORR SERIES-,0.054519647
693.6740723,LODGE,2014,46471.6089,2165642.738,2014LODGE-,0.054673998
740.3071899,INDIAN,2008,17839.09215,4534864.183,2008INDIAN-,0.056093466
466.8841248,CHETCO BAR,2017,28687.64862,6998551.507,2017CHETCO BAR-,0.056331133
548.8145752,NUNS,2017,43127.60516,2287023.628,2017NUNS-,0.056501526
721.2803955,CANOE,2003,108316.1819,30613176.38,2003CANOE-,0.056617196
747.5327759,INDIAN,2008,17839.09215,4534864.183,2008INDIAN-,0.056930392
703.7399292,CZU LIGHTNING COMPLEX,2020,899769.2245,145650091,2020CZU LIGHTNING COMPLEX-,0.057387771
488.5145264,CZU LIGHTNING COMPLEX,2020,899769.2245,145650091,2020CZU LIGHTNING COMPLEX-,0.058223289
573.5289917,GLASS,2020,50252.06105,2263063.931,2020GLASS-,0.059674016
723.3283691,GLASS,2020,50252.06105,2263063.931,2020GLASS-,0.059674465
641.0803223,CZU LIGHTNING COMPLEX,2020,899769.2245,145650091,2020CZU LIGHTNING COMPLEX-,0.060385377
502.3925781,CZU LIGHTNING COMPLEX,2020,899769.2245,145650091,2020CZU LIGHTNING COMPLEX-,0.060986204
724.7033081,LODGE,2014,46471.6089,2165642.738,2014LODGE-,0.061689661
768.2038574,GLASS,2020,50252.06105,2263063.931,2020GLASS-,0.062388632
586.1901245,GLASS,2020,50252.06105,2263063.931,2020GLASS-,0.062879286
541.3543091,CANOE,2003,108316.1819,30613176.38,2003CANOE-,0.063085513
644.175354,CZU LIGHTNING COMPLEX,2020,899769.2245,145650091,2020CZU LIGHTNING COMPLEX-,0.06324004
562.6036987,CZU LIGHTNING COMPLEX,2020,899769.2245,145650091,2020CZU LIGHTNING COMPLEX-,0.063657495
630.4072876,CZU LIGHTNING COMPLEX,2020,899769.2245,145650091,2020CZU LIGHTNING COMPLEX-,0.065791872
736.015564,CANOE,2003,108316.1819,30613176.38,2003CANOE-,0.066222712
668.0126953,LODGE,2014,46471.6089,2165642.738,2014LODGE-,0.066436868
561.0648804,GLASS,2020,50252.06105,2263063.931,2020GLASS-,0.068530225
653.4829102,TUBBS,2017,17899.28548,937389.0541,2017TUBBS-,0.069982544
600.0117188,CZU LIGHTNING COMPLEX,2020,899769.2245,145650091,2020CZU LIGHTNING COMPLEX-,0.070061305
361.2917175,CZU LIGHTNING COMPLEX,2020,899769.2245,145650091,2020CZU LIGHTNING COMPLEX-,0.070918457
716.9118652,CZU LIGHTNING COMPLEX,2020,899769.2245,145650091,2020CZU LIGHTNING COMPLEX-,0.071126648
571.1668701,CZU LIGHTNING COMPLEX,2020,899769.2245,145650091,2020CZU LIGHTNING COMPLEX-,0.072165238
543.9730225,CZU LIGHTNING COMPLEX,2020,899769.2245,145650091,2020CZU LIGHTNING COMPLEX-,0.072310738
671.9141235,CZU LIGHTNING COMPLEX,2020,899769.2245,145650091,2020CZU LIGHTNING COMPLEX-,0.072659376
814.5475464,WALBRIDGE,2020,34685.12321,1970691.702,2020WALBRIDGE-,0.073099168
699.0852661,CHETCO BAR,2017,28687.64862,6998551.507,2017CHETCO BAR-,0.073344543
741.1624756,CANOE,2003,108316.1819,30613176.38,2003CANOE-,0.074062736
717.8876343,WALBRIDGE,2020,34685.12321,1970691.702,2020WALBRIDGE-,0.074198786
383.0005798,CZU LIGHTNING COMPLEX,2020,899769.2245,145650091,2020CZU LIGHTNING COMPLEX-,0.075261999
587.4938965,CZU LIGHTNING COMPLEX,2020,899769.2245,145650091,2020CZU LIGHTNING COMPLEX-,0.075321249
421.2559509,CZU LIGHTNING COMPLEX,2020,899769.2245,145650091,2020CZU LIGHTNING COMPLEX-,0.075609696
757.4125366,ORR SERIES,2008,22871.31682,1053586.59,2008ORR SERIES-,0.075609939
638.6640625,WALBRIDGE,2020,34685.12321,1970691.702,2020WALBRIDGE-,0.075735409
462.5578003,SUMMIT,2008,2565.669727,61444.2449,2008SUMMIT-,0.076124549
594.2771606,CZU LIGHTNING COMPLEX,2020,899769.2245,145650091,2020CZU LIGHTNING COMPLEX-,0.076543165
514.859436,CZU LIGHTNING COMPLEX,2020,899769.2245,145650091,2020CZU LIGHTNING COMPLEX-,0.076613225
712.0327759,LODGE,2014,46471.6089,2165642.738,2014LODGE-,0.076909902
610.4619751,WALBRIDGE,2020,34685.12321,1970691.702,2020WALBRIDGE-,0.076926862
648.1348877,LODGE,2014,46471.6089,2165642.738,2014LODGE-,0.076949668
638.2550659,GLASS,2020,50252.06105,2263063.931,2020GLASS-,0.080335323
429.3714294,GLASS,2020,50252.06105,2263063.931,2020GLASS-,0.080363946
344.1651917,CZU LIGHTNING COMPLEX,2020,899769.2245,145650091,2020CZU LIGHTNING COMPLEX-,0.080768727
651.932251,CZU LIGHTNING COMPLEX,2020,899769.2245,145650091,2020CZU LIGHTNING COMPLEX-,0.08085473
701.1078491,CZU LIGHTNING COMPLEX,2020,899769.2245,145650091,2020CZU LIGHTNING COMPLEX-,0.081001768
493.8720703,CZU LIGHTNING COMPLEX,2020,899769.2245,145650091,2020CZU LIGHTNING COMPLEX-,0.081219547
561.2406616,CZU LIGHTNING COMPLEX,2020,899769.2245,145650091,2020CZU LIGHTNING COMPLEX-,0.082507955
697.6038208,CZU LIGHTNING COMPLEX,2020,899769.2245,145650091,2020CZU LIGHTNING COMPLEX-,0.082987035
562.265686,CZU LIGHTNING COMPLEX,2020,899769.2245,145650091,2020CZU LIGHTNING COMPLEX-,0.083109594
626.2908325,NUNS,2017,43127.60516,2287023.628,2017NUNS-,0.08354793
491.2292786,CZU LIGHTNING COMPLEX,2020,899769.2245,145650091,2020CZU LIGHTNING COMPLEX-,0.083880502
504.3092651,CZU LIGHTNING COMPLEX,2020,899769.2245,145650091,2020CZU LIGHTNING COMPLEX-,0.085008275
465.6841125,GLASS,2020,50252.06105,2263063.931,2020GLASS-,0.086115851
502.0274048,NUNS,2017,43127.60516,2287023.628,2017NUNS-,0.086541197
683.088562,KINCADE,2019,5815.807036,310653.4472,2019KINCADE-,0.086942754
683.088562,TUBBS,2017,17899.28548,937389.0541,2017TUBBS-,0.086942754
624.6862183,CZU LIGHTNING COMPLEX,2020,899769.2245,145650091,2020CZU LIGHTNING COMPLEX-,0.088486058
731.527771,LODGE,2014,46471.6089,2165642.738,2014LODGE-,0.08910664
624.99646,CZU LIGHTNING COMPLEX,2020,899769.2245,145650091,2020CZU LIGHTNING COMPLEX-,0.090458358
776.6130371,NUNS,2017,43127.60516,2287023.628,2017NUNS-,0.09141284
743.3751221,LODGE,2014,46471.6089,2165642.738,2014LODGE-,0.092049232
697.6611938,GLASS,2020,50252.06105,2263063.931,2020GLASS-,0.094475432
476.7332764,NUNS,2017,43127.60516,2287023.628,2017NUNS-,0.095272742
571.4870605,CZU LIGHTNING COMPLEX,2020,899769.2245,145650091,2020CZU LIGHTNING COMPLEX-,0.095575367
727.6429443,CZU LIGHTNING COMPLEX,2020,899769.2245,145650091,2020CZU LIGHTNING COMPLEX-,0.095830769
723.3151855,CZU LIGHTNING COMPLEX,2020,899769.2245,145650091,2020CZU LIGHTNING COMPLEX-,0.097231861
587.1463013,MEYERS,2020,31666.98984,2323941.628,2020MEYERS-,0.09863962
448.0822144,CZU LIGHTNING COMPLEX,2020,899769.2245,145650091,2020CZU LIGHTNING COMPLEX-,0.100472344
718.9987793,CHETCO BAR,2017,28687.64862,6998551.507,2017CHETCO BAR-,0.100664731
423.9072571,GLASS,2020,50252.06105,2263063.931,2020GLASS-,0.101952266
433.9580994,CZU LIGHTNING COMPLEX,2020,899769.2245,145650091,2020CZU LIGHTNING COMPLEX-,0.10351435
563.2822266,CZU LIGHTNING COMPLEX,2020,899769.2245,145650091,2020CZU LIGHTNING COMPLEX-,0.103863629
494.1257935,CZU LIGHTNING COMPLEX,2020,899769.2245,145650091,2020CZU LIGHTNING COMPLEX-,0.104264292
620.6100464,CZU LIGHTNING COMPLEX,2020,899769.2245,145650091,2020CZU LIGHTNING COMPLEX-,0.104550872
718.3058472,CZU LIGHTNING COMPLEX,2020,899769.2245,145650091,2020CZU LIGHTNING COMPLEX-,0.104581422
582.5559692,CZU LIGHTNING COMPLEX,2020,899769.2245,145650091,2020CZU LIGHTNING COMPLEX-,0.105734836
711.9437256,NUNS,2017,43127.60516,2287023.628,2017NUNS-,0.106462047
714.055481,CZU LIGHTNING COMPLEX,2020,899769.2245,145650091,2020CZU LIGHTNING COMPLEX-,0.106493708
603.5571899,WALBRIDGE,2020,34685.12321,1970691.702,2020WALBRIDGE-,0.106507736
534.5488892,CZU LIGHTNING COMPLEX,2020,899769.2245,145650091,2020CZU LIGHTNING COMPLEX-,0.106798567
647.0390625,CZU LIGHTNING COMPLEX,2020,899769.2245,145650091,2020CZU LIGHTNING COMPLEX-,0.107352064
567.2263184,CZU LIGHTNING COMPLEX,2020,899769.2245,145650091,2020CZU LIGHTNING COMPLEX-,0.107509984
707.5338745,CZU LIGHTNING COMPLEX,2020,899769.2245,145650091,2020CZU LIGHTNING COMPLEX-,0.107865397
625.4191284,WALBRIDGE,2020,34685.12321,1970691.702,2020WALBRIDGE-,0.107991322
468.2704773,GLASS,2020,50252.06105,2263063.931,2020GLASS-,0.108260264
674.3001709,KINCADE,2019,5815.807036,310653.4472,2019KINCADE-,0.108429356
674.3001709,TUBBS,2017,17899.28548,937389.0541,2017TUBBS-,0.108429356
386.843811,CZU LIGHTNING COMPLEX,2020,899769.2245,145650091,2020CZU LIGHTNING COMPLEX-,0.108514701
673.352356,GLASS,2020,50252.06105,2263063.931,2020GLASS-,0.10963413
763.371521,TUBBS,2017,17899.28548,937389.0541,2017TUBBS-,0.111839096
524.621521,CZU LIGHTNING COMPLEX,2020,899769.2245,145650091,2020CZU LIGHTNING COMPLEX-,0.111909087
596.7005615,CZU LIGHTNING COMPLEX,2020,899769.2245,145650091,2020CZU LIGHTNING COMPLEX-,0.112296208
594.3349609,CANOE,2003,108316.1819,30613176.38,2003CANOE-,0.114598365
431.0209656,CZU LIGHTNING COMPLEX,2020,899769.2245,145650091,2020CZU LIGHTNING COMPLEX-,0.116146447
580.4851074,TUBBS,2017,17899.28548,937389.0541,2017TUBBS-,0.118090024
645.972229,CZU LIGHTNING COMPLEX,2020,899769.2245,145650091,2020CZU LIGHTNING COMPLEX-,0.120260282
503.6011353,CZU LIGHTNING COMPLEX,2020,899769.2245,145650091,2020CZU LIGHTNING COMPLEX-,0.121126718
646.1801147,CZU LIGHTNING COMPLEX,2020,899769.2245,145650091,2020CZU LIGHTNING COMPLEX-,0.121984311
570.2240601,CZU LIGHTNING COMPLEX,2020,899769.2245,145650091,2020CZU LIGHTNING COMPLEX-,0.122821828
741.8700562,INDIAN,2008,17839.09215,4534864.183,2008INDIAN-,0.125464397
610.2897949,CZU LIGHTNING COMPLEX,2020,899769.2245,145650091,2020CZU LIGHTNING COMPLEX-,0.125560548
601.2755127,CZU LIGHTNING COMPLEX,2020,899769.2245,145650091,2020CZU LIGHTNING COMPLEX-,0.126725653
574.9412842,LODGE,2014,46471.6089,2165642.738,2014LODGE-,0.129160417
650.7573853,CZU LIGHTNING COMPLEX,2020,899769.2245,145650091,2020CZU LIGHTNING COMPLEX-,0.129431613
715.4040527,MEYERS,2020,31666.98984,2323941.628,2020MEYERS-,0.129640522
701.6192017,CHETCO BAR,2017,28687.64862,6998551.507,2017CHETCO BAR-,0.130508437
626.8428955,MARTIN,2008,9673.019814,518372.6577,2008MARTIN-,0.131084925
688.6170044,LODGE,2014,46471.6089,2165642.738,2014LODGE-,0.131120353
622.3760376,GLASS,2020,50252.06105,2263063.931,2020GLASS-,0.133146391
449.5396118,WALBRIDGE,2020,34685.12321,1970691.702,2020WALBRIDGE-,0.133428287
546.7402954,CZU LIGHTNING COMPLEX,2020,899769.2245,145650091,2020CZU LIGHTNING COMPLEX-,0.133651138
709.9638672,CZU LIGHTNING COMPLEX,2020,899769.2245,145650091,2020CZU LIGHTNING COMPLEX-,0.1347488
724.197998,CZU LIGHTNING COMPLEX,2020,899769.2245,145650091,2020CZU LIGHTNING COMPLEX-,0.135047577
326.4922791,CZU LIGHTNING COMPLEX,2020,899769.2245,145650091,2020CZU LIGHTNING COMPLEX-,0.135132058
691.4368896,CZU LIGHTNING COMPLEX,2020,899769.2245,145650091,2020CZU LIGHTNING COMPLEX-,0.136149246
742.0016479,INDIAN,2008,17839.09215,4534864.183,2008INDIAN-,0.136220071
717.5095825,CANOE,2003,108316.1819,30613176.38,2003CANOE-,0.136693096
663.0407104,NUNS,2017,43127.60516,2287023.628,2017NUNS-,0.138620962
537.4606323,CZU LIGHTNING COMPLEX,2020,899769.2245,145650091,2020CZU LIGHTNING COMPLEX-,0.139754374
618.6664429,WALBRIDGE,2020,34685.12321,1970691.702,2020WALBRIDGE-,0.140332428
539.1260376,CZU LIGHTNING COMPLEX,2020,899769.2245,145650091,2020CZU LIGHTNING COMPLEX-,0.144432935
407.8043213,CZU LIGHTNING COMPLEX,2020,899769.2245,145650091,2020CZU LIGHTNING COMPLEX-,0.145005603
729.543457,ORR SERIES,2008,22871.31682,1053586.59,2008ORR SERIES-,0.146113085
574.7972412,GLASS,2020,50252.06105,2263063.931,2020GLASS-,0.1474865
708.6569214,CHETCO BAR,2017,28687.64862,6998551.507,2017CHETCO BAR-,0.148811432
342.6343079,CZU LIGHTNING COMPLEX,2020,899769.2245,145650091,2020CZU LIGHTNING COMPLEX-,0.148906023
593.4144897,CZU LIGHTNING COMPLEX,2020,899769.2245,145650091,2020CZU LIGHTNING COMPLEX-,0.14894416
762.0611572,CANOE,2003,108316.1819,30613176.38,2003CANOE-,0.149470688
594.8330078,GLASS,2020,50252.06105,2263063.931,2020GLASS-,0.150134936
572.7625122,CZU LIGHTNING COMPLEX,2020,899769.2245,145650091,2020CZU LIGHTNING COMPLEX-,0.150190745
658.6477051,MARTIN,2008,9673.019814,518372.6577,2008MARTIN-,0.150202897
525.1072998,CZU LIGHTNING COMPLEX,2020,899769.2245,145650091,2020CZU LIGHTNING COMPLEX-,0.15089725
568.0167236,CZU LIGHTNING COMPLEX,2020,899769.2245,145650091,2020CZU LIGHTNING COMPLEX-,0.151660093
691.4019165,CZU LIGHTNING COMPLEX,2020,899769.2245,145650091,2020CZU LIGHTNING COMPLEX-,0.152586186
714.7015991,LODGE,2014,46471.6089,2165642.738,2014LODGE-,0.152939709
715.6296387,CZU LIGHTNING COMPLEX,2020,899769.2245,145650091,2020CZU LIGHTNING COMPLEX-,0.153677634
763.371521,KINCADE,2019,5815.807036,310653.4472,2019KINCADE-,0.154385386
659.9302979,CZU LIGHTNING COMPLEX,2020,899769.2245,145650091,2020CZU LIGHTNING COMPLEX-,0.156494633
532.4039917,CZU LIGHTNING COMPLEX,2020,899769.2245,145650091,2020CZU LIGHTNING COMPLEX-,0.160216769
541.3463745,CZU LIGHTNING COMPLEX,2020,899769.2245,145650091,2020CZU LIGHTNING COMPLEX-,0.160459547
651.6726685,CZU LIGHTNING COMPLEX,2020,899769.2245,145650091,2020CZU LIGHTNING COMPLEX-,0.163277858
718.2039185,CANOE,2003,108316.1819,30613176.38,2003CANOE-,0.1652932
651.5616455,LODGE,2014,46471.6089,2165642.738,2014LODGE-,0.167779575
486.5517578,SUMMIT,2008,2565.669727,61444.2449,2008SUMMIT-,0.168767239
403.7940674,CZU LIGHTNING COMPLEX,2020,899769.2245,145650091,2020CZU LIGHTNING COMPLEX-,0.170084733
725.8253174,LODGE,2014,46471.6089,2165642.738,2014LODGE-,0.17044081
726.6793213,WALBRIDGE,2020,34685.12321,1970691.702,2020WALBRIDGE-,0.170782897
713.7102661,ORR SERIES,2008,22871.31682,1053586.59,2008ORR SERIES-,0.170943385
720.2476196,WALBRIDGE,2020,34685.12321,1970691.702,2020WALBRIDGE-,0.171577809
642.2252197,CZU LIGHTNING COMPLEX,2020,899769.2245,145650091,2020CZU LIGHTNING COMPLEX-,0.172278781
400.8995056,CZU LIGHTNING COMPLEX,2020,899769.2245,145650091,2020CZU LIGHTNING COMPLEX-,0.17313099
585.3519897,CZU LIGHTNING COMPLEX,2020,899769.2245,145650091,2020CZU LIGHTNING COMPLEX-,0.173665236
495.7859497,CANOE,2003,108316.1819,30613176.38,2003CANOE-,0.175935979
602.8996582,WALBRIDGE,2020,34685.12321,1970691.702,2020WALBRIDGE-,0.176349797
643.5701294,CZU LIGHTNING COMPLEX,2020,899769.2245,145650091,2020CZU LIGHTNING COMPLEX-,0.178042676
678.661499,CZU LIGHTNING COMPLEX,2020,899769.2245,145650091,2020CZU LIGHTNING COMPLEX-,0.178664568
561.0997925,CZU LIGHTNING COMPLEX,2020,899769.2245,145650091,2020CZU LIGHTNING COMPLEX-,0.179236552
544.4838257,CZU LIGHTNING COMPLEX,2020,899769.2245,145650091,2020CZU LIGHTNING COMPLEX-,0.179764367
628.1185303,LODGE,2014,46471.6089,2165642.738,2014LODGE-,0.180617521
525.8034058,CZU LIGHTNING COMPLEX,2020,899769.2245,145650091,2020CZU LIGHTNING COMPLEX-,0.18144412
693.4060059,GLASS,2020,50252.06105,2263063.931,2020GLASS-,0.181643623
581.7669067,CZU LIGHTNING COMPLEX,2020,899769.2245,145650091,2020CZU LIGHTNING COMPLEX-,0.188478872
576.1595459,CZU LIGHTNING COMPLEX,2020,899769.2245,145650091,2020CZU LIGHTNING COMPLEX-,0.188569095
748.2381592,KINCADE,2019,5815.807036,310653.4472,2019KINCADE-,0.18911054
748.2381592,TUBBS,2017,17899.28548,937389.0541,2017TUBBS-,0.18911054
637.776001,GLASS,2020,50252.06105,2263063.931,2020GLASS-,0.18950473
749.3460693,CZU LIGHTNING COMPLEX,2020,899769.2245,145650091,2020CZU LIGHTNING COMPLEX-,0.192688494
384.4985657,CZU LIGHTNING COMPLEX,2020,899769.2245,145650091,2020CZU LIGHTNING COMPLEX-,0.193175275
710.1494751,CANOE,2003,108316.1819,30613176.38,2003CANOE-,0.193761675
545.1233521,CZU LIGHTNING COMPLEX,2020,899769.2245,145650091,2020CZU LIGHTNING COMPLEX-,0.19410868
631.7996216,CZU LIGHTNING COMPLEX,2020,899769.2245,145650091,2020CZU LIGHTNING COMPLEX-,0.195015462
564.2121582,CZU LIGHTNING COMPLEX,2020,899769.2245,145650091,2020CZU LIGHTNING COMPLEX-,0.195154404
573.0690918,CZU LIGHTNING COMPLEX,2020,899769.2245,145650091,2020CZU LIGHTNING COMPLEX-,0.195482922
471.432373,CZU LIGHTNING COMPLEX,2020,899769.2245,145650091,2020CZU LIGHTNING COMPLEX-,0.195736994
675.8867798,LODGE,2014,46471.6089,2165642.738,2014LODGE-,0.195872573
657.0984497,LODGE,2014,46471.6089,2165642.738,2014LODGE-,0.196215139
509.6440735,CZU LIGHTNING COMPLEX,2020,899769.2245,145650091,2020CZU LIGHTNING COMPLEX-,0.196725299
653.9437256,WALBRIDGE,2020,34685.12321,1970691.702,2020WALBRIDGE-,0.197612013
655.4088135,CZU LIGHTNING COMPLEX,2020,899769.2245,145650091,2020CZU LIGHTNING COMPLEX-,0.197742083
690.2921143,LODGE,2014,46471.6089,2165642.738,2014LODGE-,0.199373879
486.0882874,CZU LIGHTNING COMPLEX,2020,899769.2245,145650091,2020CZU LIGHTNING COMPLEX-,0.199967376
588.1279297,CZU LIGHTNING COMPLEX,2020,899769.2245,145650091,2020CZU LIGHTNING COMPLEX-,0.200093818
674.4963379,GLASS,2020,50252.06105,2263063.931,2020GLASS-,0.202207711
674.4963379,NUNS,2017,43127.60516,2287023.628,2017NUNS-,0.202207711
696.6040649,CANOE,2003,108316.1819,30613176.38,2003CANOE-,0.203261566
754.539917,WALBRIDGE,2020,34685.12321,1970691.702,2020WALBRIDGE-,0.203455613
734.7106934,GLASS,2020,50252.06105,2263063.931,2020GLASS-,0.203833977
734.7106934,NUNS,2017,43127.60516,2287023.628,2017NUNS-,0.203833977
749.5518799,CANOE,2003,108316.1819,30613176.38,2003CANOE-,0.204031057
740.4368896,GLASS,2020,50252.06105,2263063.931,2020GLASS-,0.204955205
537.6409912,GLASS,2020,50252.06105,2263063.931,2020GLASS-,0.206293823
612.7417603,CZU LIGHTNING COMPLEX,2020,899769.2245,145650091,2020CZU LIGHTNING COMPLEX-,0.206753032
577.8114624,CZU LIGHTNING COMPLEX,2020,899769.2245,145650091,2020CZU LIGHTNING COMPLEX-,0.208803296
589.8162231,WALBRIDGE,2020,34685.12321,1970691.702,2020WALBRIDGE-,0.20975647
803.3569336,GLASS,2020,50252.06105,2263063.931,2020GLASS-,0.210919865
504.6927795,NUNS,2017,43127.60516,2287023.628,2017NUNS-,0.211094288
698.7987061,CANOE,2003,108316.1819,30613176.38,2003CANOE-,0.211318958
547.229187,CZU LIGHTNING COMPLEX,2020,899769.2245,145650091,2020CZU LIGHTNING COMPLEX-,0.211456276
683.81427,CANOE,2003,108316.1819,30613176.38,2003CANOE-,0.213207765
721.2736816,MEYERS,2020,31666.98984,2323941.628,2020MEYERS-,0.213415525
340.451416,CZU LIGHTNING COMPLEX,2020,899769.2245,145650091,2020CZU LIGHTNING COMPLEX-,0.213872056
638.6322632,CZU LIGHTNING COMPLEX,2020,899769.2245,145650091,2020CZU LIGHTNING COMPLEX-,0.216580967
616.7345581,CZU LIGHTNING COMPLEX,2020,899769.2245,145650091,2020CZU LIGHTNING COMPLEX-,0.221931728
700.2850342,CHETCO BAR,2017,28687.64862,6998551.507,2017CHETCO BAR-,0.222545558
624.791748,CZU LIGHTNING COMPLEX,2020,899769.2245,145650091,2020CZU LIGHTNING COMPLEX-,0.223316713
695.3723145,CZU LIGHTNING COMPLEX,2020,899769.2245,145650091,2020CZU LIGHTNING COMPLEX-,0.223553967
712.4921875,CANOE,2003,108316.1819,30613176.38,2003CANOE-,0.224073101
652.5142212,CZU LIGHTNING COMPLEX,2020,899769.2245,145650091,2020CZU LIGHTNING COMPLEX-,0.224277153
340.3450012,CZU LIGHTNING COMPLEX,2020,899769.2245,145650091,2020CZU LIGHTNING COMPLEX-,0.224480667
562.3397217,CZU LIGHTNING COMPLEX,2020,899769.2245,145650091,2020CZU LIGHTNING COMPLEX-,0.225576712
647.0802612,CZU LIGHTNING COMPLEX,2020,899769.2245,145650091,2020CZU LIGHTNING COMPLEX-,0.226414445
727.6698608,CHETCO BAR,2017,28687.64862,6998551.507,2017CHETCO BAR-,0.227685805
651.9655762,CZU LIGHTNING COMPLEX,2020,899769.2245,145650091,2020CZU LIGHTNING COMPLEX-,0.22966796
646.9667969,CANOE,2003,108316.1819,30613176.38,2003CANOE-,0.229798513
670.3948364,LODGE,2014,46471.6089,2165642.738,2014LODGE-,0.229862371
585.5291748,GLASS,2020,50252.06105,2263063.931,2020GLASS-,0.230387773
570.0561523,CZU LIGHTNING COMPLEX,2020,899769.2245,145650091,2020CZU LIGHTNING COMPLEX-,0.23112689
612.6228638,CZU LIGHTNING COMPLEX,2020,899769.2245,145650091,2020CZU LIGHTNING COMPLEX-,0.231135657
375.770752,CZU LIGHTNING COMPLEX,2020,899769.2245,145650091,2020CZU LIGHTNING COMPLEX-,0.232144221
660.3426514,WALBRIDGE,2020,34685.12321,1970691.702,2020WALBRIDGE-,0.232766042
578.2940674,CZU LIGHTNING COMPLEX,2020,899769.2245,145650091,2020CZU LIGHTNING COMPLEX-,0.233321375
541.5800781,CZU LIGHTNING COMPLEX,2020,899769.2245,145650091,2020CZU LIGHTNING COMPLEX-,0.233845823
618.6417847,NUNS,2017,43127.60516,2287023.628,2017NUNS-,0.235469208
705.9695435,CHETCO BAR,2017,28687.64862,6998551.507,2017CHETCO BAR-,0.235673344
631.1978149,CZU LIGHTNING COMPLEX,2020,899769.2245,145650091,2020CZU LIGHTNING COMPLEX-,0.237715561
509.2726746,LODGE,2014,46471.6089,2165642.738,2014LODGE-,0.23962443
683.2918701,CZU LIGHTNING COMPLEX,2020,899769.2245,145650091,2020CZU LIGHTNING COMPLEX-,0.239672978
649.4616699,CZU LIGHTNING COMPLEX,2020,899769.2245,145650091,2020CZU LIGHTNING COMPLEX-,0.241695548
645.1488647,GLASS,2020,50252.06105,2263063.931,2020GLASS-,0.243397442
752.4595947,GLASS,2020,50252.06105,2263063.931,2020GLASS-,0.247299785
628.3989868,LODGE,2014,46471.6089,2165642.738,2014LODGE-,0.247692281
703.1417847,CANOE,2003,108316.1819,30613176.38,2003CANOE-,0.249631964
466.1612244,CZU LIGHTNING COMPLEX,2020,899769.2245,145650091,2020CZU LIGHTNING COMPLEX-,0.250865566
474.8392029,NUNS,2017,43127.60516,2287023.628,2017NUNS-,0.251061104
266.9343567,GLASS,2020,50252.06105,2263063.931,2020GLASS-,0.25269438
475.8343811,NUNS,2017,43127.60516,2287023.628,2017NUNS-,0.256228803
619.4118042,GLASS,2020,50252.06105,2263063.931,2020GLASS-,0.256974251
527.6978149,CZU LIGHTNING COMPLEX,2020,899769.2245,145650091,2020CZU LIGHTNING COMPLEX-,0.257967163
756.1106567,CANOE,2003,108316.1819,30613176.38,2003CANOE-,0.261083037
686.277832,CZU LIGHTNING COMPLEX,2020,899769.2245,145650091,2020CZU LIGHTNING COMPLEX-,0.26175431
683.1309204,LODGE,2014,46471.6089,2165642.738,2014LODGE-,0.262664523
572.6525269,CZU LIGHTNING COMPLEX,2020,899769.2245,145650091,2020CZU LIGHTNING COMPLEX-,0.26367917
616.5393677,CZU LIGHTNING COMPLEX,2020,899769.2245,145650091,2020CZU LIGHTNING COMPLEX-,0.265086231
680.4497681,CZU LIGHTNING COMPLEX,2020,899769.2245,145650091,2020CZU LIGHTNING COMPLEX-,0.2652475
570.3960571,CZU LIGHTNING COMPLEX,2020,899769.2245,145650091,2020CZU LIGHTNING COMPLEX-,0.266256402
568.7484741,CZU LIGHTNING COMPLEX,2020,899769.2245,145650091,2020CZU LIGHTNING COMPLEX-,0.267302785
701.8014526,LODGE,2014,46471.6089,2165642.738,2014LODGE-,0.267685654
697.6582031,NUNS,2017,43127.60516,2287023.628,2017NUNS-,0.267896443
605.2975464,NUNS,2017,43127.60516,2287023.628,2017NUNS-,0.268031263
531.4769287,CZU LIGHTNING COMPLEX,2020,899769.2245,145650091,2020CZU LIGHTNING COMPLEX-,0.268664239
568.3135986,CZU LIGHTNING COMPLEX,2020,899769.2245,145650091,2020CZU LIGHTNING COMPLEX-,0.2699997
714.9434204,CHETCO BAR,2017,28687.64862,6998551.507,2017CHETCO BAR-,0.270684816
658.5575562,LODGE,2014,46471.6089,2165642.738,2014LODGE-,0.271981369
523.4888916,CZU LIGHTNING COMPLEX,2020,899769.2245,145650091,2020CZU LIGHTNING COMPLEX-,0.2747486
604.4341431,MEYERS,2020,31666.98984,2323941.628,2020MEYERS-,0.275812361
580.2738037,CZU LIGHTNING COMPLEX,2020,899769.2245,145650091,2020CZU LIGHTNING COMPLEX-,0.277900462
490.5121155,CZU LIGHTNING COMPLEX,2020,899769.2245,145650091,2020CZU LIGHTNING COMPLEX-,0.278198682
595.512085,CZU LIGHTNING COMPLEX,2020,899769.2245,145650091,2020CZU LIGHTNING COMPLEX-,0.283425605
687.6307373,CANOE,2003,108316.1819,30613176.38,2003CANOE-,0.28494411
581.4563599,NUNS,2017,43127.60516,2287023.628,2017NUNS-,0.284965121
741.5533447,CANOE,2003,108316.1819,30613176.38,2003CANOE-,0.285607618
569.8736572,CZU LIGHTNING COMPLEX,2020,899769.2245,145650091,2020CZU LIGHTNING COMPLEX-,0.287834726
622.088623,CZU LIGHTNING COMPLEX,2020,899769.2245,145650091,2020CZU LIGHTNING COMPLEX-,0.288760907
725.506958,GLASS,2020,50252.06105,2263063.931,2020GLASS-,0.290122341
633.3632813,LODGE,2014,46471.6089,2165642.738,2014LODGE-,0.291089942
640.7944946,CANOE,2003,108316.1819,30613176.38,2003CANOE-,0.292620811
658.3535767,TUBBS,2017,17899.28548,937389.0541,2017TUBBS-,0.293015262
648.8480835,CZU LIGHTNING COMPLEX,2020,899769.2245,145650091,2020CZU LIGHTNING COMPLEX-,0.296580886
440.4814148,CZU LIGHTNING COMPLEX,2020,899769.2245,145650091,2020CZU LIGHTNING COMPLEX-,0.298060714
710.5283813,LODGE,2014,46471.6089,2165642.738,2014LODGE-,0.298204547
605.802063,GLASS,2020,50252.06105,2263063.931,2020GLASS-,0.299377065
562.2191772,CZU LIGHTNING COMPLEX,2020,899769.2245,145650091,2020CZU LIGHTNING COMPLEX-,0.306198682
521.0742798,CZU LIGHTNING COMPLEX,2020,899769.2245,145650091,2020CZU LIGHTNING COMPLEX-,0.306560143
611.4684448,TUBBS,2017,17899.28548,937389.0541,2017TUBBS-,0.309154286
654.9089966,CZU LIGHTNING COMPLEX,2020,899769.2245,145650091,2020CZU LIGHTNING COMPLEX-,0.310066252
631.309082,CZU LIGHTNING COMPLEX,2020,899769.2245,145650091,2020CZU LIGHTNING COMPLEX-,0.311577794
636.8334351,MARTIN,2008,9673.019814,518372.6577,2008MARTIN-,0.312294831
495.9016113,CZU LIGHTNING COMPLEX,2020,899769.2245,145650091,2020CZU LIGHTNING COMPLEX-,0.312872691
474.1933899,CZU LIGHTNING COMPLEX,2020,899769.2245,145650091,2020CZU LIGHTNING COMPLEX-,0.31719412
696.3379517,CZU LIGHTNING COMPLEX,2020,899769.2245,145650091,2020CZU LIGHTNING COMPLEX-,0.32166164
702.2874146,WALBRIDGE,2020,34685.12321,1970691.702,2020WALBRIDGE-,0.321999778
670.1821289,CZU LIGHTNING COMPLEX,2020,899769.2245,145650091,2020CZU LIGHTNING COMPLEX-,0.327411302
614.6963501,LODGE,2014,46471.6089,2165642.738,2014LODGE-,0.328345048
542.692627,CZU LIGHTNING COMPLEX,2020,899769.2245,145650091,2020CZU LIGHTNING COMPLEX-,0.328641001
433.8733521,CZU LIGHTNING COMPLEX,2020,899769.2245,145650091,2020CZU LIGHTNING COMPLEX-,0.329580429
549.5946655,CZU LIGHTNING COMPLEX,2020,899769.2245,145650091,2020CZU LIGHTNING COMPLEX-,0.330009767
652.0217285,CHETCO BAR,2017,28687.64862,6998551.507,2017CHETCO BAR-,0.331525836
731.9685669,NAVARRO,2008,11911.63913,1762893.727,2008NAVARRO-,0.335627516
610.4091797,ORR SERIES,2008,22871.31682,1053586.59,2008ORR SERIES-,0.339712622
749.4800415,MEYERS,2020,31666.98984,2323941.628,2020MEYERS-,0.340672081
708.9736328,CZU LIGHTNING COMPLEX,2020,899769.2245,145650091,2020CZU LIGHTNING COMPLEX-,0.340894492
702.3032227,ORR SERIES,2008,22871.31682,1053586.59,2008ORR SERIES-,0.341314764
540.8609619,GLASS,2020,50252.06105,2263063.931,2020GLASS-,0.342263878
565.3175049,CHETCO BAR,2017,28687.64862,6998551.507,2017CHETCO BAR-,0.342726181
617.2700195,SUMMIT,2008,2565.669727,61444.2449,2008SUMMIT-,0.342810896
630.7516479,CZU LIGHTNING COMPLEX,2020,899769.2245,145650091,2020CZU LIGHTNING COMPLEX-,0.34327649
768.0880127,WALBRIDGE,2020,34685.12321,1970691.702,2020WALBRIDGE-,0.34560737
533.3931274,CZU LIGHTNING COMPLEX,2020,899769.2245,145650091,2020CZU LIGHTNING COMPLEX-,0.34562937
474.412262,CZU LIGHTNING COMPLEX,2020,899769.2245,145650091,2020CZU LIGHTNING COMPLEX-,0.349091243
489.0156555,NUNS,2017,43127.60516,2287023.628,2017NUNS-,0.350260761
529.8639526,NUNS,2017,43127.60516,2287023.628,2017NUNS-,0.351605501
359.5750122,CZU LIGHTNING COMPLEX,2020,899769.2245,145650091,2020CZU LIGHTNING COMPLEX-,0.354988626
716.3574219,LODGE,2014,46471.6089,2165642.738,2014LODGE-,0.355455936
665.5175171,CZU LIGHTNING COMPLEX,2020,899769.2245,145650091,2020CZU LIGHTNING COMPLEX-,0.35599235
547.4649658,LODGE,2014,46471.6089,2165642.738,2014LODGE-,0.357160723
547.4465942,CZU LIGHTNING COMPLEX,2020,899769.2245,145650091,2020CZU LIGHTNING COMPLEX-,0.357173193
694.3803101,CZU LIGHTNING COMPLEX,2020,899769.2245,145650091,2020CZU LIGHTNING COMPLEX-,0.357536619
678.135498,CZU LIGHTNING COMPLEX,2020,899769.2245,145650091,2020CZU LIGHTNING COMPLEX-,0.358030621
614.3109741,CZU LIGHTNING COMPLEX,2020,899769.2245,145650091,2020CZU LIGHTNING COMPLEX-,0.358135933
668.53479,MEYERS,2020,31666.98984,2323941.628,2020MEYERS-,0.358440658
527.7817993,CZU LIGHTNING COMPLEX,2020,899769.2245,145650091,2020CZU LIGHTNING COMPLEX-,0.358711432
698.2509766,TUBBS,2017,17899.28548,937389.0541,2017TUBBS-,0.363146531
551.321167,CZU LIGHTNING COMPLEX,2020,899769.2245,145650091,2020CZU LIGHTNING COMPLEX-,0.364055027
749.2453003,MEYERS,2020,31666.98984,2323941.628,2020MEYERS-,0.364583829
662.1859741,ORR SERIES,2008,22871.31682,1053586.59,2008ORR SERIES-,0.367590924
551.1547852,NUNS,2017,43127.60516,2287023.628,2017NUNS-,0.367658512
557.1052856,GLASS,2020,50252.06105,2263063.931,2020GLASS-,0.367680439
557.1052856,NUNS,2017,43127.60516,2287023.628,2017NUNS-,0.367680439
636.4395752,CZU LIGHTNING COMPLEX,2020,899769.2245,145650091,2020CZU LIGHTNING COMPLEX-,0.368571654
699.0823975,WALBRIDGE,2020,34685.12321,1970691.702,2020WALBRIDGE-,0.368882549
583.8312988,NUNS,2017,43127.60516,2287023.628,2017NUNS-,0.371288347
665.2453613,LODGE,2014,46471.6089,2165642.738,2014LODGE-,0.373817853
306.3396301,CZU LIGHTNING COMPLEX,2020,899769.2245,145650091,2020CZU LIGHTNING COMPLEX-,0.373990783
529.0797119,NUNS,2017,43127.60516,2287023.628,2017NUNS-,0.374084998
614.6085205,CANOE,2003,108316.1819,30613176.38,2003CANOE-,0.374573065
644.413269,CZU LIGHTNING COMPLEX,2020,899769.2245,145650091,2020CZU LIGHTNING COMPLEX-,0.377330882
751.1170654,GLASS,2020,50252.06105,2263063.931,2020GLASS-,0.380178853
720.5317383,GLASS,2020,50252.06105,2263063.931,2020GLASS-,0.382202178
567.9239502,NUNS,2017,43127.60516,2287023.628,2017NUNS-,0.386307129
647.6557007,CZU LIGHTNING COMPLEX,2020,899769.2245,145650091,2020CZU LIGHTNING COMPLEX-,0.389296545
671.6282349,CANOE,2003,108316.1819,30613176.38,2003CANOE-,0.389628546
517.8917236,CZU LIGHTNING COMPLEX,2020,899769.2245,145650091,2020CZU LIGHTNING COMPLEX-,0.390632867
475.105835,NUNS,2017,43127.60516,2287023.628,2017NUNS-,0.392007121
713.8308105,CHETCO BAR,2017,28687.64862,6998551.507,2017CHETCO BAR-,0.392080561
734.9699097,INDIAN,2008,17839.09215,4534864.183,2008INDIAN-,0.392983133
762.3788452,WALBRIDGE,2020,34685.12321,1970691.702,2020WALBRIDGE-,0.393045873
727.0227051,NAVARRO,2008,11911.63913,1762893.727,2008NAVARRO-,0.393593893
673.9124146,CZU LIGHTNING COMPLEX,2020,899769.2245,145650091,2020CZU LIGHTNING COMPLEX-,0.395683168
698.2509766,KINCADE,2019,5815.807036,310653.4472,2019KINCADE-,0.398289585
443.1806946,CZU LIGHTNING COMPLEX,2020,899769.2245,145650091,2020CZU LIGHTNING COMPLEX-,0.399990102
599.8500366,CZU LIGHTNING COMPLEX,2020,899769.2245,145650091,2020CZU LIGHTNING COMPLEX-,0.402818579
669.4058838,ORR SERIES,2008,22871.31682,1053586.59,2008ORR SERIES-,0.406725965
474.390564,CZU LIGHTNING COMPLEX,2020,899769.2245,145650091,2020CZU LIGHTNING COMPLEX-,0.411266266
706.1444702,CZU LIGHTNING COMPLEX,2020,899769.2245,145650091,2020CZU LIGHTNING COMPLEX-,0.413200297
534.7342529,CZU LIGHTNING COMPLEX,2020,899769.2245,145650091,2020CZU LIGHTNING COMPLEX-,0.413625448
767.4338379,GLASS,2020,50252.06105,2263063.931,2020GLASS-,0.415945117
691.4321899,CANOE,2003,108316.1819,30613176.38,2003CANOE-,0.41682873
701.4396362,WALBRIDGE,2020,34685.12321,1970691.702,2020WALBRIDGE-,0.419521807
612.5794067,CZU LIGHTNING COMPLEX,2020,899769.2245,145650091,2020CZU LIGHTNING COMPLEX-,0.422087055
657.1054688,KINCADE,2019,5815.807036,310653.4472,2019KINCADE-,0.422219441
657.1054688,TUBBS,2017,17899.28548,937389.0541,2017TUBBS-,0.422219441
411.6481934,CZU LIGHTNING COMPLEX,2020,899769.2245,145650091,2020CZU LIGHTNING COMPLEX-,0.424377184
513.8766479,CZU LIGHTNING COMPLEX,2020,899769.2245,145650091,2020CZU LIGHTNING COMPLEX-,0.425059479
563.6259766,CZU LIGHTNING COMPLEX,2020,899769.2245,145650091,2020CZU LIGHTNING COMPLEX-,0.431627959
669.666687,LODGE,2014,46471.6089,2165642.738,2014LODGE-,0.432416732
460.3016052,CZU LIGHTNING COMPLEX,2020,899769.2245,145650091,2020CZU LIGHTNING COMPLEX-,0.43538777
698.1604004,WALBRIDGE,2020,34685.12321,1970691.702,2020WALBRIDGE-,0.43705876
666.5028076,CZU LIGHTNING COMPLEX,2020,899769.2245,145650091,2020CZU LIGHTNING COMPLEX-,0.437393097
624.480896,CZU LIGHTNING COMPLEX,2020,899769.2245,145650091,2020CZU LIGHTNING COMPLEX-,0.439564197
722.5122681,GLASS,2020,50252.06105,2263063.931,2020GLASS-,0.439802182
722.5122681,NUNS,2017,43127.60516,2287023.628,2017NUNS-,0.439802182
673.6288452,NUNS,2017,43127.60516,2287023.628,2017NUNS-,0.440580237
734.2637939,INDIAN,2008,17839.09215,4534864.183,2008INDIAN-,0.440661921
657.9196777,LODGE,2014,46471.6089,2165642.738,2014LODGE-,0.441682748
716.3094482,NUNS,2017,43127.60516,2287023.628,2017NUNS-,0.445564198
463.6201172,CZU LIGHTNING COMPLEX,2020,899769.2245,145650091,2020CZU LIGHTNING COMPLEX-,0.448908619
584.1710205,GLASS,2020,50252.06105,2263063.931,2020GLASS-,0.453709939
681.3381958,CZU LIGHTNING COMPLEX,2020,899769.2245,145650091,2020CZU LIGHTNING COMPLEX-,0.453931282
643.5298462,CZU LIGHTNING COMPLEX,2020,899769.2245,145650091,2020CZU LIGHTNING COMPLEX-,0.453941766
437.271759,CZU LIGHTNING COMPLEX,2020,899769.2245,145650091,2020CZU LIGHTNING COMPLEX-,0.454585016
740.4324341,INDIAN,2008,17839.09215,4534864.183,2008INDIAN-,0.454728464
712.7692871,LODGE,2014,46471.6089,2165642.738,2014LODGE-,0.456428969
564.3242798,CZU LIGHTNING COMPLEX,2020,899769.2245,145650091,2020CZU LIGHTNING COMPLEX-,0.458882624
387.0076599,CZU LIGHTNING COMPLEX,2020,899769.2245,145650091,2020CZU LIGHTNING COMPLEX-,0.459059
315.3041077,CZU LIGHTNING COMPLEX,2020,899769.2245,145650091,2020CZU LIGHTNING COMPLEX-,0.459584366
664.8887329,CZU LIGHTNING COMPLEX,2020,899769.2245,145650091,2020CZU LIGHTNING COMPLEX-,0.460760799
708.2921143,LODGE,2014,46471.6089,2165642.738,2014LODGE-,0.463729143
464.2938538,CZU LIGHTNING COMPLEX,2020,899769.2245,145650091,2020CZU LIGHTNING COMPLEX-,0.465426098
574.913208,CZU LIGHTNING COMPLEX,2020,899769.2245,145650091,2020CZU LIGHTNING COMPLEX-,0.465724272
646.2648315,GLASS,2020,50252.06105,2263063.931,2020GLASS-,0.466340463
547.4783325,NUNS,2017,43127.60516,2287023.628,2017NUNS-,0.469062289
476.6744995,TUBBS,2017,17899.28548,937389.0541,2017TUBBS-,0.470419414
641.8959961,WALBRIDGE,2020,34685.12321,1970691.702,2020WALBRIDGE-,0.471410089
791.7973633,GLASS,2020,50252.06105,2263063.931,2020GLASS-,0.474021003
683.5889893,CZU LIGHTNING COMPLEX,2020,899769.2245,145650091,2020CZU LIGHTNING COMPLEX-,0.474305315
804.9732666,WALBRIDGE,2020,34685.12321,1970691.702,2020WALBRIDGE-,0.475840909
656.8757324,GLASS,2020,50252.06105,2263063.931,2020GLASS-,0.486099225
570.3739624,MEYERS,2020,31666.98984,2323941.628,2020MEYERS-,0.487912001
620.4389038,CZU LIGHTNING COMPLEX,2020,899769.2245,145650091,2020CZU LIGHTNING COMPLEX-,0.489566701
651.3487549,LODGE,2014,46471.6089,2165642.738,2014LODGE-,0.490059216
749.0669556,CZU LIGHTNING COMPLEX,2020,899769.2245,145650091,2020CZU LIGHTNING COMPLEX-,0.492254278
615.7709961,CZU LIGHTNING COMPLEX,2020,899769.2245,145650091,2020CZU LIGHTNING COMPLEX-,0.493747093
561.692688,CZU LIGHTNING COMPLEX,2020,899769.2245,145650091,2020CZU LIGHTNING COMPLEX-,0.49544313
695.2435303,CZU LIGHTNING COMPLEX,2020,899769.2245,145650091,2020CZU LIGHTNING COMPLEX-,0.497588813
688.0105591,LODGE,2014,46471.6089,2165642.738,2014LODGE-,0.498455583
415.4111328,CZU LIGHTNING COMPLEX,2020,899769.2245,145650091,2020CZU LIGHTNING COMPLEX-,0.501971474
715.6386719,CHETCO BAR,2017,28687.64862,6998551.507,2017CHETCO BAR-,0.504646042
537.4640503,MEYERS,2020,31666.98984,2323941.628,2020MEYERS-,0.505405109
692.7941895,LODGE,2014,46471.6089,2165642.738,2014LODGE-,0.507976537
621.4083252,MEYERS,2020,31666.98984,2323941.628,2020MEYERS-,0.512124096
483.9291992,WALBRIDGE,2020,34685.12321,1970691.702,2020WALBRIDGE-,0.512359366
661.6062622,CANOE,2003,108316.1819,30613176.38,2003CANOE-,0.51484424
549.8180542,CZU LIGHTNING COMPLEX,2020,899769.2245,145650091,2020CZU LIGHTNING COMPLEX-,0.515604112
650.4067993,GLASS,2020,50252.06105,2263063.931,2020GLASS-,0.523625782
693.869873,MEYERS,2020,31666.98984,2323941.628,2020MEYERS-,0.524783919
696.472229,ORR SERIES,2008,22871.31682,1053586.59,2008ORR SERIES-,0.525189092
751.4320068,GLASS,2020,50252.06105,2263063.931,2020GLASS-,0.526960466
454.9970398,TUBBS,2017,17899.28548,937389.0541,2017TUBBS-,0.529850334
627.7584839,WALBRIDGE,2020,34685.12321,1970691.702,2020WALBRIDGE-,0.530446925
477.1546326,CZU LIGHTNING COMPLEX,2020,899769.2245,145650091,2020CZU LIGHTNING COMPLEX-,0.531654191
496.5975342,CZU LIGHTNING COMPLEX,2020,899769.2245,145650091,2020CZU LIGHTNING COMPLEX-,0.534308123
661.4970703,CZU LIGHTNING COMPLEX,2020,899769.2245,145650091,2020CZU LIGHTNING COMPLEX-,0.537195552
576.5184326,NUNS,2017,43127.60516,2287023.628,2017NUNS-,0.537238003
573.7591553,WALBRIDGE,2020,34685.12321,1970691.702,2020WALBRIDGE-,0.538640122
716.5031738,CHETCO BAR,2017,28687.64862,6998551.507,2017CHETCO BAR-,0.539239189
660.0587769,LODGE,2014,46471.6089,2165642.738,2014LODGE-,0.539327969
532.3630371,GLASS,2020,50252.06105,2263063.931,2020GLASS-,0.541686693
692.1824341,CHETCO BAR,2017,28687.64862,6998551.507,2017CHETCO BAR-,0.542096267
710.6016846,CZU LIGHTNING COMPLEX,2020,899769.2245,145650091,2020CZU LIGHTNING COMPLEX-,0.543917109
557.6737671,CZU LIGHTNING COMPLEX,2020,899769.2245,145650091,2020CZU LIGHTNING COMPLEX-,0.544420997
624.0958862,CZU LIGHTNING COMPLEX,2020,899769.2245,145650091,2020CZU LIGHTNING COMPLEX-,0.545623201
565.2302246,CZU LIGHTNING COMPLEX,2020,899769.2245,145650091,2020CZU LIGHTNING COMPLEX-,0.548064358
614.4711914,MEYERS,2020,31666.98984,2323941.628,2020MEYERS-,0.549545663
739.2576904,LODGE,2014,46471.6089,2165642.738,2014LODGE-,0.550141194
671.6542358,LODGE,2014,46471.6089,2165642.738,2014LODGE-,0.554449717
746.5059814,CZU LIGHTNING COMPLEX,2020,899769.2245,145650091,2020CZU LIGHTNING COMPLEX-,0.555710422
537.7572021,GLASS,2020,50252.06105,2263063.931,2020GLASS-,0.556880779
588.3365479,CZU LIGHTNING COMPLEX,2020,899769.2245,145650091,2020CZU LIGHTNING COMPLEX-,0.55785891
570.2737427,CZU LIGHTNING COMPLEX,2020,899769.2245,145650091,2020CZU LIGHTNING COMPLEX-,0.558205328
653.244812,CZU LIGHTNING COMPLEX,2020,899769.2245,145650091,2020CZU LIGHTNING COMPLEX-,0.55949695
746.3937378,LODGE,2014,46471.6089,2165642.738,2014LODGE-,0.561755953
711.3633423,CZU LIGHTNING COMPLEX,2020,899769.2245,145650091,2020CZU LIGHTNING COMPLEX-,0.563374196
744.5618286,INDIAN,2008,17839.09215,4534864.183,2008INDIAN-,0.566042592
622.7036743,GLASS,2020,50252.06105,2263063.931,2020GLASS-,0.567166858
595.9244385,CZU LIGHTNING COMPLEX,2020,899769.2245,145650091,2020CZU LIGHTNING COMPLEX-,0.567452299
507.0737,CZU LIGHTNING COMPLEX,2020,899769.2245,145650091,2020CZU LIGHTNING COMPLEX-,0.567833793
598.7090454,CZU LIGHTNING COMPLEX,2020,899769.2245,145650091,2020CZU LIGHTNING COMPLEX-,0.568185258
572.2200317,ORR SERIES,2008,22871.31682,1053586.59,2008ORR SERIES-,0.568725969
741.4189453,INDIAN,2008,17839.09215,4534864.183,2008INDIAN-,0.569654615
699.326355,CHETCO BAR,2017,28687.64862,6998551.507,2017CHETCO BAR-,0.571227463
704.3621216,CZU LIGHTNING COMPLEX,2020,899769.2245,145650091,2020CZU LIGHTNING COMPLEX-,0.578622018
612.8059082,CZU LIGHTNING COMPLEX,2020,899769.2245,145650091,2020CZU LIGHTNING COMPLEX-,0.579338166
684.7932739,LODGE,2014,46471.6089,2165642.738,2014LODGE-,0.580031658
675.0498047,KINCADE,2019,5815.807036,310653.4472,2019KINCADE-,0.585194232
675.0498047,TUBBS,2017,17899.28548,937389.0541,2017TUBBS-,0.585194232
521.3279419,CZU LIGHTNING COMPLEX,2020,899769.2245,145650091,2020CZU LIGHTNING COMPLEX-,0.586254022
739.8511353,CANOE,2003,108316.1819,30613176.38,2003CANOE-,0.587491201
553.1798706,CZU LIGHTNING COMPLEX,2020,899769.2245,145650091,2020CZU LIGHTNING COMPLEX-,0.5913098
629.6590576,CZU LIGHTNING COMPLEX,2020,899769.2245,145650091,2020CZU LIGHTNING COMPLEX-,0.593517778
571.8224487,CZU LIGHTNING COMPLEX,2020,899769.2245,145650091,2020CZU LIGHTNING COMPLEX-,0.594076922
477.2033997,CZU LIGHTNING COMPLEX,2020,899769.2245,145650091,2020CZU LIGHTNING COMPLEX-,0.597293335
698.1221313,CZU LIGHTNING COMPLEX,2020,899769.2245,145650091,2020CZU LIGHTNING COMPLEX-,0.598462673
414.5279846,CZU LIGHTNING COMPLEX,2020,899769.2245,145650091,2020CZU LIGHTNING COMPLEX-,0.600503746
581.8208618,CZU LIGHTNING COMPLEX,2020,899769.2245,145650091,2020CZU LIGHTNING COMPLEX-,0.602887115
675.493042,CZU LIGHTNING COMPLEX,2020,899769.2245,145650091,2020CZU LIGHTNING COMPLEX-,0.603028774
519.8563232,CZU LIGHTNING COMPLEX,2020,899769.2245,145650091,2020CZU LIGHTNING COMPLEX-,0.603922239
564.2542114,ORR SERIES,2008,22871.31682,1053586.59,2008ORR SERIES-,0.608014574
528.1429443,CZU LIGHTNING COMPLEX,2020,899769.2245,145650091,2020CZU LIGHTNING COMPLEX-,0.614681459
743.9140625,INDIAN,2008,17839.09215,4534864.183,2008INDIAN-,0.616356273
615.6132813,CZU LIGHTNING COMPLEX,2020,899769.2245,145650091,2020CZU LIGHTNING COMPLEX-,0.617159366
559.3931274,TUBBS,2017,17899.28548,937389.0541,2017TUBBS-,0.618601735
556.621582,CZU LIGHTNING COMPLEX,2020,899769.2245,145650091,2020CZU LIGHTNING COMPLEX-,0.622622932
708.3865356,MEYERS,2020,31666.98984,2323941.628,2020MEYERS-,0.630477008
687.5408325,GLASS,2020,50252.06105,2263063.931,2020GLASS-,0.631774558
608.2410889,WALBRIDGE,2020,34685.12321,1970691.702,2020WALBRIDGE-,0.635917893
729.3986206,CHETCO BAR,2017,28687.64862,6998551.507,2017CHETCO BAR-,0.637640304
719.6152344,CZU LIGHTNING COMPLEX,2020,899769.2245,145650091,2020CZU LIGHTNING COMPLEX-,0.646383704
698.159668,CZU LIGHTNING COMPLEX,2020,899769.2245,145650091,2020CZU LIGHTNING COMPLEX-,0.647545773
445.6692505,CHETCO BAR,2017,28687.64862,6998551.507,2017CHETCO BAR-,0.648103455
743.8044434,INDIAN,2008,17839.09215,4534864.183,2008INDIAN-,0.648789061
638.7859497,MEYERS,2020,31666.98984,2323941.628,2020MEYERS-,0.648975556
747.8063965,NUNS,2017,43127.60516,2287023.628,2017NUNS-,0.649728904
705.4163818,CANOE,2003,108316.1819,30613176.38,2003CANOE-,0.65077026
343.9449768,CZU LIGHTNING COMPLEX,2020,899769.2245,145650091,2020CZU LIGHTNING COMPLEX-,0.652672729
521.7710571,CZU LIGHTNING COMPLEX,2020,899769.2245,145650091,2020CZU LIGHTNING COMPLEX-,0.653465096
663.7219238,GLASS,2020,50252.06105,2263063.931,2020GLASS-,0.661252843
730.7404175,CZU LIGHTNING COMPLEX,2020,899769.2245,145650091,2020CZU LIGHTNING COMPLEX-,0.666254568
714.5369873,MARTIN,2008,9673.019814,518372.6577,2008MARTIN-,0.668031884
696.2992554,CHETCO BAR,2017,28687.64862,6998551.507,2017CHETCO BAR-,0.67237151
585.7991333,WALBRIDGE,2020,34685.12321,1970691.702,2020WALBRIDGE-,0.673955713
680.0533447,LODGE,2014,46471.6089,2165642.738,2014LODGE-,0.673988945
657.0033569,CZU LIGHTNING COMPLEX,2020,899769.2245,145650091,2020CZU LIGHTNING COMPLEX-,0.674045794
673.8343506,WALBRIDGE,2020,34685.12321,1970691.702,2020WALBRIDGE-,0.674235006
309.3380737,CZU LIGHTNING COMPLEX,2020,899769.2245,145650091,2020CZU LIGHTNING COMPLEX-,0.675463969
506.0644836,CZU LIGHTNING COMPLEX,2020,899769.2245,145650091,2020CZU LIGHTNING COMPLEX-,0.678255154
677.133667,CZU LIGHTNING COMPLEX,2020,899769.2245,145650091,2020CZU LIGHTNING COMPLEX-,0.679728193
407.3599854,CZU LIGHTNING COMPLEX,2020,899769.2245,145650091,2020CZU LIGHTNING COMPLEX-,0.681182509
543.4882813,CZU LIGHTNING COMPLEX,2020,899769.2245,145650091,2020CZU LIGHTNING COMPLEX-,0.685086484
516.2625122,CZU LIGHTNING COMPLEX,2020,899769.2245,145650091,2020CZU LIGHTNING COMPLEX-,0.686036281
699.074585,CZU LIGHTNING COMPLEX,2020,899769.2245,145650091,2020CZU LIGHTNING COMPLEX-,0.686681285
594.6413574,ORR SERIES,2008,22871.31682,1053586.59,2008ORR SERIES-,0.687979108
545.1387329,CZU LIGHTNING COMPLEX,2020,899769.2245,145650091,2020CZU LIGHTNING COMPLEX-,0.688168924
444.4431763,CHETCO BAR,2017,28687.64862,6998551.507,2017CHETCO BAR-,0.688302294
535.9622192,CZU LIGHTNING COMPLEX,2020,899769.2245,145650091,2020CZU LIGHTNING COMPLEX-,0.691170207
583.624939,CZU LIGHTNING COMPLEX,2020,899769.2245,145650091,2020CZU LIGHTNING COMPLEX-,0.692159612
545.5634766,CZU LIGHTNING COMPLEX,2020,899769.2245,145650091,2020CZU LIGHTNING COMPLEX-,0.697092673
299.9021301,CZU LIGHTNING COMPLEX,2020,899769.2245,145650091,2020CZU LIGHTNING COMPLEX-,0.698071349
619.6522217,ORR SERIES,2008,22871.31682,1053586.59,2008ORR SERIES-,0.70983484
719.6394043,CZU LIGHTNING COMPLEX,2020,899769.2245,145650091,2020CZU LIGHTNING COMPLEX-,0.712196557
637.6602173,WALBRIDGE,2020,34685.12321,1970691.702,2020WALBRIDGE-,0.713498892
619.2678833,CZU LIGHTNING COMPLEX,2020,899769.2245,145650091,2020CZU LIGHTNING COMPLEX-,0.713890601
405.1720581,CZU LIGHTNING COMPLEX,2020,899769.2245,145650091,2020CZU LIGHTNING COMPLEX-,0.7164255
656.8156128,CZU LIGHTNING COMPLEX,2020,899769.2245,145650091,2020CZU LIGHTNING COMPLEX-,0.718811069
602.276123,CZU LIGHTNING COMPLEX,2020,899769.2245,145650091,2020CZU LIGHTNING COMPLEX-,0.718841348
581.5750122,CZU LIGHTNING COMPLEX,2020,899769.2245,145650091,2020CZU LIGHTNING COMPLEX-,0.719240296
745.6282349,GLASS,2020,50252.06105,2263063.931,2020GLASS-,0.720626347
722.2664795,CHETCO BAR,2017,28687.64862,6998551.507,2017CHETCO BAR-,0.725789603
594.0160522,NUNS,2017,43127.60516,2287023.628,2017NUNS-,0.725855452
733.0446167,LODGE,2014,46471.6089,2165642.738,2014LODGE-,0.725879025
756.5756226,NAVARRO,2008,11911.63913,1762893.727,2008NAVARRO-,0.730263836
612.4115601,CZU LIGHTNING COMPLEX,2020,899769.2245,145650091,2020CZU LIGHTNING COMPLEX-,0.731454646
504.8385925,CZU LIGHTNING COMPLEX,2020,899769.2245,145650091,2020CZU LIGHTNING COMPLEX-,0.736437321
470.5982971,CZU LIGHTNING COMPLEX,2020,899769.2245,145650091,2020CZU LIGHTNING COMPLEX-,0.737444212
650.5526123,CZU LIGHTNING COMPLEX,2020,899769.2245,145650091,2020CZU LIGHTNING COMPLEX-,0.739930384
674.076416,CZU LIGHTNING COMPLEX,2020,899769.2245,145650091,2020CZU LIGHTNING COMPLEX-,0.742831317
524.1358643,CZU LIGHTNING COMPLEX,2020,899769.2245,145650091,2020CZU LIGHTNING COMPLEX-,0.743751101
540.3101196,NUNS,2017,43127.60516,2287023.628,2017NUNS-,0.74516019
525.7923584,CZU LIGHTNING COMPLEX,2020,899769.2245,145650091,2020CZU LIGHTNING COMPLEX-,0.747081075
495.7461548,CZU LIGHTNING COMPLEX,2020,899769.2245,145650091,2020CZU LIGHTNING COMPLEX-,0.750976565
651.6035767,CZU LIGHTNING COMPLEX,2020,899769.2245,145650091,2020CZU LIGHTNING COMPLEX-,0.755142673
605.4882813,CZU LIGHTNING COMPLEX,2020,899769.2245,145650091,2020CZU LIGHTNING COMPLEX-,0.756296853
567.741394,CZU LIGHTNING COMPLEX,2020,899769.2245,145650091,2020CZU LIGHTNING COMPLEX-,0.756891038
726.2214966,CANOE,2003,108316.1819,30613176.38,2003CANOE-,0.757822242
424.4750061,CZU LIGHTNING COMPLEX,2020,899769.2245,145650091,2020CZU LIGHTNING COMPLEX-,0.758643594
619.852478,WALBRIDGE,2020,34685.12321,1970691.702,2020WALBRIDGE-,0.759548879
525.37146,CZU LIGHTNING COMPLEX,2020,899769.2245,145650091,2020CZU LIGHTNING COMPLEX-,0.761725627
629.4383545,CZU LIGHTNING COMPLEX,2020,899769.2245,145650091,2020CZU LIGHTNING COMPLEX-,0.76267422
532.9230957,NUNS,2017,43127.60516,2287023.628,2017NUNS-,0.762721514
557.3607178,CZU LIGHTNING COMPLEX,2020,899769.2245,145650091,2020CZU LIGHTNING COMPLEX-,0.768517239
730.2711792,CZU LIGHTNING COMPLEX,2020,899769.2245,145650091,2020CZU LIGHTNING COMPLEX-,0.770192338
470.5834351,CZU LIGHTNING COMPLEX,2020,899769.2245,145650091,2020CZU LIGHTNING COMPLEX-,0.772394069
381.052887,CZU LIGHTNING COMPLEX,2020,899769.2245,145650091,2020CZU LIGHTNING COMPLEX-,0.773056149
655.6551514,LODGE,2014,46471.6089,2165642.738,2014LODGE-,0.774169083
724.0180664,WALBRIDGE,2020,34685.12321,1970691.702,2020WALBRIDGE-,0.77547745
709.0012817,CANOE,2003,108316.1819,30613176.38,2003CANOE-,0.776611391
607.9647827,CZU LIGHTNING COMPLEX,2020,899769.2245,145650091,2020CZU LIGHTNING COMPLEX-,0.779161787
646.8557129,WALBRIDGE,2020,34685.12321,1970691.702,2020WALBRIDGE-,0.780545981
561.5957031,CZU LIGHTNING COMPLEX,2020,899769.2245,145650091,2020CZU LIGHTNING COMPLEX-,0.783921439
644.4557495,NUNS,2017,43127.60516,2287023.628,2017NUNS-,0.785404415
671.4961548,MEYERS,2020,31666.98984,2323941.628,2020MEYERS-,0.785409373
636.5023804,CZU LIGHTNING COMPLEX,2020,899769.2245,145650091,2020CZU LIGHTNING COMPLEX-,0.78728879
708.503418,CZU LIGHTNING COMPLEX,2020,899769.2245,145650091,2020CZU LIGHTNING COMPLEX-,0.787438441
768.1867676,GLASS,2020,50252.06105,2263063.931,2020GLASS-,0.789272717
539.4628296,NUNS,2017,43127.60516,2287023.628,2017NUNS-,0.790004248
599.1472778,CZU LIGHTNING COMPLEX,2020,899769.2245,145650091,2020CZU LIGHTNING COMPLEX-,0.791816223
709.6989746,GLASS,2020,50252.06105,2263063.931,2020GLASS-,0.793152306
564.7503662,NUNS,2017,43127.60516,2287023.628,2017NUNS-,0.794257222
642.0070801,CZU LIGHTNING COMPLEX,2020,899769.2245,145650091,2020CZU LIGHTNING COMPLEX-,0.794409943
528.3504639,CZU LIGHTNING COMPLEX,2020,899769.2245,145650091,2020CZU LIGHTNING COMPLEX-,0.797104669
571.3913574,CZU LIGHTNING COMPLEX,2020,899769.2245,145650091,2020CZU LIGHTNING COMPLEX-,0.798628318
535.5603027,CZU LIGHTNING COMPLEX,2020,899769.2245,145650091,2020CZU LIGHTNING COMPLEX-,0.806142835
474.2713013,GLASS,2020,50252.06105,2263063.931,2020GLASS-,0.80872838
745.4319458,CANOE,2003,108316.1819,30613176.38,2003CANOE-,0.809256679
742.2666626,CANOE,2003,108316.1819,30613176.38,2003CANOE-,0.811149256
566.9799194,CZU LIGHTNING COMPLEX,2020,899769.2245,145650091,2020CZU LIGHTNING COMPLEX-,0.813343865
353.5664978,CZU LIGHTNING COMPLEX,2020,899769.2245,145650091,2020CZU LIGHTNING COMPLEX-,0.817817165
450.6115417,MARTIN,2008,9673.019814,518372.6577,2008MARTIN-,0.820573877
638.5716553,CZU LIGHTNING COMPLEX,2020,899769.2245,145650091,2020CZU LIGHTNING COMPLEX-,0.823534521
579.1890259,CZU LIGHTNING COMPLEX,2020,899769.2245,145650091,2020CZU LIGHTNING COMPLEX-,0.826965281
643.8122559,CZU LIGHTNING COMPLEX,2020,899769.2245,145650091,2020CZU LIGHTNING COMPLEX-,0.828713234
809.1436157,NUNS,2017,43127.60516,2287023.628,2017NUNS-,0.832816283
663.1255493,CZU LIGHTNING COMPLEX,2020,899769.2245,145650091,2020CZU LIGHTNING COMPLEX-,0.833878653
710.5390625,CANOE,2003,108316.1819,30613176.38,2003CANOE-,0.837021552
610.1637573,CZU LIGHTNING COMPLEX,2020,899769.2245,145650091,2020CZU LIGHTNING COMPLEX-,0.839060094
577.3518066,CZU LIGHTNING COMPLEX,2020,899769.2245,145650091,2020CZU LIGHTNING COMPLEX-,0.840756096
740.0128174,CANOE,2003,108316.1819,30613176.38,2003CANOE-,0.843800342
542.9672852,LODGE,2014,46471.6089,2165642.738,2014LODGE-,0.845050838
471.8007202,CZU LIGHTNING COMPLEX,2020,899769.2245,145650091,2020CZU LIGHTNING COMPLEX-,0.851705993
558.8820801,CZU LIGHTNING COMPLEX,2020,899769.2245,145650091,2020CZU LIGHTNING COMPLEX-,0.851903083
572.3550415,SUMMIT,2008,2565.669727,61444.2449,2008SUMMIT-,0.852119155
576.3491821,CZU LIGHTNING COMPLEX,2020,899769.2245,145650091,2020CZU LIGHTNING COMPLEX-,0.852820463
682.2803955,CZU LIGHTNING COMPLEX,2020,899769.2245,145650091,2020CZU LIGHTNING COMPLEX-,0.852935778
652.2558594,CZU LIGHTNING COMPLEX,2020,899769.2245,145650091,2020CZU LIGHTNING COMPLEX-,0.854734528
548.6936646,CZU LIGHTNING COMPLEX,2020,899769.2245,145650091,2020CZU LIGHTNING COMPLEX-,0.855091198
610.7408447,CZU LIGHTNING COMPLEX,2020,899769.2245,145650091,2020CZU LIGHTNING COMPLEX-,0.855572872
537.2333984,TUBBS,2017,17899.28548,937389.0541,2017TUBBS-,0.858355473
700.487915,CHETCO BAR,2017,28687.64862,6998551.507,2017CHETCO BAR-,0.860174095
589.6450195,NUNS,2017,43127.60516,2287023.628,2017NUNS-,0.860340642
647.1505127,CZU LIGHTNING COMPLEX,2020,899769.2245,145650091,2020CZU LIGHTNING COMPLEX-,0.860422014
612.5930786,CZU LIGHTNING COMPLEX,2020,899769.2245,145650091,2020CZU LIGHTNING COMPLEX-,0.860659189
415.8952942,CZU LIGHTNING COMPLEX,2020,899769.2245,145650091,2020CZU LIGHTNING COMPLEX-,0.861681941
710.1531982,CHETCO BAR,2017,28687.64862,6998551.507,2017CHETCO BAR-,0.863098612
453.1333923,CZU LIGHTNING COMPLEX,2020,899769.2245,145650091,2020CZU LIGHTNING COMPLEX-,0.863208112
624.4233398,CZU LIGHTNING COMPLEX,2020,899769.2245,145650091,2020CZU LIGHTNING COMPLEX-,0.867212463
536.7525635,CZU LIGHTNING COMPLEX,2020,899769.2245,145650091,2020CZU LIGHTNING COMPLEX-,0.869804104
681.6878052,NUNS,2017,43127.60516,2287023.628,2017NUNS-,0.872759676
667.3912354,CANOE,2003,108316.1819,30613176.38,2003CANOE-,0.875087709
474.8364563,NUNS,2017,43127.60516,2287023.628,2017NUNS-,0.877021042
520.9256592,CZU LIGHTNING COMPLEX,2020,899769.2245,145650091,2020CZU LIGHTNING COMPLEX-,0.879973586
535.0254517,CZU LIGHTNING COMPLEX,2020,899769.2245,145650091,2020CZU LIGHTNING COMPLEX-,0.88045275
461.596283,CZU LIGHTNING COMPLEX,2020,899769.2245,145650091,2020CZU LIGHTNING COMPLEX-,0.88196846
664.0966187,WALBRIDGE,2020,34685.12321,1970691.702,2020WALBRIDGE-,0.885390167
477.569397,CZU LIGHTNING COMPLEX,2020,899769.2245,145650091,2020CZU LIGHTNING COMPLEX-,0.887086686
713.9854736,CHETCO BAR,2017,28687.64862,6998551.507,2017CHETCO BAR-,0.887601929
589.7913818,CZU LIGHTNING COMPLEX,2020,899769.2245,145650091,2020CZU LIGHTNING COMPLEX-,0.888592532
540.479187,CZU LIGHTNING COMPLEX,2020,899769.2245,145650091,2020CZU LIGHTNING COMPLEX-,0.889879764
541.2072754,CZU LIGHTNING COMPLEX,2020,899769.2245,145650091,2020CZU LIGHTNING COMPLEX-,0.891816404
646.7298584,CZU LIGHTNING COMPLEX,2020,899769.2245,145650091,2020CZU LIGHTNING COMPLEX-,0.892054001
470.5982971,MARTIN,2008,9673.019814,518372.6577,2008MARTIN-,0.8959609
697.1455078,KINCADE,2019,5815.807036,310653.4472,2019KINCADE-,0.896126185
697.1455078,TUBBS,2017,17899.28548,937389.0541,2017TUBBS-,0.896126185
484.4951477,CZU LIGHTNING COMPLEX,2020,899769.2245,145650091,2020CZU LIGHTNING COMPLEX-,0.897735556
570.8532715,CZU LIGHTNING COMPLEX,2020,899769.2245,145650091,2020CZU LIGHTNING COMPLEX-,0.900945365
510.3547363,CZU LIGHTNING COMPLEX,2020,899769.2245,145650091,2020CZU LIGHTNING COMPLEX-,0.903189548
492.2243347,CZU LIGHTNING COMPLEX,2020,899769.2245,145650091,2020CZU LIGHTNING COMPLEX-,0.908723699
658.5429077,CZU LIGHTNING COMPLEX,2020,899769.2245,145650091,2020CZU LIGHTNING COMPLEX-,0.908784289
631.5238037,CZU LIGHTNING COMPLEX,2020,899769.2245,145650091,2020CZU LIGHTNING COMPLEX-,0.909925163
577.737854,CZU LIGHTNING COMPLEX,2020,899769.2245,145650091,2020CZU LIGHTNING COMPLEX-,0.910109372
653.1096802,ORR SERIES,2008,22871.31682,1053586.59,2008ORR SERIES-,0.917020768
646.3417358,LODGE,2014,46471.6089,2165642.738,2014LODGE-,0.91770709
649.6032715,CHETCO BAR,2017,28687.64862,6998551.507,2017CHETCO BAR-,0.917967612
688.4046021,GLASS,2020,50252.06105,2263063.931,2020GLASS-,0.921114988
638.6238403,ORR SERIES,2008,22871.31682,1053586.59,2008ORR SERIES-,0.923891607
586.0899658,LODGE,2014,46471.6089,2165642.738,2014LODGE-,0.92458684
498.7412109,ORR SERIES,2008,22871.31682,1053586.59,2008ORR SERIES-,0.926294572
648.1539307,CZU LIGHTNING COMPLEX,2020,899769.2245,145650091,2020CZU LIGHTNING COMPLEX-,0.9427006
678.2613525,CZU LIGHTNING COMPLEX,2020,899769.2245,145650091,2020CZU LIGHTNING COMPLEX-,0.94319436
452.6801453,CZU LIGHTNING COMPLEX,2020,899769.2245,145650091,2020CZU LIGHTNING COMPLEX-,0.943476958
596.4867554,CZU LIGHTNING COMPLEX,2020,899769.2245,145650091,2020CZU LIGHTNING COMPLEX-,0.946851574
633.8077393,CZU LIGHTNING COMPLEX,2020,899769.2245,145650091,2020CZU LIGHTNING COMPLEX-,0.947496901
696.9642334,LODGE,2014,46471.6089,2165642.738,2014LODGE-,0.948151855
658.3988647,ORR SERIES,2008,22871.31682,1053586.59,2008ORR SERIES-,0.954336152
740.1760864,CANOE,2003,108316.1819,30613176.38,2003CANOE-,0.956088004
751.0583496,CANOE,2003,108316.1819,30613176.38,2003CANOE-,0.95671884
716.671875,MEYERS,2020,31666.98984,2323941.628,2020MEYERS-,0.956949691
577.8353271,GLASS,2020,50252.06105,2263063.931,2020GLASS-,0.959442837
598.0873413,CZU LIGHTNING COMPLEX,2020,899769.2245,145650091,2020CZU LIGHTNING COMPLEX-,0.964079283
488.4548035,CZU LIGHTNING COMPLEX,2020,899769.2245,145650091,2020CZU LIGHTNING COMPLEX-,0.965055778
721.5993652,CZU LIGHTNING COMPLEX,2020,899769.2245,145650091,2020CZU LIGHTNING COMPLEX-,0.967600479
527.0794067,CZU LIGHTNING COMPLEX,2020,899769.2245,145650091,2020CZU LIGHTNING COMPLEX-,0.968596569
589.2005005,CZU LIGHTNING COMPLEX,2020,899769.2245,145650091,2020CZU LIGHTNING COMPLEX-,0.970279276
645.1080322,LODGE,2014,46471.6089,2165642.738,2014LODGE-,0.977271684
604.6339111,CZU LIGHTNING COMPLEX,2020,899769.2245,145650091,2020CZU LIGHTNING COMPLEX-,0.980298604
579.2106934,CZU LIGHTNING COMPLEX,2020,899769.2245,145650091,2020CZU LIGHTNING COMPLEX-,0.980304737
544.0088501,CZU LIGHTNING COMPLEX,2020,899769.2245,145650091,2020CZU LIGHTNING COMPLEX-,0.985376368
388.4964294,CZU LIGHTNING COMPLEX,2020,899769.2245,145650091,2020CZU LIGHTNING COMPLEX-,0.990496
473.3034973,CZU LIGHTNING COMPLEX,2020,899769.2245,145650091,2020CZU LIGHTNING COMPLEX-,0.991616173
595.1658936,CZU LIGHTNING COMPLEX,2020,899769.2245,145650091,2020CZU LIGHTNING COMPLEX-,0.99261146
472.2888184,CZU LIGHTNING COMPLEX,2020,899769.2245,145650091,2020CZU LIGHTNING COMPLEX-,0.999495503
646.0892334,CZU LIGHTNING COMPLEX,2020,899769.2245,145650091,2020CZU LIGHTNING COMPLEX-,1.000010129
400.4311829,CHETCO BAR,2017,28687.64862,6998551.507,2017CHETCO BAR-,1.000343775
736.534668,CANOE,2003,108316.1819,30613176.38,2003CANOE-,1.003442103
509.5428162,CZU LIGHTNING COMPLEX,2020,899769.2245,145650091,2020CZU LIGHTNING COMPLEX-,1.011208508
508.5675354,CZU LIGHTNING COMPLEX,2020,899769.2245,145650091,2020CZU LIGHTNING COMPLEX-,1.012303582
527.3626709,WALBRIDGE,2020,34685.12321,1970691.702,2020WALBRIDGE-,1.017734745
486.3291016,CZU LIGHTNING COMPLEX,2020,899769.2245,145650091,2020CZU LIGHTNING COMPLEX-,1.018632333
557.1361694,CZU LIGHTNING COMPLEX,2020,899769.2245,145650091,2020CZU LIGHTNING COMPLEX-,1.019867519
356.6364746,CZU LIGHTNING COMPLEX,2020,899769.2245,145650091,2020CZU LIGHTNING COMPLEX-,1.020095307
691.7854004,LODGE,2014,46471.6089,2165642.738,2014LODGE-,1.021487835
526.4135132,CZU LIGHTNING COMPLEX,2020,899769.2245,145650091,2020CZU LIGHTNING COMPLEX-,1.02221729
538.6582031,CZU LIGHTNING COMPLEX,2020,899769.2245,145650091,2020CZU LIGHTNING COMPLEX-,1.022288906
723.0024414,CZU LIGHTNING COMPLEX,2020,899769.2245,145650091,2020CZU LIGHTNING COMPLEX-,1.022365393
410.7772217,CZU LIGHTNING COMPLEX,2020,899769.2245,145650091,2020CZU LIGHTNING COMPLEX-,1.022416198
551.7457275,CZU LIGHTNING COMPLEX,2020,899769.2245,145650091,2020CZU LIGHTNING COMPLEX-,1.023368488
522.24646,GLASS,2020,50252.06105,2263063.931,2020GLASS-,1.02559597
458.5960388,CZU LIGHTNING COMPLEX,2020,899769.2245,145650091,2020CZU LIGHTNING COMPLEX-,1.033143103
539.0808716,CZU LIGHTNING COMPLEX,2020,899769.2245,145650091,2020CZU LIGHTNING COMPLEX-,1.03387233
654.6392212,GLASS,2020,50252.06105,2263063.931,2020GLASS-,1.036653515
558.7144775,CZU LIGHTNING COMPLEX,2020,899769.2245,145650091,2020CZU LIGHTNING COMPLEX-,1.044408125
559.5802612,CZU LIGHTNING COMPLEX,2020,899769.2245,145650091,2020CZU LIGHTNING COMPLEX-,1.045838883
439.4358521,CZU LIGHTNING COMPLEX,2020,899769.2245,145650091,2020CZU LIGHTNING COMPLEX-,1.049106316
471.621582,CZU LIGHTNING COMPLEX,2020,899769.2245,145650091,2020CZU LIGHTNING COMPLEX-,1.050058086
541.0599976,WALBRIDGE,2020,34685.12321,1970691.702,2020WALBRIDGE-,1.050758536
447.2226257,CZU LIGHTNING COMPLEX,2020,899769.2245,145650091,2020CZU LIGHTNING COMPLEX-,1.051450146
646.2452393,CZU LIGHTNING COMPLEX,2020,899769.2245,145650091,2020CZU LIGHTNING COMPLEX-,1.054826644
485.4291382,NUNS,2017,43127.60516,2287023.628,2017NUNS-,1.058291867
421.1665649,CHETCO BAR,2017,28687.64862,6998551.507,2017CHETCO BAR-,1.060209594
707.2192993,CHETCO BAR,2017,28687.64862,6998551.507,2017CHETCO BAR-,1.067010838
454.5715027,GLASS,2020,50252.06105,2263063.931,2020GLASS-,1.068058735
624.0958862,MARTIN,2008,9673.019814,518372.6577,2008MARTIN-,1.06945712
732.0403442,CZU LIGHTNING COMPLEX,2020,899769.2245,145650091,2020CZU LIGHTNING COMPLEX-,1.07028428
408.1583557,CZU LIGHTNING COMPLEX,2020,899769.2245,145650091,2020CZU LIGHTNING COMPLEX-,1.071819906
598.269043,CZU LIGHTNING COMPLEX,2020,899769.2245,145650091,2020CZU LIGHTNING COMPLEX-,1.073243534
661.6177368,CZU LIGHTNING COMPLEX,2020,899769.2245,145650091,2020CZU LIGHTNING COMPLEX-,1.077806303
624.7002563,CZU LIGHTNING COMPLEX,2020,899769.2245,145650091,2020CZU LIGHTNING COMPLEX-,1.080295009
747.8347778,INDIAN,2008,17839.09215,4534864.183,2008INDIAN-,1.080739505
712.5100098,CZU LIGHTNING COMPLEX,2020,899769.2245,145650091,2020CZU LIGHTNING COMPLEX-,1.083907747
717.4287109,CZU LIGHTNING COMPLEX,2020,899769.2245,145650091,2020CZU LIGHTNING COMPLEX-,1.085919709
555.2667236,CZU LIGHTNING COMPLEX,2020,899769.2245,145650091,2020CZU LIGHTNING COMPLEX-,1.086344208
700.9083252,CHETCO BAR,2017,28687.64862,6998551.507,2017CHETCO BAR-,1.088131062
595.0529175,WALBRIDGE,2020,34685.12321,1970691.702,2020WALBRIDGE-,1.091865151
729.3406372,INDIAN,2008,17839.09215,4534864.183,2008INDIAN-,1.092031062
561.1998901,CZU LIGHTNING COMPLEX,2020,899769.2245,145650091,2020CZU LIGHTNING COMPLEX-,1.092930215
517.1907959,CZU LIGHTNING COMPLEX,2020,899769.2245,145650091,2020CZU LIGHTNING COMPLEX-,1.097535524
686.0345459,LODGE,2014,46471.6089,2165642.738,2014LODGE-,1.097687469
493.5695496,CZU LIGHTNING COMPLEX,2020,899769.2245,145650091,2020CZU LIGHTNING COMPLEX-,1.099403533
656.3528442,CZU LIGHTNING COMPLEX,2020,899769.2245,145650091,2020CZU LIGHTNING COMPLEX-,1.109738219
742.2910767,NAVARRO,2008,11911.63913,1762893.727,2008NAVARRO-,1.112507403
387.9833069,GLASS,2020,50252.06105,2263063.931,2020GLASS-,1.114428461
524.9400635,CZU LIGHTNING COMPLEX,2020,899769.2245,145650091,2020CZU LIGHTNING COMPLEX-,1.114855814
567.2866821,CZU LIGHTNING COMPLEX,2020,899769.2245,145650091,2020CZU LIGHTNING COMPLEX-,1.115697822
703.06427,LODGE,2014,46471.6089,2165642.738,2014LODGE-,1.119101022
772.0482178,GLASS,2020,50252.06105,2263063.931,2020GLASS-,1.119196019
772.0482178,NUNS,2017,43127.60516,2287023.628,2017NUNS-,1.119196019
465.7915039,CZU LIGHTNING COMPLEX,2020,899769.2245,145650091,2020CZU LIGHTNING COMPLEX-,1.124300356
700.3191528,MEYERS,2020,31666.98984,2323941.628,2020MEYERS-,1.125615921
573.5175781,CZU LIGHTNING COMPLEX,2020,899769.2245,145650091,2020CZU LIGHTNING COMPLEX-,1.127654184
709.6687622,CHETCO BAR,2017,28687.64862,6998551.507,2017CHETCO BAR-,1.129160768
515.0744629,CZU LIGHTNING COMPLEX,2020,899769.2245,145650091,2020CZU LIGHTNING COMPLEX-,1.131520269
611.5176392,MEYERS,2020,31666.98984,2323941.628,2020MEYERS-,1.131943008
587.9645996,GLASS,2020,50252.06105,2263063.931,2020GLASS-,1.133526432
604.9520874,CZU LIGHTNING COMPLEX,2020,899769.2245,145650091,2020CZU LIGHTNING COMPLEX-,1.137224995
663.0790405,ORR SERIES,2008,22871.31682,1053586.59,2008ORR SERIES-,1.138693389
557.4637451,CZU LIGHTNING COMPLEX,2020,899769.2245,145650091,2020CZU LIGHTNING COMPLEX-,1.139007965
586.578064,MEYERS,2020,31666.98984,2323941.628,2020MEYERS-,1.140726302
555.9320068,CZU LIGHTNING COMPLEX,2020,899769.2245,145650091,2020CZU LIGHTNING COMPLEX-,1.145997651
632.7127686,ORR SERIES,2008,22871.31682,1053586.59,2008ORR SERIES-,1.147224126
711.2351074,LODGE,2014,46471.6089,2165642.738,2014LODGE-,1.155926349
609.6401978,CZU LIGHTNING COMPLEX,2020,899769.2245,145650091,2020CZU LIGHTNING COMPLEX-,1.157536058
309.7996521,CZU LIGHTNING COMPLEX,2020,899769.2245,145650091,2020CZU LIGHTNING COMPLEX-,1.157623084
373.8783875,GLASS,2020,50252.06105,2263063.931,2020GLASS-,1.160448766
570.156311,NUNS,2017,43127.60516,2287023.628,2017NUNS-,1.160829048
569.777771,CZU LIGHTNING COMPLEX,2020,899769.2245,145650091,2020CZU LIGHTNING COMPLEX-,1.170513148
595.8170166,CZU LIGHTNING COMPLEX,2020,899769.2245,145650091,2020CZU LIGHTNING COMPLEX-,1.176605757
694.3947144,NUNS,2017,43127.60516,2287023.628,2017NUNS-,1.177910194
654.6295776,CZU LIGHTNING COMPLEX,2020,899769.2245,145650091,2020CZU LIGHTNING COMPLEX-,1.17881163
656.614502,LODGE,2014,46471.6089,2165642.738,2014LODGE-,1.180940169
644.5673218,CZU LIGHTNING COMPLEX,2020,899769.2245,145650091,2020CZU LIGHTNING COMPLEX-,1.186618862
627.6893921,MEYERS,2020,31666.98984,2323941.628,2020MEYERS-,1.189277369
522.6513672,CZU LIGHTNING COMPLEX,2020,899769.2245,145650091,2020CZU LIGHTNING COMPLEX-,1.191018995
539.0053711,GLASS,2020,50252.06105,2263063.931,2020GLASS-,1.195334321
625.2962646,LODGE,2014,46471.6089,2165642.738,2014LODGE-,1.195350425
648.7779541,LODGE,2014,46471.6089,2165642.738,2014LODGE-,1.197800403
328.8181763,CZU LIGHTNING COMPLEX,2020,899769.2245,145650091,2020CZU LIGHTNING COMPLEX-,1.20510691
684.7307739,NUNS,2017,43127.60516,2287023.628,2017NUNS-,1.2087528
351.8901062,CZU LIGHTNING COMPLEX,2020,899769.2245,145650091,2020CZU LIGHTNING COMPLEX-,1.211670782
502.9983826,SUMMIT,2008,2565.669727,61444.2449,2008SUMMIT-,1.211707442
431.6529236,CZU LIGHTNING COMPLEX,2020,899769.2245,145650091,2020CZU LIGHTNING COMPLEX-,1.214636739
465.9532166,GLASS,2020,50252.06105,2263063.931,2020GLASS-,1.224016409
724.7147217,GLASS,2020,50252.06105,2263063.931,2020GLASS-,1.225649442
587.7315674,CZU LIGHTNING COMPLEX,2020,899769.2245,145650091,2020CZU LIGHTNING COMPLEX-,1.234824161
589.2508545,WALBRIDGE,2020,34685.12321,1970691.702,2020WALBRIDGE-,1.23705504
713.0158081,CZU LIGHTNING COMPLEX,2020,899769.2245,145650091,2020CZU LIGHTNING COMPLEX-,1.23887534
620.3307495,CZU LIGHTNING COMPLEX,2020,899769.2245,145650091,2020CZU LIGHTNING COMPLEX-,1.240972036
514.3343506,CZU LIGHTNING COMPLEX,2020,899769.2245,145650091,2020CZU LIGHTNING COMPLEX-,1.242244715
648.0994873,CZU LIGHTNING COMPLEX,2020,899769.2245,145650091,2020CZU LIGHTNING COMPLEX-,1.249197528
611.7212524,WALBRIDGE,2020,34685.12321,1970691.702,2020WALBRIDGE-,1.249685426
510.9292908,CZU LIGHTNING COMPLEX,2020,899769.2245,145650091,2020CZU LIGHTNING COMPLEX-,1.252964805
526.2644653,CZU LIGHTNING COMPLEX,2020,899769.2245,145650091,2020CZU LIGHTNING COMPLEX-,1.25851063
419.2752686,CZU LIGHTNING COMPLEX,2020,899769.2245,145650091,2020CZU LIGHTNING COMPLEX-,1.259050552
717.3237305,CZU LIGHTNING COMPLEX,2020,899769.2245,145650091,2020CZU LIGHTNING COMPLEX-,1.268510893
631.2040405,CZU LIGHTNING COMPLEX,2020,899769.2245,145650091,2020CZU LIGHTNING COMPLEX-,1.272518686
737.3102417,ORR SERIES,2008,22871.31682,1053586.59,2008ORR SERIES-,1.278829685
661.4502563,CZU LIGHTNING COMPLEX,2020,899769.2245,145650091,2020CZU LIGHTNING COMPLEX-,1.28071467
568.8803711,CZU LIGHTNING COMPLEX,2020,899769.2245,145650091,2020CZU LIGHTNING COMPLEX-,1.283499998
497.3783264,CZU LIGHTNING COMPLEX,2020,899769.2245,145650091,2020CZU LIGHTNING COMPLEX-,1.283623159
439.4358521,MARTIN,2008,9673.019814,518372.6577,2008MARTIN-,1.284049616
478.3298645,CZU LIGHTNING COMPLEX,2020,899769.2245,145650091,2020CZU LIGHTNING COMPLEX-,1.286149661
674.7056885,CZU LIGHTNING COMPLEX,2020,899769.2245,145650091,2020CZU LIGHTNING COMPLEX-,1.287751801
544.3592529,TUBBS,2017,17899.28548,937389.0541,2017TUBBS-,1.289429355
475.178009,CZU LIGHTNING COMPLEX,2020,899769.2245,145650091,2020CZU LIGHTNING COMPLEX-,1.291191223
586.1856689,CZU LIGHTNING COMPLEX,2020,899769.2245,145650091,2020CZU LIGHTNING COMPLEX-,1.292354335
465.5581665,CZU LIGHTNING COMPLEX,2020,899769.2245,145650091,2020CZU LIGHTNING COMPLEX-,1.293327615
746.3496094,CZU LIGHTNING COMPLEX,2020,899769.2245,145650091,2020CZU LIGHTNING COMPLEX-,1.295715959
667.0245972,CZU LIGHTNING COMPLEX,2020,899769.2245,145650091,2020CZU LIGHTNING COMPLEX-,1.296847849
578.4858398,CZU LIGHTNING COMPLEX,2020,899769.2245,145650091,2020CZU LIGHTNING COMPLEX-,1.297370558
455.6474609,GLASS,2020,50252.06105,2263063.931,2020GLASS-,1.298399708
694.2563477,CHETCO BAR,2017,28687.64862,6998551.507,2017CHETCO BAR-,1.302861957
354.2351685,CZU LIGHTNING COMPLEX,2020,899769.2245,145650091,2020CZU LIGHTNING COMPLEX-,1.307090501
613.7174683,CANOE,2003,108316.1819,30613176.38,2003CANOE-,1.308970883
658.616394,CZU LIGHTNING COMPLEX,2020,899769.2245,145650091,2020CZU LIGHTNING COMPLEX-,1.30930834
655.475708,CZU LIGHTNING COMPLEX,2020,899769.2245,145650091,2020CZU LIGHTNING COMPLEX-,1.309983703
715.2575073,CZU LIGHTNING COMPLEX,2020,899769.2245,145650091,2020CZU LIGHTNING COMPLEX-,1.310532672
565.1912231,MEYERS,2020,31666.98984,2323941.628,2020MEYERS-,1.310572672
516.2007446,GLASS,2020,50252.06105,2263063.931,2020GLASS-,1.313554911
422.6903381,CZU LIGHTNING COMPLEX,2020,899769.2245,145650091,2020CZU LIGHTNING COMPLEX-,1.313725916
618.1268921,CZU LIGHTNING COMPLEX,2020,899769.2245,145650091,2020CZU LIGHTNING COMPLEX-,1.315055153
639.56073,CZU LIGHTNING COMPLEX,2020,899769.2245,145650091,2020CZU LIGHTNING COMPLEX-,1.316059125
670.5449829,CZU LIGHTNING COMPLEX,2020,899769.2245,145650091,2020CZU LIGHTNING COMPLEX-,1.316195937
562.4387207,ORR SERIES,2008,22871.31682,1053586.59,2008ORR SERIES-,1.317830394
540.2553101,CZU LIGHTNING COMPLEX,2020,899769.2245,145650091,2020CZU LIGHTNING COMPLEX-,1.324762613
682.2139893,CZU LIGHTNING COMPLEX,2020,899769.2245,145650091,2020CZU LIGHTNING COMPLEX-,1.328437056
712.8050537,GLASS,2020,50252.06105,2263063.931,2020GLASS-,1.330062984
623.6425171,CZU LIGHTNING COMPLEX,2020,899769.2245,145650091,2020CZU LIGHTNING COMPLEX-,1.332426248
492.7954102,GLASS,2020,50252.06105,2263063.931,2020GLASS-,1.332842683
340.0392151,CZU LIGHTNING COMPLEX,2020,899769.2245,145650091,2020CZU LIGHTNING COMPLEX-,1.333193218
641.6061401,GLASS,2020,50252.06105,2263063.931,2020GLASS-,1.334026482
653.8604126,WALBRIDGE,2020,34685.12321,1970691.702,2020WALBRIDGE-,1.33483921
631.6017456,CZU LIGHTNING COMPLEX,2020,899769.2245,145650091,2020CZU LIGHTNING COMPLEX-,1.338625724
672.5784302,CZU LIGHTNING COMPLEX,2020,899769.2245,145650091,2020CZU LIGHTNING COMPLEX-,1.339995388
600.7064819,CZU LIGHTNING COMPLEX,2020,899769.2245,145650091,2020CZU LIGHTNING COMPLEX-,1.342772363
708.2108765,MARTIN,2008,9673.019814,518372.6577,2008MARTIN-,1.346724967
545.6730347,CZU LIGHTNING COMPLEX,2020,899769.2245,145650091,2020CZU LIGHTNING COMPLEX-,1.34775205
598.7258301,TUBBS,2017,17899.28548,937389.0541,2017TUBBS-,1.347936249
685.812439,ORR SERIES,2008,22871.31682,1053586.59,2008ORR SERIES-,1.349280311
790.9627075,WALBRIDGE,2020,34685.12321,1970691.702,2020WALBRIDGE-,1.349469195
730.8515015,CZU LIGHTNING COMPLEX,2020,899769.2245,145650091,2020CZU LIGHTNING COMPLEX-,1.352588443
447.6453552,CZU LIGHTNING COMPLEX,2020,899769.2245,145650091,2020CZU LIGHTNING COMPLEX-,1.35894722
669.40271,CHETCO BAR,2017,28687.64862,6998551.507,2017CHETCO BAR-,1.360383292
664.0662231,CZU LIGHTNING COMPLEX,2020,899769.2245,145650091,2020CZU LIGHTNING COMPLEX-,1.361131225
600.1900024,CZU LIGHTNING COMPLEX,2020,899769.2245,145650091,2020CZU LIGHTNING COMPLEX-,1.364730346
658.8894653,CZU LIGHTNING COMPLEX,2020,899769.2245,145650091,2020CZU LIGHTNING COMPLEX-,1.367975564
641.5110474,CZU LIGHTNING COMPLEX,2020,899769.2245,145650091,2020CZU LIGHTNING COMPLEX-,1.368949229
605.3399658,CZU LIGHTNING COMPLEX,2020,899769.2245,145650091,2020CZU LIGHTNING COMPLEX-,1.374937304
737.6307373,GLASS,2020,50252.06105,2263063.931,2020GLASS-,1.375326428
672.9390869,CZU LIGHTNING COMPLEX,2020,899769.2245,145650091,2020CZU LIGHTNING COMPLEX-,1.379253992
716.1270752,CHETCO BAR,2017,28687.64862,6998551.507,2017CHETCO BAR-,1.381588294
774.6744995,INDIAN,2008,17839.09215,4534864.183,2008INDIAN-,1.384284655
703.5221558,CZU LIGHTNING COMPLEX,2020,899769.2245,145650091,2020CZU LIGHTNING COMPLEX-,1.386918766
730.7957153,WALBRIDGE,2020,34685.12321,1970691.702,2020WALBRIDGE-,1.388061346
565.0766602,LODGE,2014,46471.6089,2165642.738,2014LODGE-,1.38866077
481.7785339,CZU LIGHTNING COMPLEX,2020,899769.2245,145650091,2020CZU LIGHTNING COMPLEX-,1.391808231
653.7880249,CZU LIGHTNING COMPLEX,2020,899769.2245,145650091,2020CZU LIGHTNING COMPLEX-,1.39242309
454.9172974,CZU LIGHTNING COMPLEX,2020,899769.2245,145650091,2020CZU LIGHTNING COMPLEX-,1.393850873
740.2562256,TUBBS,2017,17899.28548,937389.0541,2017TUBBS-,1.399483332
528.5071411,CZU LIGHTNING COMPLEX,2020,899769.2245,145650091,2020CZU LIGHTNING COMPLEX-,1.403680569
596.4838867,WALBRIDGE,2020,34685.12321,1970691.702,2020WALBRIDGE-,1.405430277
437.4524231,WALBRIDGE,2020,34685.12321,1970691.702,2020WALBRIDGE-,1.405522983
468.4084473,CZU LIGHTNING COMPLEX,2020,899769.2245,145650091,2020CZU LIGHTNING COMPLEX-,1.407806525
616.8456421,CZU LIGHTNING COMPLEX,2020,899769.2245,145650091,2020CZU LIGHTNING COMPLEX-,1.409739829
651.0739746,CZU LIGHTNING COMPLEX,2020,899769.2245,145650091,2020CZU LIGHTNING COMPLEX-,1.412329273
641.0006714,TUBBS,2017,17899.28548,937389.0541,2017TUBBS-,1.414965718
405.7054749,GLASS,2020,50252.06105,2263063.931,2020GLASS-,1.415884933
480.8372498,CZU LIGHTNING COMPLEX,2020,899769.2245,145650091,2020CZU LIGHTNING COMPLEX-,1.418887793
708.8223877,NAVARRO,2008,11911.63913,1762893.727,2008NAVARRO-,1.423923527
595.9454956,CZU LIGHTNING COMPLEX,2020,899769.2245,145650091,2020CZU LIGHTNING COMPLEX-,1.432066844
418.2815857,CZU LIGHTNING COMPLEX,2020,899769.2245,145650091,2020CZU LIGHTNING COMPLEX-,1.432751023
568.7165527,CZU LIGHTNING COMPLEX,2020,899769.2245,145650091,2020CZU LIGHTNING COMPLEX-,1.434305226
664.331543,CZU LIGHTNING COMPLEX,2020,899769.2245,145650091,2020CZU LIGHTNING COMPLEX-,1.434766216
724.7366943,CZU LIGHTNING COMPLEX,2020,899769.2245,145650091,2020CZU LIGHTNING COMPLEX-,1.435135865
381.0864563,CZU LIGHTNING COMPLEX,2020,899769.2245,145650091,2020CZU LIGHTNING COMPLEX-,1.436921236
571.078125,LODGE,2014,46471.6089,2165642.738,2014LODGE-,1.437916207
680.7306519,GLASS,2020,50252.06105,2263063.931,2020GLASS-,1.442119764
519.0460205,CZU LIGHTNING COMPLEX,2020,899769.2245,145650091,2020CZU LIGHTNING COMPLEX-,1.445120813
696.8101196,LODGE,2014,46471.6089,2165642.738,2014LODGE-,1.450790362
565.4103394,CZU LIGHTNING COMPLEX,2020,899769.2245,145650091,2020CZU LIGHTNING COMPLEX-,1.45226378
326.3774109,CZU LIGHTNING COMPLEX,2020,899769.2245,145650091,2020CZU LIGHTNING COMPLEX-,1.453585849
722.4152832,NUNS,2017,43127.60516,2287023.628,2017NUNS-,1.454851803
771.6434326,WALBRIDGE,2020,34685.12321,1970691.702,2020WALBRIDGE-,1.465101986
430.2093201,CZU LIGHTNING COMPLEX,2020,899769.2245,145650091,2020CZU LIGHTNING COMPLEX-,1.465213531
615.7498169,CZU LIGHTNING COMPLEX,2020,899769.2245,145650091,2020CZU LIGHTNING COMPLEX-,1.467529436
555.7301025,CZU LIGHTNING COMPLEX,2020,899769.2245,145650091,2020CZU LIGHTNING COMPLEX-,1.46996037
426.0379944,CZU LIGHTNING COMPLEX,2020,899769.2245,145650091,2020CZU LIGHTNING COMPLEX-,1.470248728
533.3339844,CZU LIGHTNING COMPLEX,2020,899769.2245,145650091,2020CZU LIGHTNING COMPLEX-,1.471321586
507.2571716,CZU LIGHTNING COMPLEX,2020,899769.2245,145650091,2020CZU LIGHTNING COMPLEX-,1.471606928
676.7229614,LODGE,2014,46471.6089,2165642.738,2014LODGE-,1.473121382
655.2068481,CZU LIGHTNING COMPLEX,2020,899769.2245,145650091,2020CZU LIGHTNING COMPLEX-,1.480176983
483.3193665,CZU LIGHTNING COMPLEX,2020,899769.2245,145650091,2020CZU LIGHTNING COMPLEX-,1.481481663
809.31073,GLASS,2020,50252.06105,2263063.931,2020GLASS-,1.487297174
566.3634644,CZU LIGHTNING COMPLEX,2020,899769.2245,145650091,2020CZU LIGHTNING COMPLEX-,1.489820827
466.140564,CZU LIGHTNING COMPLEX,2020,899769.2245,145650091,2020CZU LIGHTNING COMPLEX-,1.49040467
679.8093872,CZU LIGHTNING COMPLEX,2020,899769.2245,145650091,2020CZU LIGHTNING COMPLEX-,1.490694308
628.1324463,GLASS,2020,50252.06105,2263063.931,2020GLASS-,1.491211543
730.2460327,INDIAN,2008,17839.09215,4534864.183,2008INDIAN-,1.492455456
630.3466797,CZU LIGHTNING COMPLEX,2020,899769.2245,145650091,2020CZU LIGHTNING COMPLEX-,1.493088893
701.2282104,CZU LIGHTNING COMPLEX,2020,899769.2245,145650091,2020CZU LIGHTNING COMPLEX-,1.49379637
649.3477173,GLASS,2020,50252.06105,2263063.931,2020GLASS-,1.494460125
707.8405151,CZU LIGHTNING COMPLEX,2020,899769.2245,145650091,2020CZU LIGHTNING COMPLEX-,1.494554342
687.7912598,CHETCO BAR,2017,28687.64862,6998551.507,2017CHETCO BAR-,1.496777531
595.2842407,CZU LIGHTNING COMPLEX,2020,899769.2245,145650091,2020CZU LIGHTNING COMPLEX-,1.498877414
756.5728149,INDIAN,2008,17839.09215,4534864.183,2008INDIAN-,1.499818636
676.7531128,CZU LIGHTNING COMPLEX,2020,899769.2245,145650091,2020CZU LIGHTNING COMPLEX-,1.506803439
490.9298706,GLASS,2020,50252.06105,2263063.931,2020GLASS-,1.509989734
636.8324585,CZU LIGHTNING COMPLEX,2020,899769.2245,145650091,2020CZU LIGHTNING COMPLEX-,1.510757601
619.1918335,CZU LIGHTNING COMPLEX,2020,899769.2245,145650091,2020CZU LIGHTNING COMPLEX-,1.51106206
624.6314087,CZU LIGHTNING COMPLEX,2020,899769.2245,145650091,2020CZU LIGHTNING COMPLEX-,1.513152689
592.4469604,GLASS,2020,50252.06105,2263063.931,2020GLASS-,1.518571786
740.5177002,LODGE,2014,46471.6089,2165642.738,2014LODGE-,1.520288249
487.5346985,CZU LIGHTNING COMPLEX,2020,899769.2245,145650091,2020CZU LIGHTNING COMPLEX-,1.520308846
674.3643799,CZU LIGHTNING COMPLEX,2020,899769.2245,145650091,2020CZU LIGHTNING COMPLEX-,1.524231604
631.885437,CZU LIGHTNING COMPLEX,2020,899769.2245,145650091,2020CZU LIGHTNING COMPLEX-,1.529609796
588.8904419,WALBRIDGE,2020,34685.12321,1970691.702,2020WALBRIDGE-,1.529841685
377.4142151,CZU LIGHTNING COMPLEX,2020,899769.2245,145650091,2020CZU LIGHTNING COMPLEX-,1.531612768
705.8720703,CANOE,2003,108316.1819,30613176.38,2003CANOE-,1.534193388
674.2943115,LODGE,2014,46471.6089,2165642.738,2014LODGE-,1.537870938
750.0734863,INDIAN,2008,17839.09215,4534864.183,2008INDIAN-,1.541884521
656.0662842,CZU LIGHTNING COMPLEX,2020,899769.2245,145650091,2020CZU LIGHTNING COMPLEX-,1.548403007
455.5797424,CHETCO BAR,2017,28687.64862,6998551.507,2017CHETCO BAR-,1.548694778
583.4281616,CZU LIGHTNING COMPLEX,2020,899769.2245,145650091,2020CZU LIGHTNING COMPLEX-,1.552448478
445.2446289,CZU LIGHTNING COMPLEX,2020,899769.2245,145650091,2020CZU LIGHTNING COMPLEX-,1.559313036
582.2991943,CZU LIGHTNING COMPLEX,2020,899769.2245,145650091,2020CZU LIGHTNING COMPLEX-,1.560002247
737.4498901,INDIAN,2008,17839.09215,4534864.183,2008INDIAN-,1.561949118
456.524231,CZU LIGHTNING COMPLEX,2020,899769.2245,145650091,2020CZU LIGHTNING COMPLEX-,1.562480353
645.5459595,CZU LIGHTNING COMPLEX,2020,899769.2245,145650091,2020CZU LIGHTNING COMPLEX-,1.563053139
507.021637,WALBRIDGE,2020,34685.12321,1970691.702,2020WALBRIDGE-,1.564477617
703.5792847,TUBBS,2017,17899.28548,937389.0541,2017TUBBS-,1.565345274
546.5032349,CZU LIGHTNING COMPLEX,2020,899769.2245,145650091,2020CZU LIGHTNING COMPLEX-,1.566485814
637.8635254,CZU LIGHTNING COMPLEX,2020,899769.2245,145650091,2020CZU LIGHTNING COMPLEX-,1.572272476
678.9985962,CZU LIGHTNING COMPLEX,2020,899769.2245,145650091,2020CZU LIGHTNING COMPLEX-,1.572525131
680.3301392,CZU LIGHTNING COMPLEX,2020,899769.2245,145650091,2020CZU LIGHTNING COMPLEX-,1.576110627
614.7962646,CZU LIGHTNING COMPLEX,2020,899769.2245,145650091,2020CZU LIGHTNING COMPLEX-,1.582488443
607.822876,LODGE,2014,46471.6089,2165642.738,2014LODGE-,1.583411336
586.1209106,NUNS,2017,43127.60516,2287023.628,2017NUNS-,1.589614876
463.4369812,CZU LIGHTNING COMPLEX,2020,899769.2245,145650091,2020CZU LIGHTNING COMPLEX-,1.59316761
608.765686,CZU LIGHTNING COMPLEX,2020,899769.2245,145650091,2020CZU LIGHTNING COMPLEX-,1.593233418
595.4432373,CZU LIGHTNING COMPLEX,2020,899769.2245,145650091,2020CZU LIGHTNING COMPLEX-,1.593858905
733.2819824,INDIAN,2008,17839.09215,4534864.183,2008INDIAN-,1.596745365
573.7741089,CZU LIGHTNING COMPLEX,2020,899769.2245,145650091,2020CZU LIGHTNING COMPLEX-,1.600900431
577.3152466,CZU LIGHTNING COMPLEX,2020,899769.2245,145650091,2020CZU LIGHTNING COMPLEX-,1.603181349
648.5320435,CZU LIGHTNING COMPLEX,2020,899769.2245,145650091,2020CZU LIGHTNING COMPLEX-,1.60485896
664.7302856,CZU LIGHTNING COMPLEX,2020,899769.2245,145650091,2020CZU LIGHTNING COMPLEX-,1.610318178
495.651001,CZU LIGHTNING COMPLEX,2020,899769.2245,145650091,2020CZU LIGHTNING COMPLEX-,1.614127595
720.2440796,CZU LIGHTNING COMPLEX,2020,899769.2245,145650091,2020CZU LIGHTNING COMPLEX-,1.616248438
659.5838013,ORR SERIES,2008,22871.31682,1053586.59,2008ORR SERIES-,1.618458854
547.3317871,CZU LIGHTNING COMPLEX,2020,899769.2245,145650091,2020CZU LIGHTNING COMPLEX-,1.618812225
696.0829468,NUNS,2017,43127.60516,2287023.628,2017NUNS-,1.620620593
721.5042114,CZU LIGHTNING COMPLEX,2020,899769.2245,145650091,2020CZU LIGHTNING COMPLEX-,1.622232223
623.2489014,GLASS,2020,50252.06105,2263063.931,2020GLASS-,1.625020145
691.3673096,CZU LIGHTNING COMPLEX,2020,899769.2245,145650091,2020CZU LIGHTNING COMPLEX-,1.627194424
733.0422363,LODGE,2014,46471.6089,2165642.738,2014LODGE-,1.630284168
644.0367432,CZU LIGHTNING COMPLEX,2020,899769.2245,145650091,2020CZU LIGHTNING COMPLEX-,1.642660191
668.9520264,CZU LIGHTNING COMPLEX,2020,899769.2245,145650091,2020CZU LIGHTNING COMPLEX-,1.646985343
696.8920898,CZU LIGHTNING COMPLEX,2020,899769.2245,145650091,2020CZU LIGHTNING COMPLEX-,1.647227506
707.8045044,CANOE,2003,108316.1819,30613176.38,2003CANOE-,1.653704981
724.2554932,MEYERS,2020,31666.98984,2323941.628,2020MEYERS-,1.653965684
610.5570068,CZU LIGHTNING COMPLEX,2020,899769.2245,145650091,2020CZU LIGHTNING COMPLEX-,1.65407705
594.6439819,GLASS,2020,50252.06105,2263063.931,2020GLASS-,1.655710362
705.8869019,MEYERS,2020,31666.98984,2323941.628,2020MEYERS-,1.656352654
622.1405029,LODGE,2014,46471.6089,2165642.738,2014LODGE-,1.66264868
521.5648804,CZU LIGHTNING COMPLEX,2020,899769.2245,145650091,2020CZU LIGHTNING COMPLEX-,1.664399107
541.0860596,CZU LIGHTNING COMPLEX,2020,899769.2245,145650091,2020CZU LIGHTNING COMPLEX-,1.666749731
611.1066284,CZU LIGHTNING COMPLEX,2020,899769.2245,145650091,2020CZU LIGHTNING COMPLEX-,1.667499992
530.4387817,CZU LIGHTNING COMPLEX,2020,899769.2245,145650091,2020CZU LIGHTNING COMPLEX-,1.669683056
656.2098389,LODGE,2014,46471.6089,2165642.738,2014LODGE-,1.671256867
395.0126953,CZU LIGHTNING COMPLEX,2020,899769.2245,145650091,2020CZU LIGHTNING COMPLEX-,1.672414452
699.9085693,CZU LIGHTNING COMPLEX,2020,899769.2245,145650091,2020CZU LIGHTNING COMPLEX-,1.678388267
720.4955444,CZU LIGHTNING COMPLEX,2020,899769.2245,145650091,2020CZU LIGHTNING COMPLEX-,1.68322959
645.2848511,CZU LIGHTNING COMPLEX,2020,899769.2245,145650091,2020CZU LIGHTNING COMPLEX-,1.684691377
491.0882263,NUNS,2017,43127.60516,2287023.628,2017NUNS-,1.68507028
625.2477417,ORR SERIES,2008,22871.31682,1053586.59,2008ORR SERIES-,1.687445122
727.088623,CZU LIGHTNING COMPLEX,2020,899769.2245,145650091,2020CZU LIGHTNING COMPLEX-,1.692272201
678.2408447,GLASS,2020,50252.06105,2263063.931,2020GLASS-,1.693114341
717.5567627,CHETCO BAR,2017,28687.64862,6998551.507,2017CHETCO BAR-,1.696375469
650.430603,NUNS,2017,43127.60516,2287023.628,2017NUNS-,1.699613331
439.9400024,GLASS,2020,50252.06105,2263063.931,2020GLASS-,1.699950549
392.9386902,GLASS,2020,50252.06105,2263063.931,2020GLASS-,1.700844934
730.3513184,LODGE,2014,46471.6089,2165642.738,2014LODGE-,1.701284539
613.369751,CZU LIGHTNING COMPLEX,2020,899769.2245,145650091,2020CZU LIGHTNING COMPLEX-,1.705404873
658.5686646,CZU LIGHTNING COMPLEX,2020,899769.2245,145650091,2020CZU LIGHTNING COMPLEX-,1.706901126
347.7847595,CZU LIGHTNING COMPLEX,2020,899769.2245,145650091,2020CZU LIGHTNING COMPLEX-,1.70925418
454.9172974,MARTIN,2008,9673.019814,518372.6577,2008MARTIN-,1.712707067
762.4407349,INDIAN,2008,17839.09215,4534864.183,2008INDIAN-,1.715401489
692.3148193,NUNS,2017,43127.60516,2287023.628,2017NUNS-,1.716543445
555.4760132,CZU LIGHTNING COMPLEX,2020,899769.2245,145650091,2020CZU LIGHTNING COMPLEX-,1.716563106
628.09021,ORR SERIES,2008,22871.31682,1053586.59,2008ORR SERIES-,1.723314642
635.8068237,CZU LIGHTNING COMPLEX,2020,899769.2245,145650091,2020CZU LIGHTNING COMPLEX-,1.726550534
579.9290161,CZU LIGHTNING COMPLEX,2020,899769.2245,145650091,2020CZU LIGHTNING COMPLEX-,1.727502069
642.1056519,CZU LIGHTNING COMPLEX,2020,899769.2245,145650091,2020CZU LIGHTNING COMPLEX-,1.728345705
566.7702637,CZU LIGHTNING COMPLEX,2020,899769.2245,145650091,2020CZU LIGHTNING COMPLEX-,1.728996377
462.4678345,CZU LIGHTNING COMPLEX,2020,899769.2245,145650091,2020CZU LIGHTNING COMPLEX-,1.733838992
478.3298645,MARTIN,2008,9673.019814,518372.6577,2008MARTIN-,1.73522199
585.303772,CZU LIGHTNING COMPLEX,2020,899769.2245,145650091,2020CZU LIGHTNING COMPLEX-,1.735504488
635.1600342,NUNS,2017,43127.60516,2287023.628,2017NUNS-,1.737561012
523.4885254,CZU LIGHTNING COMPLEX,2020,899769.2245,145650091,2020CZU LIGHTNING COMPLEX-,1.740368497
552.5831299,CZU LIGHTNING COMPLEX,2020,899769.2245,145650091,2020CZU LIGHTNING COMPLEX-,1.74091856
576.612854,CZU LIGHTNING COMPLEX,2020,899769.2245,145650091,2020CZU LIGHTNING COMPLEX-,1.742098439
452.5991211,CZU LIGHTNING COMPLEX,2020,899769.2245,145650091,2020CZU LIGHTNING COMPLEX-,1.742353809
645.5980225,WALBRIDGE,2020,34685.12321,1970691.702,2020WALBRIDGE-,1.753136307
675.71698,ORR SERIES,2008,22871.31682,1053586.59,2008ORR SERIES-,1.753170482
518.1469116,CZU LIGHTNING COMPLEX,2020,899769.2245,145650091,2020CZU LIGHTNING COMPLEX-,1.753766131
593.4873657,CZU LIGHTNING COMPLEX,2020,899769.2245,145650091,2020CZU LIGHTNING COMPLEX-,1.758050644
722.1738892,CHETCO BAR,2017,28687.64862,6998551.507,2017CHETCO BAR-,1.761249323
678.7802734,GLASS,2020,50252.06105,2263063.931,2020GLASS-,1.765805166
643.6425171,LODGE,2014,46471.6089,2165642.738,2014LODGE-,1.767533687
731.7401123,CANOE,2003,108316.1819,30613176.38,2003CANOE-,1.773259212
783.5033569,WALBRIDGE,2020,34685.12321,1970691.702,2020WALBRIDGE-,1.774967836
625.9368896,CZU LIGHTNING COMPLEX,2020,899769.2245,145650091,2020CZU LIGHTNING COMPLEX-,1.776378964
416.2763062,CZU LIGHTNING COMPLEX,2020,899769.2245,145650091,2020CZU LIGHTNING COMPLEX-,1.780670225
524.6841431,CZU LIGHTNING COMPLEX,2020,899769.2245,145650091,2020CZU LIGHTNING COMPLEX-,1.781508871
741.3897705,NUNS,2017,43127.60516,2287023.628,2017NUNS-,1.793760845
661.1884766,CZU LIGHTNING COMPLEX,2020,899769.2245,145650091,2020CZU LIGHTNING COMPLEX-,1.795729599
529.9177856,CZU LIGHTNING COMPLEX,2020,899769.2245,145650091,2020CZU LIGHTNING COMPLEX-,1.799526169
659.2661743,LODGE,2014,46471.6089,2165642.738,2014LODGE-,1.800018992
420.2436829,GLASS,2020,50252.06105,2263063.931,2020GLASS-,1.800753127
517.0881958,CZU LIGHTNING COMPLEX,2020,899769.2245,145650091,2020CZU LIGHTNING COMPLEX-,1.807310235
390.7449646,CZU LIGHTNING COMPLEX,2020,899769.2245,145650091,2020CZU LIGHTNING COMPLEX-,1.808507301
420.326355,CZU LIGHTNING COMPLEX,2020,899769.2245,145650091,2020CZU LIGHTNING COMPLEX-,1.812381099
599.7562866,CZU LIGHTNING COMPLEX,2020,899769.2245,145650091,2020CZU LIGHTNING COMPLEX-,1.814148899
639.3303223,CZU LIGHTNING COMPLEX,2020,899769.2245,145650091,2020CZU LIGHTNING COMPLEX-,1.817045139
548.7037354,CZU LIGHTNING COMPLEX,2020,899769.2245,145650091,2020CZU LIGHTNING COMPLEX-,1.819815395
729.6969604,CANOE,2003,108316.1819,30613176.38,2003CANOE-,1.821418174
639.5474854,CZU LIGHTNING COMPLEX,2020,899769.2245,145650091,2020CZU LIGHTNING COMPLEX-,1.826723091
734.7584839,INDIAN,2008,17839.09215,4534864.183,2008INDIAN-,1.832471161
665.0313721,CZU LIGHTNING COMPLEX,2020,899769.2245,145650091,2020CZU LIGHTNING COMPLEX-,1.832763528
641.9197388,CZU LIGHTNING COMPLEX,2020,899769.2245,145650091,2020CZU LIGHTNING COMPLEX-,1.840663926
521.1713867,CZU LIGHTNING COMPLEX,2020,899769.2245,145650091,2020CZU LIGHTNING COMPLEX-,1.841166409
391.8630371,CZU LIGHTNING COMPLEX,2020,899769.2245,145650091,2020CZU LIGHTNING COMPLEX-,1.842723448
350.4399109,CZU LIGHTNING COMPLEX,2020,899769.2245,145650091,2020CZU LIGHTNING COMPLEX-,1.842787441
530.413147,CZU LIGHTNING COMPLEX,2020,899769.2245,145650091,2020CZU LIGHTNING COMPLEX-,1.845086045
539.3430786,CZU LIGHTNING COMPLEX,2020,899769.2245,145650091,2020CZU LIGHTNING COMPLEX-,1.849975235
547.3230591,NUNS,2017,43127.60516,2287023.628,2017NUNS-,1.855359198
462.8195801,CZU LIGHTNING COMPLEX,2020,899769.2245,145650091,2020CZU LIGHTNING COMPLEX-,1.855822199
506.9241638,CZU LIGHTNING COMPLEX,2020,899769.2245,145650091,2020CZU LIGHTNING COMPLEX-,1.859820066
531.6893921,CZU LIGHTNING COMPLEX,2020,899769.2245,145650091,2020CZU LIGHTNING COMPLEX-,1.863441994
515.6386108,CZU LIGHTNING COMPLEX,2020,899769.2245,145650091,2020CZU LIGHTNING COMPLEX-,1.864566765
666.904541,CZU LIGHTNING COMPLEX,2020,899769.2245,145650091,2020CZU LIGHTNING COMPLEX-,1.865394799
541.6192627,CZU LIGHTNING COMPLEX,2020,899769.2245,145650091,2020CZU LIGHTNING COMPLEX-,1.865751506
658.6477051,CZU LIGHTNING COMPLEX,2020,899769.2245,145650091,2020CZU LIGHTNING COMPLEX-,1.872617076
559.3321533,ORR SERIES,2008,22871.31682,1053586.59,2008ORR SERIES-,1.882495734
515.5967407,CZU LIGHTNING COMPLEX,2020,899769.2245,145650091,2020CZU LIGHTNING COMPLEX-,1.887756706
537.5761719,CZU LIGHTNING COMPLEX,2020,899769.2245,145650091,2020CZU LIGHTNING COMPLEX-,1.89307139
534.7412109,CZU LIGHTNING COMPLEX,2020,899769.2245,145650091,2020CZU LIGHTNING COMPLEX-,1.894505939
479.7030029,NUNS,2017,43127.60516,2287023.628,2017NUNS-,1.900457529
665.0545654,WALBRIDGE,2020,34685.12321,1970691.702,2020WALBRIDGE-,1.901091427
338.2092896,CZU LIGHTNING COMPLEX,2020,899769.2245,145650091,2020CZU LIGHTNING COMPLEX-,1.901550046
660.5394287,CANOE,2003,108316.1819,30613176.38,2003CANOE-,1.90174249
435.4727173,CZU LIGHTNING COMPLEX,2020,899769.2245,145650091,2020CZU LIGHTNING COMPLEX-,1.901751687
380.1152039,CZU LIGHTNING COMPLEX,2020,899769.2245,145650091,2020CZU LIGHTNING COMPLEX-,1.902367919
558.8986816,CZU LIGHTNING COMPLEX,2020,899769.2245,145650091,2020CZU LIGHTNING COMPLEX-,1.903543192
572.2329712,CZU LIGHTNING COMPLEX,2020,899769.2245,145650091,2020CZU LIGHTNING COMPLEX-,1.904985726
774.2021484,MEYERS,2020,31666.98984,2323941.628,2020MEYERS-,1.907562609
465.4467773,CZU LIGHTNING COMPLEX,2020,899769.2245,145650091,2020CZU LIGHTNING COMPLEX-,1.911909289
576.2159424,CZU LIGHTNING COMPLEX,2020,899769.2245,145650091,2020CZU LIGHTNING COMPLEX-,1.914848288
593.2001953,CZU LIGHTNING COMPLEX,2020,899769.2245,145650091,2020CZU LIGHTNING COMPLEX-,1.914902058
515.635498,CZU LIGHTNING COMPLEX,2020,899769.2245,145650091,2020CZU LIGHTNING COMPLEX-,1.916573757
748.8113403,NAVARRO,2008,11911.63913,1762893.727,2008NAVARRO-,1.918313234
757.9724121,WALBRIDGE,2020,34685.12321,1970691.702,2020WALBRIDGE-,1.91862347
633.7678223,CZU LIGHTNING COMPLEX,2020,899769.2245,145650091,2020CZU LIGHTNING COMPLEX-,1.919348813
665.8137207,CZU LIGHTNING COMPLEX,2020,899769.2245,145650091,2020CZU LIGHTNING COMPLEX-,1.92129152
530.9984741,CZU LIGHTNING COMPLEX,2020,899769.2245,145650091,2020CZU LIGHTNING COMPLEX-,1.922756411
553.7399292,CZU LIGHTNING COMPLEX,2020,899769.2245,145650091,2020CZU LIGHTNING COMPLEX-,1.923913767
726.8421021,WALBRIDGE,2020,34685.12321,1970691.702,2020WALBRIDGE-,1.924041504
463.5687256,CZU LIGHTNING COMPLEX,2020,899769.2245,145650091,2020CZU LIGHTNING COMPLEX-,1.928771463
749.239624,NAVARRO,2008,11911.63913,1762893.727,2008NAVARRO-,1.932435551
798.050415,WALBRIDGE,2020,34685.12321,1970691.702,2020WALBRIDGE-,1.934207337
684.8088989,CZU LIGHTNING COMPLEX,2020,899769.2245,145650091,2020CZU LIGHTNING COMPLEX-,1.935533603
362.2166443,CZU LIGHTNING COMPLEX,2020,899769.2245,145650091,2020CZU LIGHTNING COMPLEX-,1.94379899
663.47052,CANOE,2003,108316.1819,30613176.38,2003CANOE-,1.945268689
562.8135986,CZU LIGHTNING COMPLEX,2020,899769.2245,145650091,2020CZU LIGHTNING COMPLEX-,1.952639824
588.677002,CZU LIGHTNING COMPLEX,2020,899769.2245,145650091,2020CZU LIGHTNING COMPLEX-,1.953688953
720.4202271,MEYERS,2020,31666.98984,2323941.628,2020MEYERS-,1.954197083
701.3377075,GLASS,2020,50252.06105,2263063.931,2020GLASS-,1.955603864
701.3377075,NUNS,2017,43127.60516,2287023.628,2017NUNS-,1.955603864
660.1479492,CZU LIGHTNING COMPLEX,2020,899769.2245,145650091,2020CZU LIGHTNING COMPLEX-,1.959355018
477.7362976,CZU LIGHTNING COMPLEX,2020,899769.2245,145650091,2020CZU LIGHTNING COMPLEX-,1.961136911
533.2041626,CANOE,2003,108316.1819,30613176.38,2003CANOE-,1.962086256
555.5716553,CZU LIGHTNING COMPLEX,2020,899769.2245,145650091,2020CZU LIGHTNING COMPLEX-,1.963049221
518.9205933,CZU LIGHTNING COMPLEX,2020,899769.2245,145650091,2020CZU LIGHTNING COMPLEX-,1.965179795
643.0281982,CZU LIGHTNING COMPLEX,2020,899769.2245,145650091,2020CZU LIGHTNING COMPLEX-,1.9658192
511.0800171,NUNS,2017,43127.60516,2287023.628,2017NUNS-,1.967437716
605.0736694,CZU LIGHTNING COMPLEX,2020,899769.2245,145650091,2020CZU LIGHTNING COMPLEX-,1.975392338
489.1604919,CZU LIGHTNING COMPLEX,2020,899769.2245,145650091,2020CZU LIGHTNING COMPLEX-,1.976399339
536.0569458,CZU LIGHTNING COMPLEX,2020,899769.2245,145650091,2020CZU LIGHTNING COMPLEX-,1.979010002
788.5949707,CZU LIGHTNING COMPLEX,2020,899769.2245,145650091,2020CZU LIGHTNING COMPLEX-,1.984151838
594.2516479,CZU LIGHTNING COMPLEX,2020,899769.2245,145650091,2020CZU LIGHTNING COMPLEX-,1.984181772
527.0745239,CZU LIGHTNING COMPLEX,2020,899769.2245,145650091,2020CZU LIGHTNING COMPLEX-,1.985042351
565.4575806,CZU LIGHTNING COMPLEX,2020,899769.2245,145650091,2020CZU LIGHTNING COMPLEX-,1.989737916
531.489624,CZU LIGHTNING COMPLEX,2020,899769.2245,145650091,2020CZU LIGHTNING COMPLEX-,1.994968847
531.489624,MARTIN,2008,9673.019814,518372.6577,2008MARTIN-,1.994968847
635.8238525,CZU LIGHTNING COMPLEX,2020,899769.2245,145650091,2020CZU LIGHTNING COMPLEX-,1.995419966
645.3805542,CZU LIGHTNING COMPLEX,2020,899769.2245,145650091,2020CZU LIGHTNING COMPLEX-,1.999471338
660.8087158,CZU LIGHTNING COMPLEX,2020,899769.2245,145650091,2020CZU LIGHTNING COMPLEX-,2.001590751
683.4989624,CZU LIGHTNING COMPLEX,2020,899769.2245,145650091,2020CZU LIGHTNING COMPLEX-,2.001647641
707.8370972,LODGE,2014,46471.6089,2165642.738,2014LODGE-,2.001939779
659.710144,LODGE,2014,46471.6089,2165642.738,2014LODGE-,2.005504494
706.3320313,GLASS,2020,50252.06105,2263063.931,2020GLASS-,2.015087861
706.3320313,NUNS,2017,43127.60516,2287023.628,2017NUNS-,2.015087861
714.5369873,CZU LIGHTNING COMPLEX,2020,899769.2245,145650091,2020CZU LIGHTNING COMPLEX-,2.018187242
577.0858765,CZU LIGHTNING COMPLEX,2020,899769.2245,145650091,2020CZU LIGHTNING COMPLEX-,2.023316327
600.5253906,CZU LIGHTNING COMPLEX,2020,899769.2245,145650091,2020CZU LIGHTNING COMPLEX-,2.026966247
639.7437134,ORR SERIES,2008,22871.31682,1053586.59,2008ORR SERIES-,2.029170682
529.5285645,CZU LIGHTNING COMPLEX,2020,899769.2245,145650091,2020CZU LIGHTNING COMPLEX-,2.034170547
558.553833,CZU LIGHTNING COMPLEX,2020,899769.2245,145650091,2020CZU LIGHTNING COMPLEX-,2.037551887
718.6098022,GLASS,2020,50252.06105,2263063.931,2020GLASS-,2.039668499
718.6098022,NUNS,2017,43127.60516,2287023.628,2017NUNS-,2.039668499
742.0908203,INDIAN,2008,17839.09215,4534864.183,2008INDIAN-,2.043891189
446.7446594,CZU LIGHTNING COMPLEX,2020,899769.2245,145650091,2020CZU LIGHTNING COMPLEX-,2.045057587
616.8292236,NUNS,2017,43127.60516,2287023.628,2017NUNS-,2.050937561
641.6757202,CZU LIGHTNING COMPLEX,2020,899769.2245,145650091,2020CZU LIGHTNING COMPLEX-,2.05580507
393.9903564,CZU LIGHTNING COMPLEX,2020,899769.2245,145650091,2020CZU LIGHTNING COMPLEX-,2.057959937
695.8601074,CZU LIGHTNING COMPLEX,2020,899769.2245,145650091,2020CZU LIGHTNING COMPLEX-,2.073420119
543.2345581,CZU LIGHTNING COMPLEX,2020,899769.2245,145650091,2020CZU LIGHTNING COMPLEX-,2.075194583
561.6259766,CZU LIGHTNING COMPLEX,2020,899769.2245,145650091,2020CZU LIGHTNING COMPLEX-,2.075761706
602.9658203,CZU LIGHTNING COMPLEX,2020,899769.2245,145650091,2020CZU LIGHTNING COMPLEX-,2.076764643
545.0634766,TUBBS,2017,17899.28548,937389.0541,2017TUBBS-,2.080693935
510.0219116,CZU LIGHTNING COMPLEX,2020,899769.2245,145650091,2020CZU LIGHTNING COMPLEX-,2.082686993
525.2260742,CZU LIGHTNING COMPLEX,2020,899769.2245,145650091,2020CZU LIGHTNING COMPLEX-,2.083281925
687.7224731,CANOE,2003,108316.1819,30613176.38,2003CANOE-,2.083444281
608.6908569,CZU LIGHTNING COMPLEX,2020,899769.2245,145650091,2020CZU LIGHTNING COMPLEX-,2.095456297
409.7723694,CZU LIGHTNING COMPLEX,2020,899769.2245,145650091,2020CZU LIGHTNING COMPLEX-,2.097883271
554.7783813,CZU LIGHTNING COMPLEX,2020,899769.2245,145650091,2020CZU LIGHTNING COMPLEX-,2.102827856
744.5257568,INDIAN,2008,17839.09215,4534864.183,2008INDIAN-,2.105046049
646.8450317,LODGE,2014,46471.6089,2165642.738,2014LODGE-,2.111847245
549.874939,CZU LIGHTNING COMPLEX,2020,899769.2245,145650091,2020CZU LIGHTNING COMPLEX-,2.112379998
642.2879639,CZU LIGHTNING COMPLEX,2020,899769.2245,145650091,2020CZU LIGHTNING COMPLEX-,2.115409747
662.4978027,LODGE,2014,46471.6089,2165642.738,2014LODGE-,2.120369429
522.9821167,NUNS,2017,43127.60516,2287023.628,2017NUNS-,2.123178547
648.7079468,MARTIN,2008,9673.019814,518372.6577,2008MARTIN-,2.125827712
545.909668,CZU LIGHTNING COMPLEX,2020,899769.2245,145650091,2020CZU LIGHTNING COMPLEX-,2.12913609
714.6663818,CZU LIGHTNING COMPLEX,2020,899769.2245,145650091,2020CZU LIGHTNING COMPLEX-,2.131811071
544.1362915,CZU LIGHTNING COMPLEX,2020,899769.2245,145650091,2020CZU LIGHTNING COMPLEX-,2.132770478
682.2667847,WALBRIDGE,2020,34685.12321,1970691.702,2020WALBRIDGE-,2.143151673
617.3615112,CZU LIGHTNING COMPLEX,2020,899769.2245,145650091,2020CZU LIGHTNING COMPLEX-,2.14389955
536.6708374,CZU LIGHTNING COMPLEX,2020,899769.2245,145650091,2020CZU LIGHTNING COMPLEX-,2.148299112
745.7941284,NUNS,2017,43127.60516,2287023.628,2017NUNS-,2.149183766
694.9083252,CANOE,2003,108316.1819,30613176.38,2003CANOE-,2.151901627
728.9891968,CANOE,2003,108316.1819,30613176.38,2003CANOE-,2.155064389
655.4095459,ORR SERIES,2008,22871.31682,1053586.59,2008ORR SERIES-,2.155149157
441.7885437,CZU LIGHTNING COMPLEX,2020,899769.2245,145650091,2020CZU LIGHTNING COMPLEX-,2.155185974
704.4197998,CZU LIGHTNING COMPLEX,2020,899769.2245,145650091,2020CZU LIGHTNING COMPLEX-,2.165821144
700.5892334,CANOE,2003,108316.1819,30613176.38,2003CANOE-,2.168530743
604.6849976,CANOE,2003,108316.1819,30613176.38,2003CANOE-,2.169319072
531.0001831,CZU LIGHTNING COMPLEX,2020,899769.2245,145650091,2020CZU LIGHTNING COMPLEX-,2.178841024
731.3693237,CANOE,2003,108316.1819,30613176.38,2003CANOE-,2.182480959
689.1424561,TUBBS,2017,17899.28548,937389.0541,2017TUBBS-,2.183537828
631.355957,CZU LIGHTNING COMPLEX,2020,899769.2245,145650091,2020CZU LIGHTNING COMPLEX-,2.183987763
482.3652649,CZU LIGHTNING COMPLEX,2020,899769.2245,145650091,2020CZU LIGHTNING COMPLEX-,2.186529061
548.6953735,CZU LIGHTNING COMPLEX,2020,899769.2245,145650091,2020CZU LIGHTNING COMPLEX-,2.186708075
702.3553467,CZU LIGHTNING COMPLEX,2020,899769.2245,145650091,2020CZU LIGHTNING COMPLEX-,2.190579868
718.1207886,MEYERS,2020,31666.98984,2323941.628,2020MEYERS-,2.19357805
649.9848022,KINCADE,2019,5815.807036,310653.4472,2019KINCADE-,2.195179817
649.9848022,TUBBS,2017,17899.28548,937389.0541,2017TUBBS-,2.195179817
568.951355,CZU LIGHTNING COMPLEX,2020,899769.2245,145650091,2020CZU LIGHTNING COMPLEX-,2.197774116
716.5240479,CHETCO BAR,2017,28687.64862,6998551.507,2017CHETCO BAR-,2.198481646
447.9404297,CZU LIGHTNING COMPLEX,2020,899769.2245,145650091,2020CZU LIGHTNING COMPLEX-,2.205265864
619.6856689,CZU LIGHTNING COMPLEX,2020,899769.2245,145650091,2020CZU LIGHTNING COMPLEX-,2.207643178
539.4880371,CZU LIGHTNING COMPLEX,2020,899769.2245,145650091,2020CZU LIGHTNING COMPLEX-,2.214272928
761.6018677,INDIAN,2008,17839.09215,4534864.183,2008INDIAN-,2.215086472
663.0009155,MEYERS,2020,31666.98984,2323941.628,2020MEYERS-,2.220785404
840.2610474,WALBRIDGE,2020,34685.12321,1970691.702,2020WALBRIDGE-,2.22679931
572.4672852,CZU LIGHTNING COMPLEX,2020,899769.2245,145650091,2020CZU LIGHTNING COMPLEX-,2.228201561
730.1027222,MEYERS,2020,31666.98984,2323941.628,2020MEYERS-,2.22911062
641.1278687,MEYERS,2020,31666.98984,2323941.628,2020MEYERS-,2.229971135
449.9525757,CZU LIGHTNING COMPLEX,2020,899769.2245,145650091,2020CZU LIGHTNING COMPLEX-,2.232875372
544.0106812,CZU LIGHTNING COMPLEX,2020,899769.2245,145650091,2020CZU LIGHTNING COMPLEX-,2.239794829
431.3428955,CZU LIGHTNING COMPLEX,2020,899769.2245,145650091,2020CZU LIGHTNING COMPLEX-,2.240034148
723.7315674,CZU LIGHTNING COMPLEX,2020,899769.2245,145650091,2020CZU LIGHTNING COMPLEX-,2.241566651
380.3157654,CZU LIGHTNING COMPLEX,2020,899769.2245,145650091,2020CZU LIGHTNING COMPLEX-,2.247063072
606.5947876,NUNS,2017,43127.60516,2287023.628,2017NUNS-,2.248374765
646.6743164,WALBRIDGE,2020,34685.12321,1970691.702,2020WALBRIDGE-,2.250121146
501.4735718,CZU LIGHTNING COMPLEX,2020,899769.2245,145650091,2020CZU LIGHTNING COMPLEX-,2.250507427
682.3085327,CZU LIGHTNING COMPLEX,2020,899769.2245,145650091,2020CZU LIGHTNING COMPLEX-,2.256262571
600.2409668,CZU LIGHTNING COMPLEX,2020,899769.2245,145650091,2020CZU LIGHTNING COMPLEX-,2.258216276
463.9662476,CZU LIGHTNING COMPLEX,2020,899769.2245,145650091,2020CZU LIGHTNING COMPLEX-,2.260013438
457.9736328,CZU LIGHTNING COMPLEX,2020,899769.2245,145650091,2020CZU LIGHTNING COMPLEX-,2.261275867
667.6243286,NUNS,2017,43127.60516,2287023.628,2017NUNS-,2.262158735
608.536499,CZU LIGHTNING COMPLEX,2020,899769.2245,145650091,2020CZU LIGHTNING COMPLEX-,2.2639314
702.0759277,WALBRIDGE,2020,34685.12321,1970691.702,2020WALBRIDGE-,2.266787176
575.5249634,CZU LIGHTNING COMPLEX,2020,899769.2245,145650091,2020CZU LIGHTNING COMPLEX-,2.268789096
470.7562256,CZU LIGHTNING COMPLEX,2020,899769.2245,145650091,2020CZU LIGHTNING COMPLEX-,2.269054556
553.9297485,CZU LIGHTNING COMPLEX,2020,899769.2245,145650091,2020CZU LIGHTNING COMPLEX-,2.269432769
572.4433594,CZU LIGHTNING COMPLEX,2020,899769.2245,145650091,2020CZU LIGHTNING COMPLEX-,2.269435519
606.673584,CZU LIGHTNING COMPLEX,2020,899769.2245,145650091,2020CZU LIGHTNING COMPLEX-,2.270324807
711.7467651,TUBBS,2017,17899.28548,937389.0541,2017TUBBS-,2.275193983
653.8474731,CZU LIGHTNING COMPLEX,2020,899769.2245,145650091,2020CZU LIGHTNING COMPLEX-,2.275858403
448.768219,CZU LIGHTNING COMPLEX,2020,899769.2245,145650091,2020CZU LIGHTNING COMPLEX-,2.282503975
330.4749146,CZU LIGHTNING COMPLEX,2020,899769.2245,145650091,2020CZU LIGHTNING COMPLEX-,2.285559943
689.5448608,CZU LIGHTNING COMPLEX,2020,899769.2245,145650091,2020CZU LIGHTNING COMPLEX-,2.286930975
735.6624756,ORR SERIES,2008,22871.31682,1053586.59,2008ORR SERIES-,2.28770782
771.395813,WALBRIDGE,2020,34685.12321,1970691.702,2020WALBRIDGE-,2.288203929
709.5010376,LODGE,2014,46471.6089,2165642.738,2014LODGE-,2.28846899
446.6397705,CZU LIGHTNING COMPLEX,2020,899769.2245,145650091,2020CZU LIGHTNING COMPLEX-,2.292010673
581.2216797,CZU LIGHTNING COMPLEX,2020,899769.2245,145650091,2020CZU LIGHTNING COMPLEX-,2.298714244
740.6963501,MEYERS,2020,31666.98984,2323941.628,2020MEYERS-,2.300074293
714.1992798,CHETCO BAR,2017,28687.64862,6998551.507,2017CHETCO BAR-,2.300482101
686.2607422,LODGE,2014,46471.6089,2165642.738,2014LODGE-,2.30075269
583.8588257,CZU LIGHTNING COMPLEX,2020,899769.2245,145650091,2020CZU LIGHTNING COMPLEX-,2.302352074
709.7476807,CHETCO BAR,2017,28687.64862,6998551.507,2017CHETCO BAR-,2.308194951
700.8881836,CANOE,2003,108316.1819,30613176.38,2003CANOE-,2.308456716
713.7090454,TUBBS,2017,17899.28548,937389.0541,2017TUBBS-,2.312154294
768.2515259,CZU LIGHTNING COMPLEX,2020,899769.2245,145650091,2020CZU LIGHTNING COMPLEX-,2.312432634
303.59375,CZU LIGHTNING COMPLEX,2020,899769.2245,145650091,2020CZU LIGHTNING COMPLEX-,2.317343284
523.9897461,CZU LIGHTNING COMPLEX,2020,899769.2245,145650091,2020CZU LIGHTNING COMPLEX-,2.319901504
562.2242432,CZU LIGHTNING COMPLEX,2020,899769.2245,145650091,2020CZU LIGHTNING COMPLEX-,2.327229404
728.5928955,CZU LIGHTNING COMPLEX,2020,899769.2245,145650091,2020CZU LIGHTNING COMPLEX-,2.327830441
716.0588989,CANOE,2003,108316.1819,30613176.38,2003CANOE-,2.328184432
748.4287109,CANOE,2003,108316.1819,30613176.38,2003CANOE-,2.330761869
562.883667,CZU LIGHTNING COMPLEX,2020,899769.2245,145650091,2020CZU LIGHTNING COMPLEX-,2.333428625
494.5712585,CZU LIGHTNING COMPLEX,2020,899769.2245,145650091,2020CZU LIGHTNING COMPLEX-,2.333978133
702.7905884,NUNS,2017,43127.60516,2287023.628,2017NUNS-,2.338685019
717.9716187,LODGE,2014,46471.6089,2165642.738,2014LODGE-,2.340370347
650.2376099,CZU LIGHTNING COMPLEX,2020,899769.2245,145650091,2020CZU LIGHTNING COMPLEX-,2.346244808
340.9540405,CZU LIGHTNING COMPLEX,2020,899769.2245,145650091,2020CZU LIGHTNING COMPLEX-,2.346746801
368.5128479,CZU LIGHTNING COMPLEX,2020,899769.2245,145650091,2020CZU LIGHTNING COMPLEX-,2.346828939
791.0149536,GLASS,2020,50252.06105,2263063.931,2020GLASS-,2.353118117
478.7228088,CZU LIGHTNING COMPLEX,2020,899769.2245,145650091,2020CZU LIGHTNING COMPLEX-,2.35550317
739.5854492,CANOE,2003,108316.1819,30613176.38,2003CANOE-,2.360566397
684.4332275,MEYERS,2020,31666.98984,2323941.628,2020MEYERS-,2.361399008
716.6426392,CZU LIGHTNING COMPLEX,2020,899769.2245,145650091,2020CZU LIGHTNING COMPLEX-,2.373936652
716.2600708,CZU LIGHTNING COMPLEX,2020,899769.2245,145650091,2020CZU LIGHTNING COMPLEX-,2.378149836
84.68240356,CZU LIGHTNING COMPLEX,2020,899769.2245,145650091,2020CZU LIGHTNING COMPLEX-,2.379839799
679.0689697,CZU LIGHTNING COMPLEX,2020,899769.2245,145650091,2020CZU LIGHTNING COMPLEX-,2.383503208
719.8764038,WALBRIDGE,2020,34685.12321,1970691.702,2020WALBRIDGE-,2.383643235
587.4818726,CZU LIGHTNING COMPLEX,2020,899769.2245,145650091,2020CZU LIGHTNING COMPLEX-,2.389054838
563.5997925,CZU LIGHTNING COMPLEX,2020,899769.2245,145650091,2020CZU LIGHTNING COMPLEX-,2.390969757
329.1268005,CZU LIGHTNING COMPLEX,2020,899769.2245,145650091,2020CZU LIGHTNING COMPLEX-,2.392546476
583.0960083,ORR SERIES,2008,22871.31682,1053586.59,2008ORR SERIES-,2.397794618
416.041626,CHETCO BAR,2017,28687.64862,6998551.507,2017CHETCO BAR-,2.397935683
551.4260864,CZU LIGHTNING COMPLEX,2020,899769.2245,145650091,2020CZU LIGHTNING COMPLEX-,2.403999326
681.9126587,NUNS,2017,43127.60516,2287023.628,2017NUNS-,2.405313391
408.9836121,CZU LIGHTNING COMPLEX,2020,899769.2245,145650091,2020CZU LIGHTNING COMPLEX-,2.405974529
642.9223633,CZU LIGHTNING COMPLEX,2020,899769.2245,145650091,2020CZU LIGHTNING COMPLEX-,2.414605967
535.8641357,CZU LIGHTNING COMPLEX,2020,899769.2245,145650091,2020CZU LIGHTNING COMPLEX-,2.421635538
596.5004883,NUNS,2017,43127.60516,2287023.628,2017NUNS-,2.425500493
628.9215698,CZU LIGHTNING COMPLEX,2020,899769.2245,145650091,2020CZU LIGHTNING COMPLEX-,2.431215269
634.5216675,CZU LIGHTNING COMPLEX,2020,899769.2245,145650091,2020CZU LIGHTNING COMPLEX-,2.43374887
501.4811707,CZU LIGHTNING COMPLEX,2020,899769.2245,145650091,2020CZU LIGHTNING COMPLEX-,2.445654117
550.9346313,CZU LIGHTNING COMPLEX,2020,899769.2245,145650091,2020CZU LIGHTNING COMPLEX-,2.451398403
483.7353516,CZU LIGHTNING COMPLEX,2020,899769.2245,145650091,2020CZU LIGHTNING COMPLEX-,2.453744064
657.5866089,CANOE,2003,108316.1819,30613176.38,2003CANOE-,2.454960151
623.2950439,NUNS,2017,43127.60516,2287023.628,2017NUNS-,2.462362907
536.4453125,CZU LIGHTNING COMPLEX,2020,899769.2245,145650091,2020CZU LIGHTNING COMPLEX-,2.464910469
551.8898315,CZU LIGHTNING COMPLEX,2020,899769.2245,145650091,2020CZU LIGHTNING COMPLEX-,2.465156355
724.1091919,CHETCO BAR,2017,28687.64862,6998551.507,2017CHETCO BAR-,2.469101413
658.6988525,CZU LIGHTNING COMPLEX,2020,899769.2245,145650091,2020CZU LIGHTNING COMPLEX-,2.476524858
340.4346924,CZU LIGHTNING COMPLEX,2020,899769.2245,145650091,2020CZU LIGHTNING COMPLEX-,2.484587287
547.5907593,CZU LIGHTNING COMPLEX,2020,899769.2245,145650091,2020CZU LIGHTNING COMPLEX-,2.485424476
715.0371704,CHETCO BAR,2017,28687.64862,6998551.507,2017CHETCO BAR-,2.495156763
541.0537109,CZU LIGHTNING COMPLEX,2020,899769.2245,145650091,2020CZU LIGHTNING COMPLEX-,2.495244747
711.7379761,CHETCO BAR,2017,28687.64862,6998551.507,2017CHETCO BAR-,2.497803584
589.1744995,MEYERS,2020,31666.98984,2323941.628,2020MEYERS-,2.501618468
444.5959473,CZU LIGHTNING COMPLEX,2020,899769.2245,145650091,2020CZU LIGHTNING COMPLEX-,2.502369261
502.2407227,NUNS,2017,43127.60516,2287023.628,2017NUNS-,2.506117877
533.7166138,CZU LIGHTNING COMPLEX,2020,899769.2245,145650091,2020CZU LIGHTNING COMPLEX-,2.507733624
628.3868408,ORR SERIES,2008,22871.31682,1053586.59,2008ORR SERIES-,2.511231243
307.63974,CZU LIGHTNING COMPLEX,2020,899769.2245,145650091,2020CZU LIGHTNING COMPLEX-,2.511718526
635.0540161,CZU LIGHTNING COMPLEX,2020,899769.2245,145650091,2020CZU LIGHTNING COMPLEX-,2.513938849
660.7578735,CZU LIGHTNING COMPLEX,2020,899769.2245,145650091,2020CZU LIGHTNING COMPLEX-,2.518281823
605.036438,CANOE,2003,108316.1819,30613176.38,2003CANOE-,2.521000532
648.8297729,CZU LIGHTNING COMPLEX,2020,899769.2245,145650091,2020CZU LIGHTNING COMPLEX-,2.523656154
677.1014404,GLASS,2020,50252.06105,2263063.931,2020GLASS-,2.534851288
462.9372253,CZU LIGHTNING COMPLEX,2020,899769.2245,145650091,2020CZU LIGHTNING COMPLEX-,2.5350862
750.0098267,CZU LIGHTNING COMPLEX,2020,899769.2245,145650091,2020CZU LIGHTNING COMPLEX-,2.536498456
609.413147,CZU LIGHTNING COMPLEX,2020,899769.2245,145650091,2020CZU LIGHTNING COMPLEX-,2.537902801
573.6372681,CZU LIGHTNING COMPLEX,2020,899769.2245,145650091,2020CZU LIGHTNING COMPLEX-,2.542365701
549.4251709,CZU LIGHTNING COMPLEX,2020,899769.2245,145650091,2020CZU LIGHTNING COMPLEX-,2.543858061
736.8173828,INDIAN,2008,17839.09215,4534864.183,2008INDIAN-,2.547008386
574.651123,CZU LIGHTNING COMPLEX,2020,899769.2245,145650091,2020CZU LIGHTNING COMPLEX-,2.550495648
674.3551636,CZU LIGHTNING COMPLEX,2020,899769.2245,145650091,2020CZU LIGHTNING COMPLEX-,2.555216072
535.8995972,CZU LIGHTNING COMPLEX,2020,899769.2245,145650091,2020CZU LIGHTNING COMPLEX-,2.555444914
523.9099731,CZU LIGHTNING COMPLEX,2020,899769.2245,145650091,2020CZU LIGHTNING COMPLEX-,2.556986021
775.6146851,CZU LIGHTNING COMPLEX,2020,899769.2245,145650091,2020CZU LIGHTNING COMPLEX-,2.565969427
508.8595886,GLASS,2020,50252.06105,2263063.931,2020GLASS-,2.568066093
688.8114014,CANOE,2003,108316.1819,30613176.38,2003CANOE-,2.57163612
623.40802,CANOE,2003,108316.1819,30613176.38,2003CANOE-,2.572726554
701.7487183,CZU LIGHTNING COMPLEX,2020,899769.2245,145650091,2020CZU LIGHTNING COMPLEX-,2.574135124
465.8169556,CZU LIGHTNING COMPLEX,2020,899769.2245,145650091,2020CZU LIGHTNING COMPLEX-,2.575256104
562.9989014,CZU LIGHTNING COMPLEX,2020,899769.2245,145650091,2020CZU LIGHTNING COMPLEX-,2.577419589
725.0698853,GLASS,2020,50252.06105,2263063.931,2020GLASS-,2.582152305
523.2049561,WALBRIDGE,2020,34685.12321,1970691.702,2020WALBRIDGE-,2.582426288
588.5021973,CHETCO BAR,2017,28687.64862,6998551.507,2017CHETCO BAR-,2.583423874
607.4940186,CZU LIGHTNING COMPLEX,2020,899769.2245,145650091,2020CZU LIGHTNING COMPLEX-,2.586369099
469.1862488,CZU LIGHTNING COMPLEX,2020,899769.2245,145650091,2020CZU LIGHTNING COMPLEX-,2.588388366
320.956543,CZU LIGHTNING COMPLEX,2020,899769.2245,145650091,2020CZU LIGHTNING COMPLEX-,2.590974515
679.7625732,CZU LIGHTNING COMPLEX,2020,899769.2245,145650091,2020CZU LIGHTNING COMPLEX-,2.591082338
685.8417358,NUNS,2017,43127.60516,2287023.628,2017NUNS-,2.594022544
734.3208008,INDIAN,2008,17839.09215,4534864.183,2008INDIAN-,2.594734989
519.2518311,CZU LIGHTNING COMPLEX,2020,899769.2245,145650091,2020CZU LIGHTNING COMPLEX-,2.597289483
691.2709351,CANOE,2003,108316.1819,30613176.38,2003CANOE-,2.602093116
368.2945251,CZU LIGHTNING COMPLEX,2020,899769.2245,145650091,2020CZU LIGHTNING COMPLEX-,2.610378584
633.0460205,CZU LIGHTNING COMPLEX,2020,899769.2245,145650091,2020CZU LIGHTNING COMPLEX-,2.611639296
558.9241333,CZU LIGHTNING COMPLEX,2020,899769.2245,145650091,2020CZU LIGHTNING COMPLEX-,2.628565218
492.5863342,CZU LIGHTNING COMPLEX,2020,899769.2245,145650091,2020CZU LIGHTNING COMPLEX-,2.629136889
726.9071045,CANOE,2003,108316.1819,30613176.38,2003CANOE-,2.632924955
419.7575684,CZU LIGHTNING COMPLEX,2020,899769.2245,145650091,2020CZU LIGHTNING COMPLEX-,2.639430436
442.2917175,CZU LIGHTNING COMPLEX,2020,899769.2245,145650091,2020CZU LIGHTNING COMPLEX-,2.645883604
701.1977539,CZU LIGHTNING COMPLEX,2020,899769.2245,145650091,2020CZU LIGHTNING COMPLEX-,2.646074504
590.5895996,CZU LIGHTNING COMPLEX,2020,899769.2245,145650091,2020CZU LIGHTNING COMPLEX-,2.648174902
532.208374,CZU LIGHTNING COMPLEX,2020,899769.2245,145650091,2020CZU LIGHTNING COMPLEX-,2.648543613
725.2350464,ORR SERIES,2008,22871.31682,1053586.59,2008ORR SERIES-,2.654041994
580.7630005,CZU LIGHTNING COMPLEX,2020,899769.2245,145650091,2020CZU LIGHTNING COMPLEX-,2.655167587
600.7145386,CZU LIGHTNING COMPLEX,2020,899769.2245,145650091,2020CZU LIGHTNING COMPLEX-,2.662797525
548.8942261,CZU LIGHTNING COMPLEX,2020,899769.2245,145650091,2020CZU LIGHTNING COMPLEX-,2.665103157
566.4073486,CZU LIGHTNING COMPLEX,2020,899769.2245,145650091,2020CZU LIGHTNING COMPLEX-,2.66851686
600.6188965,CZU LIGHTNING COMPLEX,2020,899769.2245,145650091,2020CZU LIGHTNING COMPLEX-,2.669621108
364.269104,CZU LIGHTNING COMPLEX,2020,899769.2245,145650091,2020CZU LIGHTNING COMPLEX-,2.672781922
607.6662598,CZU LIGHTNING COMPLEX,2020,899769.2245,145650091,2020CZU LIGHTNING COMPLEX-,2.676328849
692.81073,CHETCO BAR,2017,28687.64862,6998551.507,2017CHETCO BAR-,2.677447854
633.2134399,CZU LIGHTNING COMPLEX,2020,899769.2245,145650091,2020CZU LIGHTNING COMPLEX-,2.681025014
624.8598633,ORR SERIES,2008,22871.31682,1053586.59,2008ORR SERIES-,2.682840387
691.1503296,CZU LIGHTNING COMPLEX,2020,899769.2245,145650091,2020CZU LIGHTNING COMPLEX-,2.683812679
674.0875854,GLASS,2020,50252.06105,2263063.931,2020GLASS-,2.687837832
697.6685791,CZU LIGHTNING COMPLEX,2020,899769.2245,145650091,2020CZU LIGHTNING COMPLEX-,2.692502588
637.9173584,TUBBS,2017,17899.28548,937389.0541,2017TUBBS-,2.70852157
534.5663452,CZU LIGHTNING COMPLEX,2020,899769.2245,145650091,2020CZU LIGHTNING COMPLEX-,2.7095311
375.9570923,CZU LIGHTNING COMPLEX,2020,899769.2245,145650091,2020CZU LIGHTNING COMPLEX-,2.716331667
605.0193481,CANOE,2003,108316.1819,30613176.38,2003CANOE-,2.718158006
521.6636963,CZU LIGHTNING COMPLEX,2020,899769.2245,145650091,2020CZU LIGHTNING COMPLEX-,2.720299385
685.0751953,CZU LIGHTNING COMPLEX,2020,899769.2245,145650091,2020CZU LIGHTNING COMPLEX-,2.728101598
607.9494019,CHETCO BAR,2017,28687.64862,6998551.507,2017CHETCO BAR-,2.730271989
707.0222168,CHETCO BAR,2017,28687.64862,6998551.507,2017CHETCO BAR-,2.731358845
709.0478516,CANOE,2003,108316.1819,30613176.38,2003CANOE-,2.732974955
716.8607178,NAVARRO,2008,11911.63913,1762893.727,2008NAVARRO-,2.736368059
734.0166626,INDIAN,2008,17839.09215,4534864.183,2008INDIAN-,2.738681741
723.8690796,CZU LIGHTNING COMPLEX,2020,899769.2245,145650091,2020CZU LIGHTNING COMPLEX-,2.739534993
534.1786499,CZU LIGHTNING COMPLEX,2020,899769.2245,145650091,2020CZU LIGHTNING COMPLEX-,2.740345687
582.9497681,CZU LIGHTNING COMPLEX,2020,899769.2245,145650091,2020CZU LIGHTNING COMPLEX-,2.742200482
651.5605469,CZU LIGHTNING COMPLEX,2020,899769.2245,145650091,2020CZU LIGHTNING COMPLEX-,2.745051487
666.2307739,CANOE,2003,108316.1819,30613176.38,2003CANOE-,2.750063709
749.6627808,CZU LIGHTNING COMPLEX,2020,899769.2245,145650091,2020CZU LIGHTNING COMPLEX-,2.751496215
706.6716919,GLASS,2020,50252.06105,2263063.931,2020GLASS-,2.751676245
546.3859253,CZU LIGHTNING COMPLEX,2020,899769.2245,145650091,2020CZU LIGHTNING COMPLEX-,2.759207207
427.0447693,CZU LIGHTNING COMPLEX,2020,899769.2245,145650091,2020CZU LIGHTNING COMPLEX-,2.760874236
633.3285522,CZU LIGHTNING COMPLEX,2020,899769.2245,145650091,2020CZU LIGHTNING COMPLEX-,2.762652533
595.425354,CZU LIGHTNING COMPLEX,2020,899769.2245,145650091,2020CZU LIGHTNING COMPLEX-,2.763864175
472.6278687,CZU LIGHTNING COMPLEX,2020,899769.2245,145650091,2020CZU LIGHTNING COMPLEX-,2.769675114
421.1712341,CZU LIGHTNING COMPLEX,2020,899769.2245,145650091,2020CZU LIGHTNING COMPLEX-,2.781714682
748.9661255,GLASS,2020,50252.06105,2263063.931,2020GLASS-,2.782631857
338.8020935,CZU LIGHTNING COMPLEX,2020,899769.2245,145650091,2020CZU LIGHTNING COMPLEX-,2.784944153
655.3404541,CZU LIGHTNING COMPLEX,2020,899769.2245,145650091,2020CZU LIGHTNING COMPLEX-,2.785482063
500.7007141,CZU LIGHTNING COMPLEX,2020,899769.2245,145650091,2020CZU LIGHTNING COMPLEX-,2.789558167
621.3739624,CZU LIGHTNING COMPLEX,2020,899769.2245,145650091,2020CZU LIGHTNING COMPLEX-,2.799968369
712.2379761,KINCADE,2019,5815.807036,310653.4472,2019KINCADE-,2.803647528
712.2379761,TUBBS,2017,17899.28548,937389.0541,2017TUBBS-,2.803647528
676.3850708,CZU LIGHTNING COMPLEX,2020,899769.2245,145650091,2020CZU LIGHTNING COMPLEX-,2.805138341
652.9651489,CZU LIGHTNING COMPLEX,2020,899769.2245,145650091,2020CZU LIGHTNING COMPLEX-,2.806313902
683.048584,GLASS,2020,50252.06105,2263063.931,2020GLASS-,2.811537167
715.7648926,NAVARRO,2008,11911.63913,1762893.727,2008NAVARRO-,2.813638415
564.2581787,CZU LIGHTNING COMPLEX,2020,899769.2245,145650091,2020CZU LIGHTNING COMPLEX-,2.815387978
593.730896,CZU LIGHTNING COMPLEX,2020,899769.2245,145650091,2020CZU LIGHTNING COMPLEX-,2.818566158
375.6350403,CZU LIGHTNING COMPLEX,2020,899769.2245,145650091,2020CZU LIGHTNING COMPLEX-,2.820832133
501.8791199,CZU LIGHTNING COMPLEX,2020,899769.2245,145650091,2020CZU LIGHTNING COMPLEX-,2.821272666
514.9274292,CZU LIGHTNING COMPLEX,2020,899769.2245,145650091,2020CZU LIGHTNING COMPLEX-,2.826979049
639.9939575,KINCADE,2019,5815.807036,310653.4472,2019KINCADE-,2.835400893
639.9939575,TUBBS,2017,17899.28548,937389.0541,2017TUBBS-,2.835400893
710.616272,CANOE,2003,108316.1819,30613176.38,2003CANOE-,2.836133898
736.3222656,LODGE,2014,46471.6089,2165642.738,2014LODGE-,2.838688865
565.7467041,CZU LIGHTNING COMPLEX,2020,899769.2245,145650091,2020CZU LIGHTNING COMPLEX-,2.838939362
558.9970093,CHETCO BAR,2017,28687.64862,6998551.507,2017CHETCO BAR-,2.843506076
647.6231689,CZU LIGHTNING COMPLEX,2020,899769.2245,145650091,2020CZU LIGHTNING COMPLEX-,2.844011761
598.4059448,CZU LIGHTNING COMPLEX,2020,899769.2245,145650091,2020CZU LIGHTNING COMPLEX-,2.854270467
539.6748657,CZU LIGHTNING COMPLEX,2020,899769.2245,145650091,2020CZU LIGHTNING COMPLEX-,2.85742095
727.1449585,CHETCO BAR,2017,28687.64862,6998551.507,2017CHETCO BAR-,2.861277014
613.2453003,CZU LIGHTNING COMPLEX,2020,899769.2245,145650091,2020CZU LIGHTNING COMPLEX-,2.867001784
725.5546875,GLASS,2020,50252.06105,2263063.931,2020GLASS-,2.867507768
395.7354736,CZU LIGHTNING COMPLEX,2020,899769.2245,145650091,2020CZU LIGHTNING COMPLEX-,2.86810211
718.1071167,CANOE,2003,108316.1819,30613176.38,2003CANOE-,2.86994417
597.1219482,GLASS,2020,50252.06105,2263063.931,2020GLASS-,2.869996043
731.8813477,INDIAN,2008,17839.09215,4534864.183,2008INDIAN-,2.870023391
403.5038757,CZU LIGHTNING COMPLEX,2020,899769.2245,145650091,2020CZU LIGHTNING COMPLEX-,2.871414901
732.328125,INDIAN,2008,17839.09215,4534864.183,2008INDIAN-,2.874174063
697.21521,GLASS,2020,50252.06105,2263063.931,2020GLASS-,2.875734915
583.5458374,CZU LIGHTNING COMPLEX,2020,899769.2245,145650091,2020CZU LIGHTNING COMPLEX-,2.877644492
564.9309692,CZU LIGHTNING COMPLEX,2020,899769.2245,145650091,2020CZU LIGHTNING COMPLEX-,2.881959163
630.37854,CZU LIGHTNING COMPLEX,2020,899769.2245,145650091,2020CZU LIGHTNING COMPLEX-,2.88515946
612.0859985,CZU LIGHTNING COMPLEX,2020,899769.2245,145650091,2020CZU LIGHTNING COMPLEX-,2.889301027
548.4602661,CZU LIGHTNING COMPLEX,2020,899769.2245,145650091,2020CZU LIGHTNING COMPLEX-,2.890301452
522.4706421,TUBBS,2017,17899.28548,937389.0541,2017TUBBS-,2.893755522
496.0931702,CZU LIGHTNING COMPLEX,2020,899769.2245,145650091,2020CZU LIGHTNING COMPLEX-,2.89411008
694.4801636,CANOE,2003,108316.1819,30613176.38,2003CANOE-,2.894254357
658.7267456,CZU LIGHTNING COMPLEX,2020,899769.2245,145650091,2020CZU LIGHTNING COMPLEX-,2.894541848
562.5946045,CZU LIGHTNING COMPLEX,2020,899769.2245,145650091,2020CZU LIGHTNING COMPLEX-,2.897116445
553.4137573,TUBBS,2017,17899.28548,937389.0541,2017TUBBS-,2.898788676
725.5508423,CANOE,2003,108316.1819,30613176.38,2003CANOE-,2.900685399
573.1491699,SUMMIT,2008,2565.669727,61444.2449,2008SUMMIT-,2.902954718
419.1585083,CZU LIGHTNING COMPLEX,2020,899769.2245,145650091,2020CZU LIGHTNING COMPLEX-,2.906018144
674.1583862,CZU LIGHTNING COMPLEX,2020,899769.2245,145650091,2020CZU LIGHTNING COMPLEX-,2.908511291
695.6295166,CANOE,2003,108316.1819,30613176.38,2003CANOE-,2.910235493
725.0903931,GLASS,2020,50252.06105,2263063.931,2020GLASS-,2.913201074
690.0172119,GLASS,2020,50252.06105,2263063.931,2020GLASS-,2.92515779
718.1505127,CANOE,2003,108316.1819,30613176.38,2003CANOE-,2.925628059
528.7636108,CZU LIGHTNING COMPLEX,2020,899769.2245,145650091,2020CZU LIGHTNING COMPLEX-,2.928084522
552.3418579,CZU LIGHTNING COMPLEX,2020,899769.2245,145650091,2020CZU LIGHTNING COMPLEX-,2.93450093
410.9411316,CZU LIGHTNING COMPLEX,2020,899769.2245,145650091,2020CZU LIGHTNING COMPLEX-,2.934583366
761.5543213,NUNS,2017,43127.60516,2287023.628,2017NUNS-,2.939253173
539.8297729,CZU LIGHTNING COMPLEX,2020,899769.2245,145650091,2020CZU LIGHTNING COMPLEX-,2.94304082
673.5488892,ORR SERIES,2008,22871.31682,1053586.59,2008ORR SERIES-,2.955538137
680.4312134,CANOE,2003,108316.1819,30613176.38,2003CANOE-,2.965267073
692.4604492,CANOE,2003,108316.1819,30613176.38,2003CANOE-,2.965544773
574.1779785,CZU LIGHTNING COMPLEX,2020,899769.2245,145650091,2020CZU LIGHTNING COMPLEX-,2.975025122
514.8244629,CZU LIGHTNING COMPLEX,2020,899769.2245,145650091,2020CZU LIGHTNING COMPLEX-,2.975210983
613.5280151,TUBBS,2017,17899.28548,937389.0541,2017TUBBS-,2.977323243
684.9486084,CZU LIGHTNING COMPLEX,2020,899769.2245,145650091,2020CZU LIGHTNING COMPLEX-,2.977383752
601.2806396,CZU LIGHTNING COMPLEX,2020,899769.2245,145650091,2020CZU LIGHTNING COMPLEX-,2.978152235
583.0280762,CZU LIGHTNING COMPLEX,2020,899769.2245,145650091,2020CZU LIGHTNING COMPLEX-,2.978565332
516.2180786,CZU LIGHTNING COMPLEX,2020,899769.2245,145650091,2020CZU LIGHTNING COMPLEX-,2.980114418
715.3965454,WALBRIDGE,2020,34685.12321,1970691.702,2020WALBRIDGE-,2.980550825
714.5040894,LODGE,2014,46471.6089,2165642.738,2014LODGE-,2.98055893
657.0654907,CANOE,2003,108316.1819,30613176.38,2003CANOE-,2.982168421
646.0261841,CZU LIGHTNING COMPLEX,2020,899769.2245,145650091,2020CZU LIGHTNING COMPLEX-,2.984637349
551.0748291,NUNS,2017,43127.60516,2287023.628,2017NUNS-,2.991769972
536.9885254,CZU LIGHTNING COMPLEX,2020,899769.2245,145650091,2020CZU LIGHTNING COMPLEX-,2.991933419
564.0320435,CZU LIGHTNING COMPLEX,2020,899769.2245,145650091,2020CZU LIGHTNING COMPLEX-,2.993950412
662.5037842,CANOE,2003,108316.1819,30613176.38,2003CANOE-,2.996746465
446.8755493,CZU LIGHTNING COMPLEX,2020,899769.2245,145650091,2020CZU LIGHTNING COMPLEX-,2.998389508
758.3086548,GLASS,2020,50252.06105,2263063.931,2020GLASS-,3.009084197
758.3086548,NUNS,2017,43127.60516,2287023.628,2017NUNS-,3.009084197
522.9365845,CZU LIGHTNING COMPLEX,2020,899769.2245,145650091,2020CZU LIGHTNING COMPLEX-,3.012026661
535.2245483,CZU LIGHTNING COMPLEX,2020,899769.2245,145650091,2020CZU LIGHTNING COMPLEX-,3.012163038
644.6696777,CZU LIGHTNING COMPLEX,2020,899769.2245,145650091,2020CZU LIGHTNING COMPLEX-,3.016043116
670.0574951,CZU LIGHTNING COMPLEX,2020,899769.2245,145650091,2020CZU LIGHTNING COMPLEX-,3.018441091
550.5449219,CZU LIGHTNING COMPLEX,2020,899769.2245,145650091,2020CZU LIGHTNING COMPLEX-,3.034639145
712.6134033,CZU LIGHTNING COMPLEX,2020,899769.2245,145650091,2020CZU LIGHTNING COMPLEX-,3.037624974
536.1500244,CZU LIGHTNING COMPLEX,2020,899769.2245,145650091,2020CZU LIGHTNING COMPLEX-,3.039561953
621.7996826,CZU LIGHTNING COMPLEX,2020,899769.2245,145650091,2020CZU LIGHTNING COMPLEX-,3.042879919
699.3966675,CANOE,2003,108316.1819,30613176.38,2003CANOE-,3.053215412
397.071991,CZU LIGHTNING COMPLEX,2020,899769.2245,145650091,2020CZU LIGHTNING COMPLEX-,3.053994093
556.046814,CZU LIGHTNING COMPLEX,2020,899769.2245,145650091,2020CZU LIGHTNING COMPLEX-,3.054156631
419.2240601,CZU LIGHTNING COMPLEX,2020,899769.2245,145650091,2020CZU LIGHTNING COMPLEX-,3.055852487
403.6925964,CZU LIGHTNING COMPLEX,2020,899769.2245,145650091,2020CZU LIGHTNING COMPLEX-,3.058768041
710.7373657,CZU LIGHTNING COMPLEX,2020,899769.2245,145650091,2020CZU LIGHTNING COMPLEX-,3.063035636
579.881897,NUNS,2017,43127.60516,2287023.628,2017NUNS-,3.065800797
483.3646545,CZU LIGHTNING COMPLEX,2020,899769.2245,145650091,2020CZU LIGHTNING COMPLEX-,3.066280413
540.6746216,CZU LIGHTNING COMPLEX,2020,899769.2245,145650091,2020CZU LIGHTNING COMPLEX-,3.067963639
661.8156128,CZU LIGHTNING COMPLEX,2020,899769.2245,145650091,2020CZU LIGHTNING COMPLEX-,3.077442062
673.7279663,CZU LIGHTNING COMPLEX,2020,899769.2245,145650091,2020CZU LIGHTNING COMPLEX-,3.085073543
680.2201538,NUNS,2017,43127.60516,2287023.628,2017NUNS-,3.087814849
578.2167358,WALBRIDGE,2020,34685.12321,1970691.702,2020WALBRIDGE-,3.089592692
563.5674438,MEYERS,2020,31666.98984,2323941.628,2020MEYERS-,3.094252915
581.3793945,CZU LIGHTNING COMPLEX,2020,899769.2245,145650091,2020CZU LIGHTNING COMPLEX-,3.101075008
704.7902832,CHETCO BAR,2017,28687.64862,6998551.507,2017CHETCO BAR-,3.108288601
520.2822876,CZU LIGHTNING COMPLEX,2020,899769.2245,145650091,2020CZU LIGHTNING COMPLEX-,3.114088148
550.2166138,CZU LIGHTNING COMPLEX,2020,899769.2245,145650091,2020CZU LIGHTNING COMPLEX-,3.117770681
755.9332275,INDIAN,2008,17839.09215,4534864.183,2008INDIAN-,3.121584601
692.881897,CANOE,2003,108316.1819,30613176.38,2003CANOE-,3.125030747
545.6484985,CZU LIGHTNING COMPLEX,2020,899769.2245,145650091,2020CZU LIGHTNING COMPLEX-,3.127619676
640.8778076,ORR SERIES,2008,22871.31682,1053586.59,2008ORR SERIES-,3.132331123
631.6400757,CANOE,2003,108316.1819,30613176.38,2003CANOE-,3.136419114
731.3660889,CZU LIGHTNING COMPLEX,2020,899769.2245,145650091,2020CZU LIGHTNING COMPLEX-,3.138785381
708.5321045,NAVARRO,2008,11911.63913,1762893.727,2008NAVARRO-,3.142493547
653.7601929,CZU LIGHTNING COMPLEX,2020,899769.2245,145650091,2020CZU LIGHTNING COMPLEX-,3.147162921
521.7962036,CZU LIGHTNING COMPLEX,2020,899769.2245,145650091,2020CZU LIGHTNING COMPLEX-,3.153894905
424.7071838,CZU LIGHTNING COMPLEX,2020,899769.2245,145650091,2020CZU LIGHTNING COMPLEX-,3.162224691
644.7130127,CHETCO BAR,2017,28687.64862,6998551.507,2017CHETCO BAR-,3.167034898
586.7441406,CZU LIGHTNING COMPLEX,2020,899769.2245,145650091,2020CZU LIGHTNING COMPLEX-,3.169163002
607.0866089,MEYERS,2020,31666.98984,2323941.628,2020MEYERS-,3.170719541
493.4954834,CZU LIGHTNING COMPLEX,2020,899769.2245,145650091,2020CZU LIGHTNING COMPLEX-,3.179606993
653.2002563,CZU LIGHTNING COMPLEX,2020,899769.2245,145650091,2020CZU LIGHTNING COMPLEX-,3.185892769
642.2041016,CZU LIGHTNING COMPLEX,2020,899769.2245,145650091,2020CZU LIGHTNING COMPLEX-,3.187392788
475.4228516,CZU LIGHTNING COMPLEX,2020,899769.2245,145650091,2020CZU LIGHTNING COMPLEX-,3.187447576
684.8926392,CZU LIGHTNING COMPLEX,2020,899769.2245,145650091,2020CZU LIGHTNING COMPLEX-,3.18820349
671.4095459,CZU LIGHTNING COMPLEX,2020,899769.2245,145650091,2020CZU LIGHTNING COMPLEX-,3.188329636
651.5313721,CZU LIGHTNING COMPLEX,2020,899769.2245,145650091,2020CZU LIGHTNING COMPLEX-,3.190001996
678.5998535,CANOE,2003,108316.1819,30613176.38,2003CANOE-,3.192995342
521.2763672,CZU LIGHTNING COMPLEX,2020,899769.2245,145650091,2020CZU LIGHTNING COMPLEX-,3.193445571
647.2651367,CZU LIGHTNING COMPLEX,2020,899769.2245,145650091,2020CZU LIGHTNING COMPLEX-,3.197751725
326.8132019,CZU LIGHTNING COMPLEX,2020,899769.2245,145650091,2020CZU LIGHTNING COMPLEX-,3.198209677
587.0125122,CZU LIGHTNING COMPLEX,2020,899769.2245,145650091,2020CZU LIGHTNING COMPLEX-,3.20113899
383.6886292,CZU LIGHTNING COMPLEX,2020,899769.2245,145650091,2020CZU LIGHTNING COMPLEX-,3.201718616
567.1225586,CZU LIGHTNING COMPLEX,2020,899769.2245,145650091,2020CZU LIGHTNING COMPLEX-,3.202740839
608.7717285,LODGE,2014,46471.6089,2165642.738,2014LODGE-,3.204439684
662.8236694,CANOE,2003,108316.1819,30613176.38,2003CANOE-,3.205765882
530.8527832,CZU LIGHTNING COMPLEX,2020,899769.2245,145650091,2020CZU LIGHTNING COMPLEX-,3.208912167
673.8816528,CZU LIGHTNING COMPLEX,2020,899769.2245,145650091,2020CZU LIGHTNING COMPLEX-,3.209183621
613.5266113,CZU LIGHTNING COMPLEX,2020,899769.2245,145650091,2020CZU LIGHTNING COMPLEX-,3.211680824
673.5984497,NUNS,2017,43127.60516,2287023.628,2017NUNS-,3.213465455
722.7611694,CANOE,2003,108316.1819,30613176.38,2003CANOE-,3.2182085
516.5247803,CZU LIGHTNING COMPLEX,2020,899769.2245,145650091,2020CZU LIGHTNING COMPLEX-,3.218372748
702.7452393,CANOE,2003,108316.1819,30613176.38,2003CANOE-,3.222709499
564.7197266,CZU LIGHTNING COMPLEX,2020,899769.2245,145650091,2020CZU LIGHTNING COMPLEX-,3.232086652
551.3655396,CZU LIGHTNING COMPLEX,2020,899769.2245,145650091,2020CZU LIGHTNING COMPLEX-,3.232751667
455.7518921,CZU LIGHTNING COMPLEX,2020,899769.2245,145650091,2020CZU LIGHTNING COMPLEX-,3.234570475
529.8220215,CZU LIGHTNING COMPLEX,2020,899769.2245,145650091,2020CZU LIGHTNING COMPLEX-,3.238984526
711.336731,CZU LIGHTNING COMPLEX,2020,899769.2245,145650091,2020CZU LIGHTNING COMPLEX-,3.241746461
467.6924744,CZU LIGHTNING COMPLEX,2020,899769.2245,145650091,2020CZU LIGHTNING COMPLEX-,3.244629172
642.9918823,CZU LIGHTNING COMPLEX,2020,899769.2245,145650091,2020CZU LIGHTNING COMPLEX-,3.244644365
525.5465698,CZU LIGHTNING COMPLEX,2020,899769.2245,145650091,2020CZU LIGHTNING COMPLEX-,3.247614469
734.1073608,CANOE,2003,108316.1819,30613176.38,2003CANOE-,3.247940324
518.9272461,CZU LIGHTNING COMPLEX,2020,899769.2245,145650091,2020CZU LIGHTNING COMPLEX-,3.24873359
380.7966309,CZU LIGHTNING COMPLEX,2020,899769.2245,145650091,2020CZU LIGHTNING COMPLEX-,3.251139201
625.9016724,CZU LIGHTNING COMPLEX,2020,899769.2245,145650091,2020CZU LIGHTNING COMPLEX-,3.256305289
635.3982544,CZU LIGHTNING COMPLEX,2020,899769.2245,145650091,2020CZU LIGHTNING COMPLEX-,3.262777449
566.3393555,CZU LIGHTNING COMPLEX,2020,899769.2245,145650091,2020CZU LIGHTNING COMPLEX-,3.271994473
547.1529541,CZU LIGHTNING COMPLEX,2020,899769.2245,145650091,2020CZU LIGHTNING COMPLEX-,3.277380551
639.3427124,CZU LIGHTNING COMPLEX,2020,899769.2245,145650091,2020CZU LIGHTNING COMPLEX-,3.277580464
440.8684998,CZU LIGHTNING COMPLEX,2020,899769.2245,145650091,2020CZU LIGHTNING COMPLEX-,3.280191854
548.4304199,CZU LIGHTNING COMPLEX,2020,899769.2245,145650091,2020CZU LIGHTNING COMPLEX-,3.285656878
541.4706421,MARTIN,2008,9673.019814,518372.6577,2008MARTIN-,3.289462849
657.2142944,CZU LIGHTNING COMPLEX,2020,899769.2245,145650091,2020CZU LIGHTNING COMPLEX-,3.290815402
549.1692505,CZU LIGHTNING COMPLEX,2020,899769.2245,145650091,2020CZU LIGHTNING COMPLEX-,3.2934158
564.215332,CZU LIGHTNING COMPLEX,2020,899769.2245,145650091,2020CZU LIGHTNING COMPLEX-,3.299027239
571.1318359,CZU LIGHTNING COMPLEX,2020,899769.2245,145650091,2020CZU LIGHTNING COMPLEX-,3.299853935
459.3442993,CZU LIGHTNING COMPLEX,2020,899769.2245,145650091,2020CZU LIGHTNING COMPLEX-,3.304336643
553.0796509,CZU LIGHTNING COMPLEX,2020,899769.2245,145650091,2020CZU LIGHTNING COMPLEX-,3.306166023
643.1228638,CZU LIGHTNING COMPLEX,2020,899769.2245,145650091,2020CZU LIGHTNING COMPLEX-,3.307228521
660.3809204,CZU LIGHTNING COMPLEX,2020,899769.2245,145650091,2020CZU LIGHTNING COMPLEX-,3.307871507
629.5488281,MEYERS,2020,31666.98984,2323941.628,2020MEYERS-,3.308064489
613.0002441,CZU LIGHTNING COMPLEX,2020,899769.2245,145650091,2020CZU LIGHTNING COMPLEX-,3.310617768
629.097168,WALBRIDGE,2020,34685.12321,1970691.702,2020WALBRIDGE-,3.310892735
528.7279663,CZU LIGHTNING COMPLEX,2020,899769.2245,145650091,2020CZU LIGHTNING COMPLEX-,3.314569733
525.3308716,CZU LIGHTNING COMPLEX,2020,899769.2245,145650091,2020CZU LIGHTNING COMPLEX-,3.315697665
644.4139404,CZU LIGHTNING COMPLEX,2020,899769.2245,145650091,2020CZU LIGHTNING COMPLEX-,3.319802307
607.2718506,CZU LIGHTNING COMPLEX,2020,899769.2245,145650091,2020CZU LIGHTNING COMPLEX-,3.320701097
629.6582642,GLASS,2020,50252.06105,2263063.931,2020GLASS-,3.324091584
567.2261353,CZU LIGHTNING COMPLEX,2020,899769.2245,145650091,2020CZU LIGHTNING COMPLEX-,3.324667315
558.2892456,CZU LIGHTNING COMPLEX,2020,899769.2245,145650091,2020CZU LIGHTNING COMPLEX-,3.325687218
705.6651001,CZU LIGHTNING COMPLEX,2020,899769.2245,145650091,2020CZU LIGHTNING COMPLEX-,3.330770572
322.0298157,CZU LIGHTNING COMPLEX,2020,899769.2245,145650091,2020CZU LIGHTNING COMPLEX-,3.33242007
655.7236328,MEYERS,2020,31666.98984,2323941.628,2020MEYERS-,3.333466757
539.6016846,CZU LIGHTNING COMPLEX,2020,899769.2245,145650091,2020CZU LIGHTNING COMPLEX-,3.334451385
699.9188232,CANOE,2003,108316.1819,30613176.38,2003CANOE-,3.337751173
488.2266846,CZU LIGHTNING COMPLEX,2020,899769.2245,145650091,2020CZU LIGHTNING COMPLEX-,3.339192659
599.2915649,ORR SERIES,2008,22871.31682,1053586.59,2008ORR SERIES-,3.343909507
421.9579163,CZU LIGHTNING COMPLEX,2020,899769.2245,145650091,2020CZU LIGHTNING COMPLEX-,3.351390802
584.6191406,CZU LIGHTNING COMPLEX,2020,899769.2245,145650091,2020CZU LIGHTNING COMPLEX-,3.354141924
682.5826416,CANOE,2003,108316.1819,30613176.38,2003CANOE-,3.358860429
711.5547485,CANOE,2003,108316.1819,30613176.38,2003CANOE-,3.367960721
704.9330444,CANOE,2003,108316.1819,30613176.38,2003CANOE-,3.368905481
535.8533325,CZU LIGHTNING COMPLEX,2020,899769.2245,145650091,2020CZU LIGHTNING COMPLEX-,3.379275531
694.4018555,CHETCO BAR,2017,28687.64862,6998551.507,2017CHETCO BAR-,3.390272877
641.562439,LODGE,2014,46471.6089,2165642.738,2014LODGE-,3.390284902
548.8501587,CZU LIGHTNING COMPLEX,2020,899769.2245,145650091,2020CZU LIGHTNING COMPLEX-,3.400034449
577.753418,CZU LIGHTNING COMPLEX,2020,899769.2245,145650091,2020CZU LIGHTNING COMPLEX-,3.400894132
520.0223389,CZU LIGHTNING COMPLEX,2020,899769.2245,145650091,2020CZU LIGHTNING COMPLEX-,3.402802091
574.5185547,CZU LIGHTNING COMPLEX,2020,899769.2245,145650091,2020CZU LIGHTNING COMPLEX-,3.409461797
450.5954285,CZU LIGHTNING COMPLEX,2020,899769.2245,145650091,2020CZU LIGHTNING COMPLEX-,3.41000622
506.1312561,CZU LIGHTNING COMPLEX,2020,899769.2245,145650091,2020CZU LIGHTNING COMPLEX-,3.412043195
682.0730591,CZU LIGHTNING COMPLEX,2020,899769.2245,145650091,2020CZU LIGHTNING COMPLEX-,3.41422012
482.2102966,CZU LIGHTNING COMPLEX,2020,899769.2245,145650091,2020CZU LIGHTNING COMPLEX-,3.416119435
647.736145,CZU LIGHTNING COMPLEX,2020,899769.2245,145650091,2020CZU LIGHTNING COMPLEX-,3.425007204
694.0040894,ORR SERIES,2008,22871.31682,1053586.59,2008ORR SERIES-,3.426776815
564.8547974,CZU LIGHTNING COMPLEX,2020,899769.2245,145650091,2020CZU LIGHTNING COMPLEX-,3.428432383
547.1252441,CZU LIGHTNING COMPLEX,2020,899769.2245,145650091,2020CZU LIGHTNING COMPLEX-,3.429648213
574.1558838,CZU LIGHTNING COMPLEX,2020,899769.2245,145650091,2020CZU LIGHTNING COMPLEX-,3.429918536
710.7388916,MEYERS,2020,31666.98984,2323941.628,2020MEYERS-,3.430705834
745.5117188,CANOE,2003,108316.1819,30613176.38,2003CANOE-,3.433423226
740.9789429,CANOE,2003,108316.1819,30613176.38,2003CANOE-,3.439551003
665.5047607,CZU LIGHTNING COMPLEX,2020,899769.2245,145650091,2020CZU LIGHTNING COMPLEX-,3.440758622
642.6672974,LODGE,2014,46471.6089,2165642.738,2014LODGE-,3.447485427
573.2067871,CZU LIGHTNING COMPLEX,2020,899769.2245,145650091,2020CZU LIGHTNING COMPLEX-,3.453419773
705.1496582,CZU LIGHTNING COMPLEX,2020,899769.2245,145650091,2020CZU LIGHTNING COMPLEX-,3.456952628
618.6090698,CZU LIGHTNING COMPLEX,2020,899769.2245,145650091,2020CZU LIGHTNING COMPLEX-,3.459902999
553.7387695,CZU LIGHTNING COMPLEX,2020,899769.2245,145650091,2020CZU LIGHTNING COMPLEX-,3.463504853
616.956665,CZU LIGHTNING COMPLEX,2020,899769.2245,145650091,2020CZU LIGHTNING COMPLEX-,3.475919845
747.0401611,WALBRIDGE,2020,34685.12321,1970691.702,2020WALBRIDGE-,3.476191776
680.8123779,CANOE,2003,108316.1819,30613176.38,2003CANOE-,3.479260393
655.0446167,NUNS,2017,43127.60516,2287023.628,2017NUNS-,3.481493731
713.5458984,CANOE,2003,108316.1819,30613176.38,2003CANOE-,3.485828384
482.3868103,ORR SERIES,2008,22871.31682,1053586.59,2008ORR SERIES-,3.493927373
647.7421875,CANOE,2003,108316.1819,30613176.38,2003CANOE-,3.499085487
684.4576416,CZU LIGHTNING COMPLEX,2020,899769.2245,145650091,2020CZU LIGHTNING COMPLEX-,3.501799568
506.1354675,CZU LIGHTNING COMPLEX,2020,899769.2245,145650091,2020CZU LIGHTNING COMPLEX-,3.517104303
577.0792236,CZU LIGHTNING COMPLEX,2020,899769.2245,145650091,2020CZU LIGHTNING COMPLEX-,3.520133107
647.4152832,CZU LIGHTNING COMPLEX,2020,899769.2245,145650091,2020CZU LIGHTNING COMPLEX-,3.520587648
518.3482666,CZU LIGHTNING COMPLEX,2020,899769.2245,145650091,2020CZU LIGHTNING COMPLEX-,3.524835095
692.097168,NAVARRO,2008,11911.63913,1762893.727,2008NAVARRO-,3.527416312
535.8597412,CZU LIGHTNING COMPLEX,2020,899769.2245,145650091,2020CZU LIGHTNING COMPLEX-,3.527448001
478.7380981,CZU LIGHTNING COMPLEX,2020,899769.2245,145650091,2020CZU LIGHTNING COMPLEX-,3.52749413
711.015686,CZU LIGHTNING COMPLEX,2020,899769.2245,145650091,2020CZU LIGHTNING COMPLEX-,3.528982403
450.6115417,CZU LIGHTNING COMPLEX,2020,899769.2245,145650091,2020CZU LIGHTNING COMPLEX-,3.531684763
583.8223877,TUBBS,2017,17899.28548,937389.0541,2017TUBBS-,3.531960941
713.187561,WALBRIDGE,2020,34685.12321,1970691.702,2020WALBRIDGE-,3.535955501
729.3067017,NUNS,2017,43127.60516,2287023.628,2017NUNS-,3.539388508
542.138855,CZU LIGHTNING COMPLEX,2020,899769.2245,145650091,2020CZU LIGHTNING COMPLEX-,3.540935163
530.5253296,CZU LIGHTNING COMPLEX,2020,899769.2245,145650091,2020CZU LIGHTNING COMPLEX-,3.541010548
578.5496216,CZU LIGHTNING COMPLEX,2020,899769.2245,145650091,2020CZU LIGHTNING COMPLEX-,3.543000485
476.9315796,CZU LIGHTNING COMPLEX,2020,899769.2245,145650091,2020CZU LIGHTNING COMPLEX-,3.556868261
728.2938843,ORR SERIES,2008,22871.31682,1053586.59,2008ORR SERIES-,3.564471864
734.793457,WALBRIDGE,2020,34685.12321,1970691.702,2020WALBRIDGE-,3.56701233
650.0197754,ORR SERIES,2008,22871.31682,1053586.59,2008ORR SERIES-,3.570098815
690.4746704,CZU LIGHTNING COMPLEX,2020,899769.2245,145650091,2020CZU LIGHTNING COMPLEX-,3.582602238
587.0343018,CZU LIGHTNING COMPLEX,2020,899769.2245,145650091,2020CZU LIGHTNING COMPLEX-,3.583921291
737.9124756,INDIAN,2008,17839.09215,4534864.183,2008INDIAN-,3.59001258
668.1345215,CANOE,2003,108316.1819,30613176.38,2003CANOE-,3.592528288
662.3909302,NUNS,2017,43127.60516,2287023.628,2017NUNS-,3.595506151
530.5401611,CZU LIGHTNING COMPLEX,2020,899769.2245,145650091,2020CZU LIGHTNING COMPLEX-,3.595812866
672.8999023,CZU LIGHTNING COMPLEX,2020,899769.2245,145650091,2020CZU LIGHTNING COMPLEX-,3.596820818
515.406311,CZU LIGHTNING COMPLEX,2020,899769.2245,145650091,2020CZU LIGHTNING COMPLEX-,3.600096732
667.7111206,CZU LIGHTNING COMPLEX,2020,899769.2245,145650091,2020CZU LIGHTNING COMPLEX-,3.611223927
481.8713989,CZU LIGHTNING COMPLEX,2020,899769.2245,145650091,2020CZU LIGHTNING COMPLEX-,3.61269109
762.0626221,CZU LIGHTNING COMPLEX,2020,899769.2245,145650091,2020CZU LIGHTNING COMPLEX-,3.618816881
656.2261963,CZU LIGHTNING COMPLEX,2020,899769.2245,145650091,2020CZU LIGHTNING COMPLEX-,3.624472476
557.5679321,CZU LIGHTNING COMPLEX,2020,899769.2245,145650091,2020CZU LIGHTNING COMPLEX-,3.625243065
512.5108643,CZU LIGHTNING COMPLEX,2020,899769.2245,145650091,2020CZU LIGHTNING COMPLEX-,3.63235226
703.8269653,CZU LIGHTNING COMPLEX,2020,899769.2245,145650091,2020CZU LIGHTNING COMPLEX-,3.636096169
526.1491699,CZU LIGHTNING COMPLEX,2020,899769.2245,145650091,2020CZU LIGHTNING COMPLEX-,3.637208602
543.0651245,CZU LIGHTNING COMPLEX,2020,899769.2245,145650091,2020CZU LIGHTNING COMPLEX-,3.637279809
740.5235596,CANOE,2003,108316.1819,30613176.38,2003CANOE-,3.639035216
586.9553833,CZU LIGHTNING COMPLEX,2020,899769.2245,145650091,2020CZU LIGHTNING COMPLEX-,3.64330102
707.109375,CHETCO BAR,2017,28687.64862,6998551.507,2017CHETCO BAR-,3.647522654
729.4415283,KINCADE,2019,5815.807036,310653.4472,2019KINCADE-,3.650946872
729.4415283,TUBBS,2017,17899.28548,937389.0541,2017TUBBS-,3.650946872
522.2885742,CZU LIGHTNING COMPLEX,2020,899769.2245,145650091,2020CZU LIGHTNING COMPLEX-,3.657379548
440.0568542,CZU LIGHTNING COMPLEX,2020,899769.2245,145650091,2020CZU LIGHTNING COMPLEX-,3.66218078
561.322937,CZU LIGHTNING COMPLEX,2020,899769.2245,145650091,2020CZU LIGHTNING COMPLEX-,3.664131029
711.0473022,CANOE,2003,108316.1819,30613176.38,2003CANOE-,3.666104241
722.1621704,CZU LIGHTNING COMPLEX,2020,899769.2245,145650091,2020CZU LIGHTNING COMPLEX-,3.667678933
547.9555664,CZU LIGHTNING COMPLEX,2020,899769.2245,145650091,2020CZU LIGHTNING COMPLEX-,3.669416945
540.7246704,CZU LIGHTNING COMPLEX,2020,899769.2245,145650091,2020CZU LIGHTNING COMPLEX-,3.669933532
564.5665894,CZU LIGHTNING COMPLEX,2020,899769.2245,145650091,2020CZU LIGHTNING COMPLEX-,3.678290586
530.7109985,CZU LIGHTNING COMPLEX,2020,899769.2245,145650091,2020CZU LIGHTNING COMPLEX-,3.6789361
482.1618347,CZU LIGHTNING COMPLEX,2020,899769.2245,145650091,2020CZU LIGHTNING COMPLEX-,3.680284707
659.1110229,CZU LIGHTNING COMPLEX,2020,899769.2245,145650091,2020CZU LIGHTNING COMPLEX-,3.686606923
718.9248657,CZU LIGHTNING COMPLEX,2020,899769.2245,145650091,2020CZU LIGHTNING COMPLEX-,3.690781792
488.8997498,CZU LIGHTNING COMPLEX,2020,899769.2245,145650091,2020CZU LIGHTNING COMPLEX-,3.690860283
679.9145508,CZU LIGHTNING COMPLEX,2020,899769.2245,145650091,2020CZU LIGHTNING COMPLEX-,3.693914936
725.1266479,CZU LIGHTNING COMPLEX,2020,899769.2245,145650091,2020CZU LIGHTNING COMPLEX-,3.695135716
536.2058716,CZU LIGHTNING COMPLEX,2020,899769.2245,145650091,2020CZU LIGHTNING COMPLEX-,3.699200738
601.435791,CZU LIGHTNING COMPLEX,2020,899769.2245,145650091,2020CZU LIGHTNING COMPLEX-,3.708367025
706.0061646,CZU LIGHTNING COMPLEX,2020,899769.2245,145650091,2020CZU LIGHTNING COMPLEX-,3.712134603
701.6934814,CANOE,2003,108316.1819,30613176.38,2003CANOE-,3.713652259
543.6689453,CZU LIGHTNING COMPLEX,2020,899769.2245,145650091,2020CZU LIGHTNING COMPLEX-,3.727631654
559.2987061,CZU LIGHTNING COMPLEX,2020,899769.2245,145650091,2020CZU LIGHTNING COMPLEX-,3.733027432
527.9238281,CZU LIGHTNING COMPLEX,2020,899769.2245,145650091,2020CZU LIGHTNING COMPLEX-,3.733055076
469.7789917,CZU LIGHTNING COMPLEX,2020,899769.2245,145650091,2020CZU LIGHTNING COMPLEX-,3.733669114
659.2408447,LODGE,2014,46471.6089,2165642.738,2014LODGE-,3.733693642
704.1340942,CHETCO BAR,2017,28687.64862,6998551.507,2017CHETCO BAR-,3.736150807
760.6101685,CANOE,2003,108316.1819,30613176.38,2003CANOE-,3.742677561
579.0567627,CZU LIGHTNING COMPLEX,2020,899769.2245,145650091,2020CZU LIGHTNING COMPLEX-,3.74274909
667.486145,NUNS,2017,43127.60516,2287023.628,2017NUNS-,3.745373041
696.0599365,CANOE,2003,108316.1819,30613176.38,2003CANOE-,3.751301722
575.6087036,CZU LIGHTNING COMPLEX,2020,899769.2245,145650091,2020CZU LIGHTNING COMPLEX-,3.753743419
277.5003052,CZU LIGHTNING COMPLEX,2020,899769.2245,145650091,2020CZU LIGHTNING COMPLEX-,3.756697509
675.3851318,CZU LIGHTNING COMPLEX,2020,899769.2245,145650091,2020CZU LIGHTNING COMPLEX-,3.759671347
565.6973877,CZU LIGHTNING COMPLEX,2020,899769.2245,145650091,2020CZU LIGHTNING COMPLEX-,3.769827307
691.3294067,CANOE,2003,108316.1819,30613176.38,2003CANOE-,3.774806552
705.9234009,CZU LIGHTNING COMPLEX,2020,899769.2245,145650091,2020CZU LIGHTNING COMPLEX-,3.774917787
583.3876953,WALBRIDGE,2020,34685.12321,1970691.702,2020WALBRIDGE-,3.775559059
739.640564,CZU LIGHTNING COMPLEX,2020,899769.2245,145650091,2020CZU LIGHTNING COMPLEX-,3.779145168
648.2543945,CZU LIGHTNING COMPLEX,2020,899769.2245,145650091,2020CZU LIGHTNING COMPLEX-,3.780502155
507.2560425,CZU LIGHTNING COMPLEX,2020,899769.2245,145650091,2020CZU LIGHTNING COMPLEX-,3.782509101
403.0838928,CZU LIGHTNING COMPLEX,2020,899769.2245,145650091,2020CZU LIGHTNING COMPLEX-,3.786354429
458.8487854,CZU LIGHTNING COMPLEX,2020,899769.2245,145650091,2020CZU LIGHTNING COMPLEX-,3.791457376
679.6292114,NUNS,2017,43127.60516,2287023.628,2017NUNS-,3.793898687
765.1553345,INDIAN,2008,17839.09215,4534864.183,2008INDIAN-,3.798616509
711.2713623,LODGE,2014,46471.6089,2165642.738,2014LODGE-,3.804037139
692.6668091,CZU LIGHTNING COMPLEX,2020,899769.2245,145650091,2020CZU LIGHTNING COMPLEX-,3.80413805
644.237854,CZU LIGHTNING COMPLEX,2020,899769.2245,145650091,2020CZU LIGHTNING COMPLEX-,3.806441888
329.3572693,CZU LIGHTNING COMPLEX,2020,899769.2245,145650091,2020CZU LIGHTNING COMPLEX-,3.809751991
655.718689,LODGE,2014,46471.6089,2165642.738,2014LODGE-,3.817058972
657.0827026,CANOE,2003,108316.1819,30613176.38,2003CANOE-,3.818690598
545.5056763,CZU LIGHTNING COMPLEX,2020,899769.2245,145650091,2020CZU LIGHTNING COMPLEX-,3.821171452
419.4720459,CZU LIGHTNING COMPLEX,2020,899769.2245,145650091,2020CZU LIGHTNING COMPLEX-,3.829139822
706.9080811,CANOE,2003,108316.1819,30613176.38,2003CANOE-,3.830117184
712.6959229,CZU LIGHTNING COMPLEX,2020,899769.2245,145650091,2020CZU LIGHTNING COMPLEX-,3.837663836
592.9581299,CZU LIGHTNING COMPLEX,2020,899769.2245,145650091,2020CZU LIGHTNING COMPLEX-,3.840211777
466.0198975,CZU LIGHTNING COMPLEX,2020,899769.2245,145650091,2020CZU LIGHTNING COMPLEX-,3.844221292
733.8686523,MEYERS,2020,31666.98984,2323941.628,2020MEYERS-,3.84960677
516.6262817,CZU LIGHTNING COMPLEX,2020,899769.2245,145650091,2020CZU LIGHTNING COMPLEX-,3.850083652
565.5004883,CZU LIGHTNING COMPLEX,2020,899769.2245,145650091,2020CZU LIGHTNING COMPLEX-,3.85354246
554.1895752,CZU LIGHTNING COMPLEX,2020,899769.2245,145650091,2020CZU LIGHTNING COMPLEX-,3.85469887
583.9822998,CZU LIGHTNING COMPLEX,2020,899769.2245,145650091,2020CZU LIGHTNING COMPLEX-,3.854838822
535.3148804,CZU LIGHTNING COMPLEX,2020,899769.2245,145650091,2020CZU LIGHTNING COMPLEX-,3.854961161
659.8800049,CZU LIGHTNING COMPLEX,2020,899769.2245,145650091,2020CZU LIGHTNING COMPLEX-,3.855980946
630.541748,CZU LIGHTNING COMPLEX,2020,899769.2245,145650091,2020CZU LIGHTNING COMPLEX-,3.85713291
461.79599,GLASS,2020,50252.06105,2263063.931,2020GLASS-,3.857976094
537.0007324,CZU LIGHTNING COMPLEX,2020,899769.2245,145650091,2020CZU LIGHTNING COMPLEX-,3.871452517
498.3924255,CZU LIGHTNING COMPLEX,2020,899769.2245,145650091,2020CZU LIGHTNING COMPLEX-,3.875773134
756.6184692,CANOE,2003,108316.1819,30613176.38,2003CANOE-,3.876396233
688.1008911,CZU LIGHTNING COMPLEX,2020,899769.2245,145650091,2020CZU LIGHTNING COMPLEX-,3.878637715
691.4113159,CANOE,2003,108316.1819,30613176.38,2003CANOE-,3.88052522
464.3840027,CZU LIGHTNING COMPLEX,2020,899769.2245,145650091,2020CZU LIGHTNING COMPLEX-,3.889496888
349.5944214,CZU LIGHTNING COMPLEX,2020,899769.2245,145650091,2020CZU LIGHTNING COMPLEX-,3.890213925
626.7070923,CZU LIGHTNING COMPLEX,2020,899769.2245,145650091,2020CZU LIGHTNING COMPLEX-,3.890890052
744.4105225,GLASS,2020,50252.06105,2263063.931,2020GLASS-,3.894532644
696.086792,CZU LIGHTNING COMPLEX,2020,899769.2245,145650091,2020CZU LIGHTNING COMPLEX-,3.894576756
439.7402039,CZU LIGHTNING COMPLEX,2020,899769.2245,145650091,2020CZU LIGHTNING COMPLEX-,3.898824506
643.8165894,CZU LIGHTNING COMPLEX,2020,899769.2245,145650091,2020CZU LIGHTNING COMPLEX-,3.899394508
623.6744995,CZU LIGHTNING COMPLEX,2020,899769.2245,145650091,2020CZU LIGHTNING COMPLEX-,3.904609163
571.0482788,CZU LIGHTNING COMPLEX,2020,899769.2245,145650091,2020CZU LIGHTNING COMPLEX-,3.909863985
445.9923706,CZU LIGHTNING COMPLEX,2020,899769.2245,145650091,2020CZU LIGHTNING COMPLEX-,3.913983701
701.5355835,CANOE,2003,108316.1819,30613176.38,2003CANOE-,3.918700619
695.2813721,CANOE,2003,108316.1819,30613176.38,2003CANOE-,3.927194622
534.2713623,CZU LIGHTNING COMPLEX,2020,899769.2245,145650091,2020CZU LIGHTNING COMPLEX-,3.927759329
660.6226196,CZU LIGHTNING COMPLEX,2020,899769.2245,145650091,2020CZU LIGHTNING COMPLEX-,3.93364019
711.904541,CHETCO BAR,2017,28687.64862,6998551.507,2017CHETCO BAR-,3.934151172
324.2443542,CZU LIGHTNING COMPLEX,2020,899769.2245,145650091,2020CZU LIGHTNING COMPLEX-,3.934844398
571.3013306,CZU LIGHTNING COMPLEX,2020,899769.2245,145650091,2020CZU LIGHTNING COMPLEX-,3.935843736
681.1256714,ORR SERIES,2008,22871.31682,1053586.59,2008ORR SERIES-,3.940254677
731.5167236,CZU LIGHTNING COMPLEX,2020,899769.2245,145650091,2020CZU LIGHTNING COMPLEX-,3.94189819
533.0405884,CZU LIGHTNING COMPLEX,2020,899769.2245,145650091,2020CZU LIGHTNING COMPLEX-,3.94240378
369.7009277,CHETCO BAR,2017,28687.64862,6998551.507,2017CHETCO BAR-,3.95003771
603.5534058,CZU LIGHTNING COMPLEX,2020,899769.2245,145650091,2020CZU LIGHTNING COMPLEX-,3.950698997
505.0753174,CZU LIGHTNING COMPLEX,2020,899769.2245,145650091,2020CZU LIGHTNING COMPLEX-,3.953197447
571.6345215,CZU LIGHTNING COMPLEX,2020,899769.2245,145650091,2020CZU LIGHTNING COMPLEX-,3.954931005
568.7382202,CZU LIGHTNING COMPLEX,2020,899769.2245,145650091,2020CZU LIGHTNING COMPLEX-,3.956486208
751.2871094,NAVARRO,2008,11911.63913,1762893.727,2008NAVARRO-,3.965376467
492.906311,CZU LIGHTNING COMPLEX,2020,899769.2245,145650091,2020CZU LIGHTNING COMPLEX-,3.970188337
555.9641113,CZU LIGHTNING COMPLEX,2020,899769.2245,145650091,2020CZU LIGHTNING COMPLEX-,3.97051397
651.1566772,MARTIN,2008,9673.019814,518372.6577,2008MARTIN-,3.972297248
336.8378296,CZU LIGHTNING COMPLEX,2020,899769.2245,145650091,2020CZU LIGHTNING COMPLEX-,3.977839615
425.2477722,CZU LIGHTNING COMPLEX,2020,899769.2245,145650091,2020CZU LIGHTNING COMPLEX-,3.983871344
669.9849854,GLASS,2020,50252.06105,2263063.931,2020GLASS-,3.985376586
669.9849854,NUNS,2017,43127.60516,2287023.628,2017NUNS-,3.985376586
607.9527588,LODGE,2014,46471.6089,2165642.738,2014LODGE-,3.990504566
794.7686768,WALBRIDGE,2020,34685.12321,1970691.702,2020WALBRIDGE-,3.990769394
764.3555908,MEYERS,2020,31666.98984,2323941.628,2020MEYERS-,3.993997285
714.2333374,CZU LIGHTNING COMPLEX,2020,899769.2245,145650091,2020CZU LIGHTNING COMPLEX-,4.000569611
676.1973267,NAVARRO,2008,11911.63913,1762893.727,2008NAVARRO-,4.010646268
523.4980469,CZU LIGHTNING COMPLEX,2020,899769.2245,145650091,2020CZU LIGHTNING COMPLEX-,4.015942168
724.0360718,CANOE,2003,108316.1819,30613176.38,2003CANOE-,4.019223136
650.6646118,CZU LIGHTNING COMPLEX,2020,899769.2245,145650091,2020CZU LIGHTNING COMPLEX-,4.020601363
751.5473633,INDIAN,2008,17839.09215,4534864.183,2008INDIAN-,4.021916147
430.4515686,CZU LIGHTNING COMPLEX,2020,899769.2245,145650091,2020CZU LIGHTNING COMPLEX-,4.024510214
542.2391357,CZU LIGHTNING COMPLEX,2020,899769.2245,145650091,2020CZU LIGHTNING COMPLEX-,4.027689969
765.4342041,CZU LIGHTNING COMPLEX,2020,899769.2245,145650091,2020CZU LIGHTNING COMPLEX-,4.031533356
671.2418823,CANOE,2003,108316.1819,30613176.38,2003CANOE-,4.034275942
677.4801025,CZU LIGHTNING COMPLEX,2020,899769.2245,145650091,2020CZU LIGHTNING COMPLEX-,4.035356995
492.4127502,CZU LIGHTNING COMPLEX,2020,899769.2245,145650091,2020CZU LIGHTNING COMPLEX-,4.036257106
673.8383179,GLASS,2020,50252.06105,2263063.931,2020GLASS-,4.039251027
641.0167236,CANOE,2003,108316.1819,30613176.38,2003CANOE-,4.041471697
537.3630371,CZU LIGHTNING COMPLEX,2020,899769.2245,145650091,2020CZU LIGHTNING COMPLEX-,4.045182708
711.4251099,CZU LIGHTNING COMPLEX,2020,899769.2245,145650091,2020CZU LIGHTNING COMPLEX-,4.057400639
594.8828125,CZU LIGHTNING COMPLEX,2020,899769.2245,145650091,2020CZU LIGHTNING COMPLEX-,4.063972762
646.5803223,CZU LIGHTNING COMPLEX,2020,899769.2245,145650091,2020CZU LIGHTNING COMPLEX-,4.067761538
629.1837769,CZU LIGHTNING COMPLEX,2020,899769.2245,145650091,2020CZU LIGHTNING COMPLEX-,4.070973909
687.9050293,CZU LIGHTNING COMPLEX,2020,899769.2245,145650091,2020CZU LIGHTNING COMPLEX-,4.07360254
575.8717651,CZU LIGHTNING COMPLEX,2020,899769.2245,145650091,2020CZU LIGHTNING COMPLEX-,4.074810539
650.5065308,CZU LIGHTNING COMPLEX,2020,899769.2245,145650091,2020CZU LIGHTNING COMPLEX-,4.082343427
630.1699829,MEYERS,2020,31666.98984,2323941.628,2020MEYERS-,4.094068318
669.4703369,CZU LIGHTNING COMPLEX,2020,899769.2245,145650091,2020CZU LIGHTNING COMPLEX-,4.094345612
471.7571411,CZU LIGHTNING COMPLEX,2020,899769.2245,145650091,2020CZU LIGHTNING COMPLEX-,4.095150056
649.6989746,CZU LIGHTNING COMPLEX,2020,899769.2245,145650091,2020CZU LIGHTNING COMPLEX-,4.104177165
656.9120483,CZU LIGHTNING COMPLEX,2020,899769.2245,145650091,2020CZU LIGHTNING COMPLEX-,4.110629246
582.6463623,CZU LIGHTNING COMPLEX,2020,899769.2245,145650091,2020CZU LIGHTNING COMPLEX-,4.114390546
601.4553833,CZU LIGHTNING COMPLEX,2020,899769.2245,145650091,2020CZU LIGHTNING COMPLEX-,4.118346518
695.1369629,CZU LIGHTNING COMPLEX,2020,899769.2245,145650091,2020CZU LIGHTNING COMPLEX-,4.121291145
708.4315186,CHETCO BAR,2017,28687.64862,6998551.507,2017CHETCO BAR-,4.122625289
392.7374268,CZU LIGHTNING COMPLEX,2020,899769.2245,145650091,2020CZU LIGHTNING COMPLEX-,4.123964977
664.4077759,CZU LIGHTNING COMPLEX,2020,899769.2245,145650091,2020CZU LIGHTNING COMPLEX-,4.126647338
523.5560913,CZU LIGHTNING COMPLEX,2020,899769.2245,145650091,2020CZU LIGHTNING COMPLEX-,4.131812434
698.1289673,GLASS,2020,50252.06105,2263063.931,2020GLASS-,4.144107314
569.1400757,CZU LIGHTNING COMPLEX,2020,899769.2245,145650091,2020CZU LIGHTNING COMPLEX-,4.146390378
705.8180542,CHETCO BAR,2017,28687.64862,6998551.507,2017CHETCO BAR-,4.148860951
476.3266602,CZU LIGHTNING COMPLEX,2020,899769.2245,145650091,2020CZU LIGHTNING COMPLEX-,4.150616267
643.9614258,CZU LIGHTNING COMPLEX,2020,899769.2245,145650091,2020CZU LIGHTNING COMPLEX-,4.152206498
708.1169434,NAVARRO,2008,11911.63913,1762893.727,2008NAVARRO-,4.15412322
678.46521,CANOE,2003,108316.1819,30613176.38,2003CANOE-,4.162575026
524.4025269,CZU LIGHTNING COMPLEX,2020,899769.2245,145650091,2020CZU LIGHTNING COMPLEX-,4.162870666
555.0334473,CZU LIGHTNING COMPLEX,2020,899769.2245,145650091,2020CZU LIGHTNING COMPLEX-,4.165170692
589.6210327,CANOE,2003,108316.1819,30613176.38,2003CANOE-,4.16547988
468.8429565,CZU LIGHTNING COMPLEX,2020,899769.2245,145650091,2020CZU LIGHTNING COMPLEX-,4.172127236
511.3696289,CZU LIGHTNING COMPLEX,2020,899769.2245,145650091,2020CZU LIGHTNING COMPLEX-,4.172357748
671.7547607,CZU LIGHTNING COMPLEX,2020,899769.2245,145650091,2020CZU LIGHTNING COMPLEX-,4.176492591
719.9662476,CHETCO BAR,2017,28687.64862,6998551.507,2017CHETCO BAR-,4.177380619
621.0110474,CZU LIGHTNING COMPLEX,2020,899769.2245,145650091,2020CZU LIGHTNING COMPLEX-,4.17904414
737.2434082,INDIAN,2008,17839.09215,4534864.183,2008INDIAN-,4.181910963
420.0787048,CZU LIGHTNING COMPLEX,2020,899769.2245,145650091,2020CZU LIGHTNING COMPLEX-,4.183680471
573.4179688,WALBRIDGE,2020,34685.12321,1970691.702,2020WALBRIDGE-,4.196833785
391.5422363,CZU LIGHTNING COMPLEX,2020,899769.2245,145650091,2020CZU LIGHTNING COMPLEX-,4.198712088
563.6073608,CZU LIGHTNING COMPLEX,2020,899769.2245,145650091,2020CZU LIGHTNING COMPLEX-,4.199225594
626.7327881,CZU LIGHTNING COMPLEX,2020,899769.2245,145650091,2020CZU LIGHTNING COMPLEX-,4.200845331
498.7582397,CZU LIGHTNING COMPLEX,2020,899769.2245,145650091,2020CZU LIGHTNING COMPLEX-,4.201216304
655.4456787,CZU LIGHTNING COMPLEX,2020,899769.2245,145650091,2020CZU LIGHTNING COMPLEX-,4.2080917
540.8569336,CZU LIGHTNING COMPLEX,2020,899769.2245,145650091,2020CZU LIGHTNING COMPLEX-,4.208241207
621.0209961,GLASS,2020,50252.06105,2263063.931,2020GLASS-,4.209538473
643.088623,CZU LIGHTNING COMPLEX,2020,899769.2245,145650091,2020CZU LIGHTNING COMPLEX-,4.213673203
618.6549072,CZU LIGHTNING COMPLEX,2020,899769.2245,145650091,2020CZU LIGHTNING COMPLEX-,4.2162187
540.2855225,CZU LIGHTNING COMPLEX,2020,899769.2245,145650091,2020CZU LIGHTNING COMPLEX-,4.217545633
701.1497192,CANOE,2003,108316.1819,30613176.38,2003CANOE-,4.219041557
609.0717163,CZU LIGHTNING COMPLEX,2020,899769.2245,145650091,2020CZU LIGHTNING COMPLEX-,4.219422045
643.0878906,CZU LIGHTNING COMPLEX,2020,899769.2245,145650091,2020CZU LIGHTNING COMPLEX-,4.219985286
630.786377,CZU LIGHTNING COMPLEX,2020,899769.2245,145650091,2020CZU LIGHTNING COMPLEX-,4.224368737
532.7113647,CZU LIGHTNING COMPLEX,2020,899769.2245,145650091,2020CZU LIGHTNING COMPLEX-,4.231880804
524.0235596,CZU LIGHTNING COMPLEX,2020,899769.2245,145650091,2020CZU LIGHTNING COMPLEX-,4.235190082
686.8690186,CANOE,2003,108316.1819,30613176.38,2003CANOE-,4.235992751
670.2559814,GLASS,2020,50252.06105,2263063.931,2020GLASS-,4.236842869
554.364624,GLASS,2020,50252.06105,2263063.931,2020GLASS-,4.238523741
462.0224609,CZU LIGHTNING COMPLEX,2020,899769.2245,145650091,2020CZU LIGHTNING COMPLEX-,4.238578891
598.7059937,CZU LIGHTNING COMPLEX,2020,899769.2245,145650091,2020CZU LIGHTNING COMPLEX-,4.239923657
558.4493408,CZU LIGHTNING COMPLEX,2020,899769.2245,145650091,2020CZU LIGHTNING COMPLEX-,4.240700401
665.2149658,CANOE,2003,108316.1819,30613176.38,2003CANOE-,4.24088457
573.1436768,CZU LIGHTNING COMPLEX,2020,899769.2245,145650091,2020CZU LIGHTNING COMPLEX-,4.241078849
697.9301147,CANOE,2003,108316.1819,30613176.38,2003CANOE-,4.242943131
407.535675,CZU LIGHTNING COMPLEX,2020,899769.2245,145650091,2020CZU LIGHTNING COMPLEX-,4.248809651
356.1076965,CZU LIGHTNING COMPLEX,2020,899769.2245,145650091,2020CZU LIGHTNING COMPLEX-,4.250922139
732.5361328,CZU LIGHTNING COMPLEX,2020,899769.2245,145650091,2020CZU LIGHTNING COMPLEX-,4.251982748
519.02771,CZU LIGHTNING COMPLEX,2020,899769.2245,145650091,2020CZU LIGHTNING COMPLEX-,4.257370956
647.8137207,NUNS,2017,43127.60516,2287023.628,2017NUNS-,4.262647903
593.0737915,CZU LIGHTNING COMPLEX,2020,899769.2245,145650091,2020CZU LIGHTNING COMPLEX-,4.266917986
664.008667,CZU LIGHTNING COMPLEX,2020,899769.2245,145650091,2020CZU LIGHTNING COMPLEX-,4.276123935
641.8137817,NUNS,2017,43127.60516,2287023.628,2017NUNS-,4.277375445
519.2208252,NUNS,2017,43127.60516,2287023.628,2017NUNS-,4.279340103
661.4182739,CZU LIGHTNING COMPLEX,2020,899769.2245,145650091,2020CZU LIGHTNING COMPLEX-,4.280355456
539.9282227,CZU LIGHTNING COMPLEX,2020,899769.2245,145650091,2020CZU LIGHTNING COMPLEX-,4.28688141
530.8184814,ORR SERIES,2008,22871.31682,1053586.59,2008ORR SERIES-,4.289194679
691.3809814,CZU LIGHTNING COMPLEX,2020,899769.2245,145650091,2020CZU LIGHTNING COMPLEX-,4.28935563
361.128479,CZU LIGHTNING COMPLEX,2020,899769.2245,145650091,2020CZU LIGHTNING COMPLEX-,4.290421643
705.0518799,GLASS,2020,50252.06105,2263063.931,2020GLASS-,4.290887257
525.7731323,CZU LIGHTNING COMPLEX,2020,899769.2245,145650091,2020CZU LIGHTNING COMPLEX-,4.291324163
673.6384888,CZU LIGHTNING COMPLEX,2020,899769.2245,145650091,2020CZU LIGHTNING COMPLEX-,4.296455252
689.1199341,CZU LIGHTNING COMPLEX,2020,899769.2245,145650091,2020CZU LIGHTNING COMPLEX-,4.298666747
478.9816589,CZU LIGHTNING COMPLEX,2020,899769.2245,145650091,2020CZU LIGHTNING COMPLEX-,4.299754331
723.6687012,CZU LIGHTNING COMPLEX,2020,899769.2245,145650091,2020CZU LIGHTNING COMPLEX-,4.300939402
546.6748657,CZU LIGHTNING COMPLEX,2020,899769.2245,145650091,2020CZU LIGHTNING COMPLEX-,4.304276481
506.9198608,CZU LIGHTNING COMPLEX,2020,899769.2245,145650091,2020CZU LIGHTNING COMPLEX-,4.307000818
682.3471069,LODGE,2014,46471.6089,2165642.738,2014LODGE-,4.308592643
536.5175171,CZU LIGHTNING COMPLEX,2020,899769.2245,145650091,2020CZU LIGHTNING COMPLEX-,4.309842203
716.4476318,CANOE,2003,108316.1819,30613176.38,2003CANOE-,4.312364573
740.2059326,NAVARRO,2008,11911.63913,1762893.727,2008NAVARRO-,4.31372329
579.6820068,CZU LIGHTNING COMPLEX,2020,899769.2245,145650091,2020CZU LIGHTNING COMPLEX-,4.314300779
557.7034302,ORR SERIES,2008,22871.31682,1053586.59,2008ORR SERIES-,4.315583695
354.5729065,CZU LIGHTNING COMPLEX,2020,899769.2245,145650091,2020CZU LIGHTNING COMPLEX-,4.315591826
716.0476685,MEYERS,2020,31666.98984,2323941.628,2020MEYERS-,4.318870753
713.5070801,CZU LIGHTNING COMPLEX,2020,899769.2245,145650091,2020CZU LIGHTNING COMPLEX-,4.321611896
720.871582,NAVARRO,2008,11911.63913,1762893.727,2008NAVARRO-,4.323319593
563.6400757,CZU LIGHTNING COMPLEX,2020,899769.2245,145650091,2020CZU LIGHTNING COMPLEX-,4.324584594
472.0565796,CZU LIGHTNING COMPLEX,2020,899769.2245,145650091,2020CZU LIGHTNING COMPLEX-,4.328087298
681.6582642,LODGE,2014,46471.6089,2165642.738,2014LODGE-,4.329945359
377.6139526,CZU LIGHTNING COMPLEX,2020,899769.2245,145650091,2020CZU LIGHTNING COMPLEX-,4.331022291
540.6340332,CZU LIGHTNING COMPLEX,2020,899769.2245,145650091,2020CZU LIGHTNING COMPLEX-,4.332671291
618.8361206,GLASS,2020,50252.06105,2263063.931,2020GLASS-,4.336432675
642.4343872,CZU LIGHTNING COMPLEX,2020,899769.2245,145650091,2020CZU LIGHTNING COMPLEX-,4.339343189
517.319519,CZU LIGHTNING COMPLEX,2020,899769.2245,145650091,2020CZU LIGHTNING COMPLEX-,4.346183742
531.4454346,CZU LIGHTNING COMPLEX,2020,899769.2245,145650091,2020CZU LIGHTNING COMPLEX-,4.348184672
686.887207,NUNS,2017,43127.60516,2287023.628,2017NUNS-,4.350013508
623.347168,CZU LIGHTNING COMPLEX,2020,899769.2245,145650091,2020CZU LIGHTNING COMPLEX-,4.353939938
334.4739075,CZU LIGHTNING COMPLEX,2020,899769.2245,145650091,2020CZU LIGHTNING COMPLEX-,4.35611478
654.2078857,CZU LIGHTNING COMPLEX,2020,899769.2245,145650091,2020CZU LIGHTNING COMPLEX-,4.361856955
650.1083374,CZU LIGHTNING COMPLEX,2020,899769.2245,145650091,2020CZU LIGHTNING COMPLEX-,4.364101959
641.4553223,WALBRIDGE,2020,34685.12321,1970691.702,2020WALBRIDGE-,4.365042461
538.2661743,MARTIN,2008,9673.019814,518372.6577,2008MARTIN-,4.367480826
457.9638977,CZU LIGHTNING COMPLEX,2020,899769.2245,145650091,2020CZU LIGHTNING COMPLEX-,4.368657079
574.7799072,NUNS,2017,43127.60516,2287023.628,2017NUNS-,4.368855607
666.218811,CZU LIGHTNING COMPLEX,2020,899769.2245,145650091,2020CZU LIGHTNING COMPLEX-,4.371057749
704.0858154,CZU LIGHTNING COMPLEX,2020,899769.2245,145650091,2020CZU LIGHTNING COMPLEX-,4.374533864
688.9569092,CZU LIGHTNING COMPLEX,2020,899769.2245,145650091,2020CZU LIGHTNING COMPLEX-,4.374946783
633.3984375,CZU LIGHTNING COMPLEX,2020,899769.2245,145650091,2020CZU LIGHTNING COMPLEX-,4.375594111
568.8217163,CZU LIGHTNING COMPLEX,2020,899769.2245,145650091,2020CZU LIGHTNING COMPLEX-,4.379220551
568.8217163,MARTIN,2008,9673.019814,518372.6577,2008MARTIN-,4.379220551
593.4667358,CZU LIGHTNING COMPLEX,2020,899769.2245,145650091,2020CZU LIGHTNING COMPLEX-,4.387914129
613.4472656,CZU LIGHTNING COMPLEX,2020,899769.2245,145650091,2020CZU LIGHTNING COMPLEX-,4.394735361
650.1118774,CZU LIGHTNING COMPLEX,2020,899769.2245,145650091,2020CZU LIGHTNING COMPLEX-,4.395810979
414.8569946,CZU LIGHTNING COMPLEX,2020,899769.2245,145650091,2020CZU LIGHTNING COMPLEX-,4.396568466
729.7444458,LODGE,2014,46471.6089,2165642.738,2014LODGE-,4.399165517
583.2318726,CZU LIGHTNING COMPLEX,2020,899769.2245,145650091,2020CZU LIGHTNING COMPLEX-,4.399675725
712.7286987,GLASS,2020,50252.06105,2263063.931,2020GLASS-,4.406680215
511.1733093,CZU LIGHTNING COMPLEX,2020,899769.2245,145650091,2020CZU LIGHTNING COMPLEX-,4.415872688
762.9555054,MEYERS,2020,31666.98984,2323941.628,2020MEYERS-,4.419731772
730.4733276,CZU LIGHTNING COMPLEX,2020,899769.2245,145650091,2020CZU LIGHTNING COMPLEX-,4.422880266
571.5855713,CZU LIGHTNING COMPLEX,2020,899769.2245,145650091,2020CZU LIGHTNING COMPLEX-,4.423200804
618.7301636,CZU LIGHTNING COMPLEX,2020,899769.2245,145650091,2020CZU LIGHTNING COMPLEX-,4.426325433
733.1738281,CANOE,2003,108316.1819,30613176.38,2003CANOE-,4.42899053
686.3966064,CANOE,2003,108316.1819,30613176.38,2003CANOE-,4.433729512
644.4391479,CZU LIGHTNING COMPLEX,2020,899769.2245,145650091,2020CZU LIGHTNING COMPLEX-,4.439848645
502.442627,CZU LIGHTNING COMPLEX,2020,899769.2245,145650091,2020CZU LIGHTNING COMPLEX-,4.440526539
469.5477295,CZU LIGHTNING COMPLEX,2020,899769.2245,145650091,2020CZU LIGHTNING COMPLEX-,4.450651241
484.8640442,CZU LIGHTNING COMPLEX,2020,899769.2245,145650091,2020CZU LIGHTNING COMPLEX-,4.450709147
548.7325439,CZU LIGHTNING COMPLEX,2020,899769.2245,145650091,2020CZU LIGHTNING COMPLEX-,4.451774431
634.7405396,CZU LIGHTNING COMPLEX,2020,899769.2245,145650091,2020CZU LIGHTNING COMPLEX-,4.466287419
305.1370544,CZU LIGHTNING COMPLEX,2020,899769.2245,145650091,2020CZU LIGHTNING COMPLEX-,4.478886055
754.2507935,INDIAN,2008,17839.09215,4534864.183,2008INDIAN-,4.479776883
661.0322266,TUBBS,2017,17899.28548,937389.0541,2017TUBBS-,4.50255412
431.6656189,CZU LIGHTNING COMPLEX,2020,899769.2245,145650091,2020CZU LIGHTNING COMPLEX-,4.503573827
558.4961548,NUNS,2017,43127.60516,2287023.628,2017NUNS-,4.505878949
670.013855,CZU LIGHTNING COMPLEX,2020,899769.2245,145650091,2020CZU LIGHTNING COMPLEX-,4.508114876
660.6413574,CZU LIGHTNING COMPLEX,2020,899769.2245,145650091,2020CZU LIGHTNING COMPLEX-,4.508849541
540.6717529,CZU LIGHTNING COMPLEX,2020,899769.2245,145650091,2020CZU LIGHTNING COMPLEX-,4.510268403
524.0587158,NUNS,2017,43127.60516,2287023.628,2017NUNS-,4.516825294
628.4761353,CZU LIGHTNING COMPLEX,2020,899769.2245,145650091,2020CZU LIGHTNING COMPLEX-,4.519507242
459.4453125,CZU LIGHTNING COMPLEX,2020,899769.2245,145650091,2020CZU LIGHTNING COMPLEX-,4.519826125
498.4740601,CHETCO BAR,2017,28687.64862,6998551.507,2017CHETCO BAR-,4.523201949
384.0093079,CZU LIGHTNING COMPLEX,2020,899769.2245,145650091,2020CZU LIGHTNING COMPLEX-,4.523861564
503.3999939,CZU LIGHTNING COMPLEX,2020,899769.2245,145650091,2020CZU LIGHTNING COMPLEX-,4.525735221
454.3236084,CZU LIGHTNING COMPLEX,2020,899769.2245,145650091,2020CZU LIGHTNING COMPLEX-,4.530225035
651.2180786,LODGE,2014,46471.6089,2165642.738,2014LODGE-,4.53321827
626.8428955,CZU LIGHTNING COMPLEX,2020,899769.2245,145650091,2020CZU LIGHTNING COMPLEX-,4.533612365
676.9075928,GLASS,2020,50252.06105,2263063.931,2020GLASS-,4.535203728
600.2870483,CZU LIGHTNING COMPLEX,2020,899769.2245,145650091,2020CZU LIGHTNING COMPLEX-,4.539956709
691.7381592,ORR SERIES,2008,22871.31682,1053586.59,2008ORR SERIES-,4.544361441
709.1907349,CANOE,2003,108316.1819,30613176.38,2003CANOE-,4.553871871
540.2474365,CZU LIGHTNING COMPLEX,2020,899769.2245,145650091,2020CZU LIGHTNING COMPLEX-,4.557569772
724.2024536,CHETCO BAR,2017,28687.64862,6998551.507,2017CHETCO BAR-,4.561373145
624.7732544,CZU LIGHTNING COMPLEX,2020,899769.2245,145650091,2020CZU LIGHTNING COMPLEX-,4.564584654
738.6148682,INDIAN,2008,17839.09215,4534864.183,2008INDIAN-,4.566518982
522.4708862,CZU LIGHTNING COMPLEX,2020,899769.2245,145650091,2020CZU LIGHTNING COMPLEX-,4.569762905
717.0615234,CZU LIGHTNING COMPLEX,2020,899769.2245,145650091,2020CZU LIGHTNING COMPLEX-,4.570520055
757.3474121,CZU LIGHTNING COMPLEX,2020,899769.2245,145650091,2020CZU LIGHTNING COMPLEX-,4.574614907
673.6402588,CZU LIGHTNING COMPLEX,2020,899769.2245,145650091,2020CZU LIGHTNING COMPLEX-,4.575731984
647.6065063,CZU LIGHTNING COMPLEX,2020,899769.2245,145650091,2020CZU LIGHTNING COMPLEX-,4.590176826
537.4094849,CZU LIGHTNING COMPLEX,2020,899769.2245,145650091,2020CZU LIGHTNING COMPLEX-,4.60146847
558.4053955,CZU LIGHTNING COMPLEX,2020,899769.2245,145650091,2020CZU LIGHTNING COMPLEX-,4.604127298
676.1199951,CANOE,2003,108316.1819,30613176.38,2003CANOE-,4.608579465
611.5526733,CZU LIGHTNING COMPLEX,2020,899769.2245,145650091,2020CZU LIGHTNING COMPLEX-,4.608915525
599.8766479,CZU LIGHTNING COMPLEX,2020,899769.2245,145650091,2020CZU LIGHTNING COMPLEX-,4.609779201
682.7288208,NAVARRO,2008,11911.63913,1762893.727,2008NAVARRO-,4.612457602
632.8354492,CZU LIGHTNING COMPLEX,2020,899769.2245,145650091,2020CZU LIGHTNING COMPLEX-,4.615015765
525.418335,CZU LIGHTNING COMPLEX,2020,899769.2245,145650091,2020CZU LIGHTNING COMPLEX-,4.615606677
463.5644226,CZU LIGHTNING COMPLEX,2020,899769.2245,145650091,2020CZU LIGHTNING COMPLEX-,4.62996502
570.9904785,CZU LIGHTNING COMPLEX,2020,899769.2245,145650091,2020CZU LIGHTNING COMPLEX-,4.63434994
554.2150269,CZU LIGHTNING COMPLEX,2020,899769.2245,145650091,2020CZU LIGHTNING COMPLEX-,4.63586262
777.428894,WALBRIDGE,2020,34685.12321,1970691.702,2020WALBRIDGE-,4.637406491
671.0608521,CZU LIGHTNING COMPLEX,2020,899769.2245,145650091,2020CZU LIGHTNING COMPLEX-,4.637664221
563.3778687,CZU LIGHTNING COMPLEX,2020,899769.2245,145650091,2020CZU LIGHTNING COMPLEX-,4.642049768
510.9092407,CZU LIGHTNING COMPLEX,2020,899769.2245,145650091,2020CZU LIGHTNING COMPLEX-,4.645022079
732.1077271,GLASS,2020,50252.06105,2263063.931,2020GLASS-,4.646303154
718.0101318,CZU LIGHTNING COMPLEX,2020,899769.2245,145650091,2020CZU LIGHTNING COMPLEX-,4.658587981
548.6235962,CZU LIGHTNING COMPLEX,2020,899769.2245,145650091,2020CZU LIGHTNING COMPLEX-,4.659090428
610.3226318,CZU LIGHTNING COMPLEX,2020,899769.2245,145650091,2020CZU LIGHTNING COMPLEX-,4.660415305
617.6581421,CZU LIGHTNING COMPLEX,2020,899769.2245,145650091,2020CZU LIGHTNING COMPLEX-,4.667662206
506.950592,CZU LIGHTNING COMPLEX,2020,899769.2245,145650091,2020CZU LIGHTNING COMPLEX-,4.667787386
503.3999939,MARTIN,2008,9673.019814,518372.6577,2008MARTIN-,4.672368969
689.7168579,CANOE,2003,108316.1819,30613176.38,2003CANOE-,4.672466987
611.3259277,CZU LIGHTNING COMPLEX,2020,899769.2245,145650091,2020CZU LIGHTNING COMPLEX-,4.678039272
639.0054932,CZU LIGHTNING COMPLEX,2020,899769.2245,145650091,2020CZU LIGHTNING COMPLEX-,4.680732677
674.9927368,CZU LIGHTNING COMPLEX,2020,899769.2245,145650091,2020CZU LIGHTNING COMPLEX-,4.682128353
636.8334351,CZU LIGHTNING COMPLEX,2020,899769.2245,145650091,2020CZU LIGHTNING COMPLEX-,4.682937467
657.8564453,GLASS,2020,50252.06105,2263063.931,2020GLASS-,4.685931881
640.6282959,CZU LIGHTNING COMPLEX,2020,899769.2245,145650091,2020CZU LIGHTNING COMPLEX-,4.689723037
694.6109619,CZU LIGHTNING COMPLEX,2020,899769.2245,145650091,2020CZU LIGHTNING COMPLEX-,4.694192003
528.7006226,CZU LIGHTNING COMPLEX,2020,899769.2245,145650091,2020CZU LIGHTNING COMPLEX-,4.694436099
476.9495239,CZU LIGHTNING COMPLEX,2020,899769.2245,145650091,2020CZU LIGHTNING COMPLEX-,4.694537968
730.7380981,CANOE,2003,108316.1819,30613176.38,2003CANOE-,4.695583715
341.8551331,CZU LIGHTNING COMPLEX,2020,899769.2245,145650091,2020CZU LIGHTNING COMPLEX-,4.695837629
666.5858765,MEYERS,2020,31666.98984,2323941.628,2020MEYERS-,4.699874134
549.2148438,CZU LIGHTNING COMPLEX,2020,899769.2245,145650091,2020CZU LIGHTNING COMPLEX-,4.702841257
655.9003296,CZU LIGHTNING COMPLEX,2020,899769.2245,145650091,2020CZU LIGHTNING COMPLEX-,4.702876713
748.9780884,INDIAN,2008,17839.09215,4534864.183,2008INDIAN-,4.703042859
672.9387207,CZU LIGHTNING COMPLEX,2020,899769.2245,145650091,2020CZU LIGHTNING COMPLEX-,4.709278212
698.0656128,WALBRIDGE,2020,34685.12321,1970691.702,2020WALBRIDGE-,4.713912606
621.4171143,CZU LIGHTNING COMPLEX,2020,899769.2245,145650091,2020CZU LIGHTNING COMPLEX-,4.725524819
498.2855225,CZU LIGHTNING COMPLEX,2020,899769.2245,145650091,2020CZU LIGHTNING COMPLEX-,4.726059592
535.7275391,CZU LIGHTNING COMPLEX,2020,899769.2245,145650091,2020CZU LIGHTNING COMPLEX-,4.726277665
690.2181396,MEYERS,2020,31666.98984,2323941.628,2020MEYERS-,4.726329039
562.4749756,CZU LIGHTNING COMPLEX,2020,899769.2245,145650091,2020CZU LIGHTNING COMPLEX-,4.726717772
603.2578735,CZU LIGHTNING COMPLEX,2020,899769.2245,145650091,2020CZU LIGHTNING COMPLEX-,4.732443104
681.9202271,LODGE,2014,46471.6089,2165642.738,2014LODGE-,4.732918402
659.5474243,CZU LIGHTNING COMPLEX,2020,899769.2245,145650091,2020CZU LIGHTNING COMPLEX-,4.737473469
593.8310547,CANOE,2003,108316.1819,30613176.38,2003CANOE-,4.739313144
616.0065308,CZU LIGHTNING COMPLEX,2020,899769.2245,145650091,2020CZU LIGHTNING COMPLEX-,4.742612553
518.9508057,CZU LIGHTNING COMPLEX,2020,899769.2245,145650091,2020CZU LIGHTNING COMPLEX-,4.743551521
613.4927368,CZU LIGHTNING COMPLEX,2020,899769.2245,145650091,2020CZU LIGHTNING COMPLEX-,4.744735409
556.9485474,CZU LIGHTNING COMPLEX,2020,899769.2245,145650091,2020CZU LIGHTNING COMPLEX-,4.745065275
623.1780396,CZU LIGHTNING COMPLEX,2020,899769.2245,145650091,2020CZU LIGHTNING COMPLEX-,4.745985202
661.8320923,CZU LIGHTNING COMPLEX,2020,899769.2245,145650091,2020CZU LIGHTNING COMPLEX-,4.749251834
505.3950195,CZU LIGHTNING COMPLEX,2020,899769.2245,145650091,2020CZU LIGHTNING COMPLEX-,4.752437273
670.4708252,CANOE,2003,108316.1819,30613176.38,2003CANOE-,4.752788547
743.8149414,NAVARRO,2008,11911.63913,1762893.727,2008NAVARRO-,4.753057961
710.6300659,LODGE,2014,46471.6089,2165642.738,2014LODGE-,4.755565538
699.0463257,GLASS,2020,50252.06105,2263063.931,2020GLASS-,4.755777854
372.1060181,CZU LIGHTNING COMPLEX,2020,899769.2245,145650091,2020CZU LIGHTNING COMPLEX-,4.76154289
681.6731567,CZU LIGHTNING COMPLEX,2020,899769.2245,145650091,2020CZU LIGHTNING COMPLEX-,4.766623829
659.0096436,CZU LIGHTNING COMPLEX,2020,899769.2245,145650091,2020CZU LIGHTNING COMPLEX-,4.766701118
688.8970947,CZU LIGHTNING COMPLEX,2020,899769.2245,145650091,2020CZU LIGHTNING COMPLEX-,4.769733956
676.5977173,CZU LIGHTNING COMPLEX,2020,899769.2245,145650091,2020CZU LIGHTNING COMPLEX-,4.774985853
717.6335449,CANOE,2003,108316.1819,30613176.38,2003CANOE-,4.785250218
716.8566284,CHETCO BAR,2017,28687.64862,6998551.507,2017CHETCO BAR-,4.789852362
548.1829224,CZU LIGHTNING COMPLEX,2020,899769.2245,145650091,2020CZU LIGHTNING COMPLEX-,4.791238815
631.7184448,CZU LIGHTNING COMPLEX,2020,899769.2245,145650091,2020CZU LIGHTNING COMPLEX-,4.801475913
606.7965088,CZU LIGHTNING COMPLEX,2020,899769.2245,145650091,2020CZU LIGHTNING COMPLEX-,4.801942995
475.2948303,CZU LIGHTNING COMPLEX,2020,899769.2245,145650091,2020CZU LIGHTNING COMPLEX-,4.804505871
595.6723633,CZU LIGHTNING COMPLEX,2020,899769.2245,145650091,2020CZU LIGHTNING COMPLEX-,4.81531401
322.4405518,CZU LIGHTNING COMPLEX,2020,899769.2245,145650091,2020CZU LIGHTNING COMPLEX-,4.816289704
699.7249756,CHETCO BAR,2017,28687.64862,6998551.507,2017CHETCO BAR-,4.818294135
685.7841797,CANOE,2003,108316.1819,30613176.38,2003CANOE-,4.8188368
731.395752,INDIAN,2008,17839.09215,4534864.183,2008INDIAN-,4.829732302
343.670166,CZU LIGHTNING COMPLEX,2020,899769.2245,145650091,2020CZU LIGHTNING COMPLEX-,4.836237134
726.986084,NAVARRO,2008,11911.63913,1762893.727,2008NAVARRO-,4.837385493
702.3519897,WALBRIDGE,2020,34685.12321,1970691.702,2020WALBRIDGE-,4.837834063
681.9411011,CANOE,2003,108316.1819,30613176.38,2003CANOE-,4.83878822
634.7332764,CZU LIGHTNING COMPLEX,2020,899769.2245,145650091,2020CZU LIGHTNING COMPLEX-,4.839839051
543.1125488,CZU LIGHTNING COMPLEX,2020,899769.2245,145650091,2020CZU LIGHTNING COMPLEX-,4.841344454
575.1765747,CZU LIGHTNING COMPLEX,2020,899769.2245,145650091,2020CZU LIGHTNING COMPLEX-,4.84308445
682.0241089,CZU LIGHTNING COMPLEX,2020,899769.2245,145650091,2020CZU LIGHTNING COMPLEX-,4.850819376
536.9284058,CZU LIGHTNING COMPLEX,2020,899769.2245,145650091,2020CZU LIGHTNING COMPLEX-,4.851696025
628.4636841,CZU LIGHTNING COMPLEX,2020,899769.2245,145650091,2020CZU LIGHTNING COMPLEX-,4.853214585
591.723938,CZU LIGHTNING COMPLEX,2020,899769.2245,145650091,2020CZU LIGHTNING COMPLEX-,4.856108274
501.9940186,CZU LIGHTNING COMPLEX,2020,899769.2245,145650091,2020CZU LIGHTNING COMPLEX-,4.856258328
608.7133789,CZU LIGHTNING COMPLEX,2020,899769.2245,145650091,2020CZU LIGHTNING COMPLEX-,4.861865744
583.612915,LODGE,2014,46471.6089,2165642.738,2014LODGE-,4.869542619
539.6118164,CZU LIGHTNING COMPLEX,2020,899769.2245,145650091,2020CZU LIGHTNING COMPLEX-,4.871671264
541.7401123,CZU LIGHTNING COMPLEX,2020,899769.2245,145650091,2020CZU LIGHTNING COMPLEX-,4.871692694
637.3277588,CZU LIGHTNING COMPLEX,2020,899769.2245,145650091,2020CZU LIGHTNING COMPLEX-,4.872028068
526.2178955,CZU LIGHTNING COMPLEX,2020,899769.2245,145650091,2020CZU LIGHTNING COMPLEX-,4.876399226
558.6138916,LODGE,2014,46471.6089,2165642.738,2014LODGE-,4.885435796
695.494812,CANOE,2003,108316.1819,30613176.38,2003CANOE-,4.887679264
452.6035461,CZU LIGHTNING COMPLEX,2020,899769.2245,145650091,2020CZU LIGHTNING COMPLEX-,4.890185169
661.4060669,CZU LIGHTNING COMPLEX,2020,899769.2245,145650091,2020CZU LIGHTNING COMPLEX-,4.891105503
746.329895,INDIAN,2008,17839.09215,4534864.183,2008INDIAN-,4.89319309
719.8205566,CANOE,2003,108316.1819,30613176.38,2003CANOE-,4.893681855
739.4402466,CZU LIGHTNING COMPLEX,2020,899769.2245,145650091,2020CZU LIGHTNING COMPLEX-,4.896127777
676.7349854,CANOE,2003,108316.1819,30613176.38,2003CANOE-,4.897001926
428.125824,CZU LIGHTNING COMPLEX,2020,899769.2245,145650091,2020CZU LIGHTNING COMPLEX-,4.898039022
509.3619995,CZU LIGHTNING COMPLEX,2020,899769.2245,145650091,2020CZU LIGHTNING COMPLEX-,4.898927389
581.9055176,CZU LIGHTNING COMPLEX,2020,899769.2245,145650091,2020CZU LIGHTNING COMPLEX-,4.902437624
660.6340332,CZU LIGHTNING COMPLEX,2020,899769.2245,145650091,2020CZU LIGHTNING COMPLEX-,4.909332043
698.6858521,CANOE,2003,108316.1819,30613176.38,2003CANOE-,4.916482985
649.7521362,CZU LIGHTNING COMPLEX,2020,899769.2245,145650091,2020CZU LIGHTNING COMPLEX-,4.917287466
565.7420044,CZU LIGHTNING COMPLEX,2020,899769.2245,145650091,2020CZU LIGHTNING COMPLEX-,4.918150387
506.6895447,CZU LIGHTNING COMPLEX,2020,899769.2245,145650091,2020CZU LIGHTNING COMPLEX-,4.919553542
538.5072632,CZU LIGHTNING COMPLEX,2020,899769.2245,145650091,2020CZU LIGHTNING COMPLEX-,4.923576603
695.154541,CZU LIGHTNING COMPLEX,2020,899769.2245,145650091,2020CZU LIGHTNING COMPLEX-,4.930638031
402.7156982,CZU LIGHTNING COMPLEX,2020,899769.2245,145650091,2020CZU LIGHTNING COMPLEX-,4.9352089
657.1057739,CZU LIGHTNING COMPLEX,2020,899769.2245,145650091,2020CZU LIGHTNING COMPLEX-,4.941334711
544.5941772,CZU LIGHTNING COMPLEX,2020,899769.2245,145650091,2020CZU LIGHTNING COMPLEX-,4.943482448
511.4872437,CHETCO BAR,2017,28687.64862,6998551.507,2017CHETCO BAR-,4.943599697
633.7253418,CZU LIGHTNING COMPLEX,2020,899769.2245,145650091,2020CZU LIGHTNING COMPLEX-,4.953526503
585.5361328,CZU LIGHTNING COMPLEX,2020,899769.2245,145650091,2020CZU LIGHTNING COMPLEX-,4.953921911
629.5894165,CZU LIGHTNING COMPLEX,2020,899769.2245,145650091,2020CZU LIGHTNING COMPLEX-,4.954285861
637.3269043,CZU LIGHTNING COMPLEX,2020,899769.2245,145650091,2020CZU LIGHTNING COMPLEX-,4.963061425
618.7035522,CZU LIGHTNING COMPLEX,2020,899769.2245,145650091,2020CZU LIGHTNING COMPLEX-,4.965727511
735.0014648,CZU LIGHTNING COMPLEX,2020,899769.2245,145650091,2020CZU LIGHTNING COMPLEX-,4.96598266
530.0358887,CZU LIGHTNING COMPLEX,2020,899769.2245,145650091,2020CZU LIGHTNING COMPLEX-,4.966112781
520.3548584,CZU LIGHTNING COMPLEX,2020,899769.2245,145650091,2020CZU LIGHTNING COMPLEX-,4.967177078
537.145813,CZU LIGHTNING COMPLEX,2020,899769.2245,145650091,2020CZU LIGHTNING COMPLEX-,4.969380427
535.5576172,CZU LIGHTNING COMPLEX,2020,899769.2245,145650091,2020CZU LIGHTNING COMPLEX-,4.970294444
638.3220215,KINCADE,2019,5815.807036,310653.4472,2019KINCADE-,4.97956678
638.3220215,TUBBS,2017,17899.28548,937389.0541,2017TUBBS-,4.97956678
565.3338013,CZU LIGHTNING COMPLEX,2020,899769.2245,145650091,2020CZU LIGHTNING COMPLEX-,5.007186937
671.7999878,WALBRIDGE,2020,34685.12321,1970691.702,2020WALBRIDGE-,5.011987935
501.9305115,CZU LIGHTNING COMPLEX,2020,899769.2245,145650091,2020CZU LIGHTNING COMPLEX-,5.018696943
694.2663574,CZU LIGHTNING COMPLEX,2020,899769.2245,145650091,2020CZU LIGHTNING COMPLEX-,5.02877434
456.0479431,CZU LIGHTNING COMPLEX,2020,899769.2245,145650091,2020CZU LIGHTNING COMPLEX-,5.029213968
674.0111694,NUNS,2017,43127.60516,2287023.628,2017NUNS-,5.03290658
537.6151733,CZU LIGHTNING COMPLEX,2020,899769.2245,145650091,2020CZU LIGHTNING COMPLEX-,5.034256203
536.6517334,CZU LIGHTNING COMPLEX,2020,899769.2245,145650091,2020CZU LIGHTNING COMPLEX-,5.034340998
629.4057007,CZU LIGHTNING COMPLEX,2020,899769.2245,145650091,2020CZU LIGHTNING COMPLEX-,5.035194199
723.0269165,CANOE,2003,108316.1819,30613176.38,2003CANOE-,5.036404531
570.9776001,CZU LIGHTNING COMPLEX,2020,899769.2245,145650091,2020CZU LIGHTNING COMPLEX-,5.039068328
602.661499,CZU LIGHTNING COMPLEX,2020,899769.2245,145650091,2020CZU LIGHTNING COMPLEX-,5.042628028
514.4046631,CZU LIGHTNING COMPLEX,2020,899769.2245,145650091,2020CZU LIGHTNING COMPLEX-,5.046841214
729.5875244,CANOE,2003,108316.1819,30613176.38,2003CANOE-,5.049671025
588.5501099,CZU LIGHTNING COMPLEX,2020,899769.2245,145650091,2020CZU LIGHTNING COMPLEX-,5.05263993
662.2786865,CZU LIGHTNING COMPLEX,2020,899769.2245,145650091,2020CZU LIGHTNING COMPLEX-,5.053251629
687.5258179,CZU LIGHTNING COMPLEX,2020,899769.2245,145650091,2020CZU LIGHTNING COMPLEX-,5.05435185
346.8756104,CZU LIGHTNING COMPLEX,2020,899769.2245,145650091,2020CZU LIGHTNING COMPLEX-,5.056338029
524.7146606,CZU LIGHTNING COMPLEX,2020,899769.2245,145650091,2020CZU LIGHTNING COMPLEX-,5.056555265
524.7146606,MARTIN,2008,9673.019814,518372.6577,2008MARTIN-,5.056555265
683.9545288,CANOE,2003,108316.1819,30613176.38,2003CANOE-,5.057705888
474.0526123,CZU LIGHTNING COMPLEX,2020,899769.2245,145650091,2020CZU LIGHTNING COMPLEX-,5.060215032
545.5617065,CZU LIGHTNING COMPLEX,2020,899769.2245,145650091,2020CZU LIGHTNING COMPLEX-,5.060563852
642.0214844,CZU LIGHTNING COMPLEX,2020,899769.2245,145650091,2020CZU LIGHTNING COMPLEX-,5.063068573
368.6328125,CZU LIGHTNING COMPLEX,2020,899769.2245,145650091,2020CZU LIGHTNING COMPLEX-,5.065112331
588.192627,CZU LIGHTNING COMPLEX,2020,899769.2245,145650091,2020CZU LIGHTNING COMPLEX-,5.066218232
675.6911011,CANOE,2003,108316.1819,30613176.38,2003CANOE-,5.068454872
719.1121826,CZU LIGHTNING COMPLEX,2020,899769.2245,145650091,2020CZU LIGHTNING COMPLEX-,5.071402146
736.6654663,CANOE,2003,108316.1819,30613176.38,2003CANOE-,5.07504504
678.2645264,CANOE,2003,108316.1819,30613176.38,2003CANOE-,5.077348055
679.5056763,CANOE,2003,108316.1819,30613176.38,2003CANOE-,5.077641421
531.9033813,CZU LIGHTNING COMPLEX,2020,899769.2245,145650091,2020CZU LIGHTNING COMPLEX-,5.079244819
537.9577026,CZU LIGHTNING COMPLEX,2020,899769.2245,145650091,2020CZU LIGHTNING COMPLEX-,5.079829107
732.7938843,NUNS,2017,43127.60516,2287023.628,2017NUNS-,5.08059527
518.9520264,CZU LIGHTNING COMPLEX,2020,899769.2245,145650091,2020CZU LIGHTNING COMPLEX-,5.088242099
676.7713013,CZU LIGHTNING COMPLEX,2020,899769.2245,145650091,2020CZU LIGHTNING COMPLEX-,5.088462566
518.1940918,CZU LIGHTNING COMPLEX,2020,899769.2245,145650091,2020CZU LIGHTNING COMPLEX-,5.089816078
508.2409668,CZU LIGHTNING COMPLEX,2020,899769.2245,145650091,2020CZU LIGHTNING COMPLEX-,5.090320188
655.5131836,CZU LIGHTNING COMPLEX,2020,899769.2245,145650091,2020CZU LIGHTNING COMPLEX-,5.095059823
636.1213989,CZU LIGHTNING COMPLEX,2020,899769.2245,145650091,2020CZU LIGHTNING COMPLEX-,5.096007562
576.9028931,CZU LIGHTNING COMPLEX,2020,899769.2245,145650091,2020CZU LIGHTNING COMPLEX-,5.100144705
555.4246216,CZU LIGHTNING COMPLEX,2020,899769.2245,145650091,2020CZU LIGHTNING COMPLEX-,5.101156853
761.2067871,KINCADE,2019,5815.807036,310653.4472,2019KINCADE-,5.102020995
761.2067871,TUBBS,2017,17899.28548,937389.0541,2017TUBBS-,5.102020995
453.352478,CZU LIGHTNING COMPLEX,2020,899769.2245,145650091,2020CZU LIGHTNING COMPLEX-,5.103528397
702.2888794,CHETCO BAR,2017,28687.64862,6998551.507,2017CHETCO BAR-,5.10568835
572.9293823,CZU LIGHTNING COMPLEX,2020,899769.2245,145650091,2020CZU LIGHTNING COMPLEX-,5.112378166
667.3475952,CZU LIGHTNING COMPLEX,2020,899769.2245,145650091,2020CZU LIGHTNING COMPLEX-,5.116454727
669.1464233,CZU LIGHTNING COMPLEX,2020,899769.2245,145650091,2020CZU LIGHTNING COMPLEX-,5.126395514
682.8743896,CZU LIGHTNING COMPLEX,2020,899769.2245,145650091,2020CZU LIGHTNING COMPLEX-,5.134195128
732.6939697,CZU LIGHTNING COMPLEX,2020,899769.2245,145650091,2020CZU LIGHTNING COMPLEX-,5.135268439
518.3775635,CZU LIGHTNING COMPLEX,2020,899769.2245,145650091,2020CZU LIGHTNING COMPLEX-,5.135484948
674.5922852,CZU LIGHTNING COMPLEX,2020,899769.2245,145650091,2020CZU LIGHTNING COMPLEX-,5.137577399
706.1676636,LODGE,2014,46471.6089,2165642.738,2014LODGE-,5.137718694
603.8868408,CZU LIGHTNING COMPLEX,2020,899769.2245,145650091,2020CZU LIGHTNING COMPLEX-,5.141163687
639.4017944,CZU LIGHTNING COMPLEX,2020,899769.2245,145650091,2020CZU LIGHTNING COMPLEX-,5.142901839
683.2157593,LODGE,2014,46471.6089,2165642.738,2014LODGE-,5.142988927
655.6268921,CZU LIGHTNING COMPLEX,2020,899769.2245,145650091,2020CZU LIGHTNING COMPLEX-,5.152404652
504.1765137,CZU LIGHTNING COMPLEX,2020,899769.2245,145650091,2020CZU LIGHTNING COMPLEX-,5.152844178
546.1885986,CZU LIGHTNING COMPLEX,2020,899769.2245,145650091,2020CZU LIGHTNING COMPLEX-,5.158865896
653.1940918,CZU LIGHTNING COMPLEX,2020,899769.2245,145650091,2020CZU LIGHTNING COMPLEX-,5.163446324
679.8119507,CZU LIGHTNING COMPLEX,2020,899769.2245,145650091,2020CZU LIGHTNING COMPLEX-,5.165183221
662.958374,WALBRIDGE,2020,34685.12321,1970691.702,2020WALBRIDGE-,5.169651514
812.9208374,GLASS,2020,50252.06105,2263063.931,2020GLASS-,5.169668445
454.223877,CZU LIGHTNING COMPLEX,2020,899769.2245,145650091,2020CZU LIGHTNING COMPLEX-,5.170687649
630.572937,CZU LIGHTNING COMPLEX,2020,899769.2245,145650091,2020CZU LIGHTNING COMPLEX-,5.172157446
695.2384033,CANOE,2003,108316.1819,30613176.38,2003CANOE-,5.172491796
546.1201172,CZU LIGHTNING COMPLEX,2020,899769.2245,145650091,2020CZU LIGHTNING COMPLEX-,5.173387644
494.8321533,CZU LIGHTNING COMPLEX,2020,899769.2245,145650091,2020CZU LIGHTNING COMPLEX-,5.185801649
619.1295166,GLASS,2020,50252.06105,2263063.931,2020GLASS-,5.190522179
618.9055786,CZU LIGHTNING COMPLEX,2020,899769.2245,145650091,2020CZU LIGHTNING COMPLEX-,5.190744621
554.1530151,CZU LIGHTNING COMPLEX,2020,899769.2245,145650091,2020CZU LIGHTNING COMPLEX-,5.191197708
732.2159424,INDIAN,2008,17839.09215,4534864.183,2008INDIAN-,5.193665803
434.4217224,CZU LIGHTNING COMPLEX,2020,899769.2245,145650091,2020CZU LIGHTNING COMPLEX-,5.194795102
682.7338867,CZU LIGHTNING COMPLEX,2020,899769.2245,145650091,2020CZU LIGHTNING COMPLEX-,5.196835487
566.6611328,CZU LIGHTNING COMPLEX,2020,899769.2245,145650091,2020CZU LIGHTNING COMPLEX-,5.205428074
530.2041016,CZU LIGHTNING COMPLEX,2020,899769.2245,145650091,2020CZU LIGHTNING COMPLEX-,5.207227549
693.203064,CANOE,2003,108316.1819,30613176.38,2003CANOE-,5.210374293
693.6864624,CZU LIGHTNING COMPLEX,2020,899769.2245,145650091,2020CZU LIGHTNING COMPLEX-,5.212563732
590.7763672,CZU LIGHTNING COMPLEX,2020,899769.2245,145650091,2020CZU LIGHTNING COMPLEX-,5.212567331
701.6331177,CANOE,2003,108316.1819,30613176.38,2003CANOE-,5.215347396
713.5968628,CZU LIGHTNING COMPLEX,2020,899769.2245,145650091,2020CZU LIGHTNING COMPLEX-,5.221768542
632.1663208,CZU LIGHTNING COMPLEX,2020,899769.2245,145650091,2020CZU LIGHTNING COMPLEX-,5.226180223
739.1133423,MEYERS,2020,31666.98984,2323941.628,2020MEYERS-,5.22732728
702.0387573,LODGE,2014,46471.6089,2165642.738,2014LODGE-,5.230724216
591.6767578,CZU LIGHTNING COMPLEX,2020,899769.2245,145650091,2020CZU LIGHTNING COMPLEX-,5.233153403
582.2764893,CZU LIGHTNING COMPLEX,2020,899769.2245,145650091,2020CZU LIGHTNING COMPLEX-,5.234448714
567.9675903,NUNS,2017,43127.60516,2287023.628,2017NUNS-,5.23502493
681.1176758,CANOE,2003,108316.1819,30613176.38,2003CANOE-,5.238562046
568.5237427,CZU LIGHTNING COMPLEX,2020,899769.2245,145650091,2020CZU LIGHTNING COMPLEX-,5.239130256
476.0643005,CZU LIGHTNING COMPLEX,2020,899769.2245,145650091,2020CZU LIGHTNING COMPLEX-,5.23985982
679.9815674,CANOE,2003,108316.1819,30613176.38,2003CANOE-,5.241795698
584.2056885,ORR SERIES,2008,22871.31682,1053586.59,2008ORR SERIES-,5.249931354
539.4203491,CZU LIGHTNING COMPLEX,2020,899769.2245,145650091,2020CZU LIGHTNING COMPLEX-,5.251654437
681.0981445,CANOE,2003,108316.1819,30613176.38,2003CANOE-,5.257213257
733.2930908,MEYERS,2020,31666.98984,2323941.628,2020MEYERS-,5.258779415
653.9716797,CZU LIGHTNING COMPLEX,2020,899769.2245,145650091,2020CZU LIGHTNING COMPLEX-,5.259532214
742.2575684,INDIAN,2008,17839.09215,4534864.183,2008INDIAN-,5.261948896
630.5574341,CZU LIGHTNING COMPLEX,2020,899769.2245,145650091,2020CZU LIGHTNING COMPLEX-,5.26795804
643.7407837,LODGE,2014,46471.6089,2165642.738,2014LODGE-,5.270139426
664.9291382,CZU LIGHTNING COMPLEX,2020,899769.2245,145650091,2020CZU LIGHTNING COMPLEX-,5.270953872
712.6646729,CANOE,2003,108316.1819,30613176.38,2003CANOE-,5.273631073
598.9973145,CZU LIGHTNING COMPLEX,2020,899769.2245,145650091,2020CZU LIGHTNING COMPLEX-,5.278919377
468.2537842,CZU LIGHTNING COMPLEX,2020,899769.2245,145650091,2020CZU LIGHTNING COMPLEX-,5.283514303
655.9859009,CZU LIGHTNING COMPLEX,2020,899769.2245,145650091,2020CZU LIGHTNING COMPLEX-,5.288455707
681.4752808,CANOE,2003,108316.1819,30613176.38,2003CANOE-,5.288635009
656.644043,CZU LIGHTNING COMPLEX,2020,899769.2245,145650091,2020CZU LIGHTNING COMPLEX-,5.289537086
639.7451172,CZU LIGHTNING COMPLEX,2020,899769.2245,145650091,2020CZU LIGHTNING COMPLEX-,5.290611171
736.7145996,CZU LIGHTNING COMPLEX,2020,899769.2245,145650091,2020CZU LIGHTNING COMPLEX-,5.293260617
533.6520386,CZU LIGHTNING COMPLEX,2020,899769.2245,145650091,2020CZU LIGHTNING COMPLEX-,5.294567747
586.1793213,CZU LIGHTNING COMPLEX,2020,899769.2245,145650091,2020CZU LIGHTNING COMPLEX-,5.29733868
514.5142212,CZU LIGHTNING COMPLEX,2020,899769.2245,145650091,2020CZU LIGHTNING COMPLEX-,5.297432643
601.6780396,CANOE,2003,108316.1819,30613176.38,2003CANOE-,5.29789429
762.5216675,MEYERS,2020,31666.98984,2323941.628,2020MEYERS-,5.298355208
523.6110229,CZU LIGHTNING COMPLEX,2020,899769.2245,145650091,2020CZU LIGHTNING COMPLEX-,5.301624962
722.2648315,CHETCO BAR,2017,28687.64862,6998551.507,2017CHETCO BAR-,5.303705236
619.9151001,CZU LIGHTNING COMPLEX,2020,899769.2245,145650091,2020CZU LIGHTNING COMPLEX-,5.321307821
642.5863037,CZU LIGHTNING COMPLEX,2020,899769.2245,145650091,2020CZU LIGHTNING COMPLEX-,5.324163156
583.6716919,CZU LIGHTNING COMPLEX,2020,899769.2245,145650091,2020CZU LIGHTNING COMPLEX-,5.338088261
733.6148682,CZU LIGHTNING COMPLEX,2020,899769.2245,145650091,2020CZU LIGHTNING COMPLEX-,5.347700166
532.4001465,CZU LIGHTNING COMPLEX,2020,899769.2245,145650091,2020CZU LIGHTNING COMPLEX-,5.347847258
674.701355,CZU LIGHTNING COMPLEX,2020,899769.2245,145650091,2020CZU LIGHTNING COMPLEX-,5.347965475
542.4933472,CZU LIGHTNING COMPLEX,2020,899769.2245,145650091,2020CZU LIGHTNING COMPLEX-,5.350071244
589.8969116,CZU LIGHTNING COMPLEX,2020,899769.2245,145650091,2020CZU LIGHTNING COMPLEX-,5.355788476
537.1144409,CZU LIGHTNING COMPLEX,2020,899769.2245,145650091,2020CZU LIGHTNING COMPLEX-,5.359580716
537.2051392,CZU LIGHTNING COMPLEX,2020,899769.2245,145650091,2020CZU LIGHTNING COMPLEX-,5.359980527
696.9246826,CANOE,2003,108316.1819,30613176.38,2003CANOE-,5.367015397
487.1899414,CZU LIGHTNING COMPLEX,2020,899769.2245,145650091,2020CZU LIGHTNING COMPLEX-,5.369137691
601.8835449,CZU LIGHTNING COMPLEX,2020,899769.2245,145650091,2020CZU LIGHTNING COMPLEX-,5.375452671
478.3287659,CZU LIGHTNING COMPLEX,2020,899769.2245,145650091,2020CZU LIGHTNING COMPLEX-,5.37627046
548.6286011,CZU LIGHTNING COMPLEX,2020,899769.2245,145650091,2020CZU LIGHTNING COMPLEX-,5.376606034
696.7127075,CHETCO BAR,2017,28687.64862,6998551.507,2017CHETCO BAR-,5.378754796
709.6315308,CANOE,2003,108316.1819,30613176.38,2003CANOE-,5.379339687
707.4943848,CZU LIGHTNING COMPLEX,2020,899769.2245,145650091,2020CZU LIGHTNING COMPLEX-,5.382277186
484.5315552,CZU LIGHTNING COMPLEX,2020,899769.2245,145650091,2020CZU LIGHTNING COMPLEX-,5.39220843
676.0530396,CANOE,2003,108316.1819,30613176.38,2003CANOE-,5.396905001
668.0629883,LODGE,2014,46471.6089,2165642.738,2014LODGE-,5.401975296
500.1260376,CZU LIGHTNING COMPLEX,2020,899769.2245,145650091,2020CZU LIGHTNING COMPLEX-,5.404245993
720.7004395,CZU LIGHTNING COMPLEX,2020,899769.2245,145650091,2020CZU LIGHTNING COMPLEX-,5.407268163
613.2530518,CZU LIGHTNING COMPLEX,2020,899769.2245,145650091,2020CZU LIGHTNING COMPLEX-,5.411490004
723.2826538,CHETCO BAR,2017,28687.64862,6998551.507,2017CHETCO BAR-,5.411910938
711.2915039,CANOE,2003,108316.1819,30613176.38,2003CANOE-,5.415896337
588.7286987,CZU LIGHTNING COMPLEX,2020,899769.2245,145650091,2020CZU LIGHTNING COMPLEX-,5.417560126
371.9671936,CZU LIGHTNING COMPLEX,2020,899769.2245,145650091,2020CZU LIGHTNING COMPLEX-,5.418767573
767.6101685,INDIAN,2008,17839.09215,4534864.183,2008INDIAN-,5.427754909
691.3907471,LODGE,2014,46471.6089,2165642.738,2014LODGE-,5.427868938
685.2219849,CZU LIGHTNING COMPLEX,2020,899769.2245,145650091,2020CZU LIGHTNING COMPLEX-,5.43672713
700.0193481,LODGE,2014,46471.6089,2165642.738,2014LODGE-,5.437412809
514.7224121,CZU LIGHTNING COMPLEX,2020,899769.2245,145650091,2020CZU LIGHTNING COMPLEX-,5.437601547
655.5517578,CZU LIGHTNING COMPLEX,2020,899769.2245,145650091,2020CZU LIGHTNING COMPLEX-,5.440266542
578.0735474,CZU LIGHTNING COMPLEX,2020,899769.2245,145650091,2020CZU LIGHTNING COMPLEX-,5.441351887
618.3427734,LODGE,2014,46471.6089,2165642.738,2014LODGE-,5.442463615
727.3016968,CZU LIGHTNING COMPLEX,2020,899769.2245,145650091,2020CZU LIGHTNING COMPLEX-,5.443580635
697.5814209,NAVARRO,2008,11911.63913,1762893.727,2008NAVARRO-,5.44573617
644.5767822,WALBRIDGE,2020,34685.12321,1970691.702,2020WALBRIDGE-,5.446381701
486.1818237,CZU LIGHTNING COMPLEX,2020,899769.2245,145650091,2020CZU LIGHTNING COMPLEX-,5.447905044
643.0393677,CZU LIGHTNING COMPLEX,2020,899769.2245,145650091,2020CZU LIGHTNING COMPLEX-,5.450148714
649.5557861,CZU LIGHTNING COMPLEX,2020,899769.2245,145650091,2020CZU LIGHTNING COMPLEX-,5.453114085
690.8661499,CZU LIGHTNING COMPLEX,2020,899769.2245,145650091,2020CZU LIGHTNING COMPLEX-,5.454801785
658.4239502,CANOE,2003,108316.1819,30613176.38,2003CANOE-,5.455693974
661.8864136,LODGE,2014,46471.6089,2165642.738,2014LODGE-,5.458996247
681.0311279,CANOE,2003,108316.1819,30613176.38,2003CANOE-,5.459962294
551.0861816,CZU LIGHTNING COMPLEX,2020,899769.2245,145650091,2020CZU LIGHTNING COMPLEX-,5.460693054
515.7679443,CZU LIGHTNING COMPLEX,2020,899769.2245,145650091,2020CZU LIGHTNING COMPLEX-,5.464860782
546.9150391,CZU LIGHTNING COMPLEX,2020,899769.2245,145650091,2020CZU LIGHTNING COMPLEX-,5.469485641
669.84198,CZU LIGHTNING COMPLEX,2020,899769.2245,145650091,2020CZU LIGHTNING COMPLEX-,5.469492853
567.7826538,CZU LIGHTNING COMPLEX,2020,899769.2245,145650091,2020CZU LIGHTNING COMPLEX-,5.47456273
716.7393799,CHETCO BAR,2017,28687.64862,6998551.507,2017CHETCO BAR-,5.47517937
589.0809937,CZU LIGHTNING COMPLEX,2020,899769.2245,145650091,2020CZU LIGHTNING COMPLEX-,5.476087216
635.7373047,CZU LIGHTNING COMPLEX,2020,899769.2245,145650091,2020CZU LIGHTNING COMPLEX-,5.476592883
686.3919678,CZU LIGHTNING COMPLEX,2020,899769.2245,145650091,2020CZU LIGHTNING COMPLEX-,5.483270094
501.3669434,CZU LIGHTNING COMPLEX,2020,899769.2245,145650091,2020CZU LIGHTNING COMPLEX-,5.488129015
620.2168579,CZU LIGHTNING COMPLEX,2020,899769.2245,145650091,2020CZU LIGHTNING COMPLEX-,5.495621425
726.5240479,CANOE,2003,108316.1819,30613176.38,2003CANOE-,5.49718129
617.9319458,CZU LIGHTNING COMPLEX,2020,899769.2245,145650091,2020CZU LIGHTNING COMPLEX-,5.504991134
532.5344238,CZU LIGHTNING COMPLEX,2020,899769.2245,145650091,2020CZU LIGHTNING COMPLEX-,5.506565091
708.2108765,CZU LIGHTNING COMPLEX,2020,899769.2245,145650091,2020CZU LIGHTNING COMPLEX-,5.506827816
641.0673218,CZU LIGHTNING COMPLEX,2020,899769.2245,145650091,2020CZU LIGHTNING COMPLEX-,5.507136993
697.72052,CZU LIGHTNING COMPLEX,2020,899769.2245,145650091,2020CZU LIGHTNING COMPLEX-,5.50843566
654.0284424,CZU LIGHTNING COMPLEX,2020,899769.2245,145650091,2020CZU LIGHTNING COMPLEX-,5.508562749
654.4605713,CZU LIGHTNING COMPLEX,2020,899769.2245,145650091,2020CZU LIGHTNING COMPLEX-,5.510327525
480.2590942,CZU LIGHTNING COMPLEX,2020,899769.2245,145650091,2020CZU LIGHTNING COMPLEX-,5.510563463
493.8959656,CZU LIGHTNING COMPLEX,2020,899769.2245,145650091,2020CZU LIGHTNING COMPLEX-,5.512232118
546.5508423,CZU LIGHTNING COMPLEX,2020,899769.2245,145650091,2020CZU LIGHTNING COMPLEX-,5.513183578
127.7445526,CZU LIGHTNING COMPLEX,2020,899769.2245,145650091,2020CZU LIGHTNING COMPLEX-,5.51404304
514.7592773,CZU LIGHTNING COMPLEX,2020,899769.2245,145650091,2020CZU LIGHTNING COMPLEX-,5.51671085
644.6719971,NUNS,2017,43127.60516,2287023.628,2017NUNS-,5.517204957
657.3935547,NUNS,2017,43127.60516,2287023.628,2017NUNS-,5.531106231
658.7444458,CZU LIGHTNING COMPLEX,2020,899769.2245,145650091,2020CZU LIGHTNING COMPLEX-,5.534858624
511.478302,CZU LIGHTNING COMPLEX,2020,899769.2245,145650091,2020CZU LIGHTNING COMPLEX-,5.535915555
681.4318237,CZU LIGHTNING COMPLEX,2020,899769.2245,145650091,2020CZU LIGHTNING COMPLEX-,5.546094593
762.37146,CZU LIGHTNING COMPLEX,2020,899769.2245,145650091,2020CZU LIGHTNING COMPLEX-,5.548160418
664.0353394,NUNS,2017,43127.60516,2287023.628,2017NUNS-,5.54954251
526.8875122,CZU LIGHTNING COMPLEX,2020,899769.2245,145650091,2020CZU LIGHTNING COMPLEX-,5.550215964
643.9232178,CZU LIGHTNING COMPLEX,2020,899769.2245,145650091,2020CZU LIGHTNING COMPLEX-,5.550351757
531.107666,CZU LIGHTNING COMPLEX,2020,899769.2245,145650091,2020CZU LIGHTNING COMPLEX-,5.551009782
699.1745605,CANOE,2003,108316.1819,30613176.38,2003CANOE-,5.553319297
493.3195801,CZU LIGHTNING COMPLEX,2020,899769.2245,145650091,2020CZU LIGHTNING COMPLEX-,5.563662885
465.395752,CZU LIGHTNING COMPLEX,2020,899769.2245,145650091,2020CZU LIGHTNING COMPLEX-,5.56541252
521.2862549,CZU LIGHTNING COMPLEX,2020,899769.2245,145650091,2020CZU LIGHTNING COMPLEX-,5.565592983
555.7015381,CZU LIGHTNING COMPLEX,2020,899769.2245,145650091,2020CZU LIGHTNING COMPLEX-,5.571444276
607.8560791,CZU LIGHTNING COMPLEX,2020,899769.2245,145650091,2020CZU LIGHTNING COMPLEX-,5.571765311
564.5570679,CZU LIGHTNING COMPLEX,2020,899769.2245,145650091,2020CZU LIGHTNING COMPLEX-,5.573217249
685.8225098,CZU LIGHTNING COMPLEX,2020,899769.2245,145650091,2020CZU LIGHTNING COMPLEX-,5.578634334
693.9503174,CZU LIGHTNING COMPLEX,2020,899769.2245,145650091,2020CZU LIGHTNING COMPLEX-,5.580282446
540.4492798,CZU LIGHTNING COMPLEX,2020,899769.2245,145650091,2020CZU LIGHTNING COMPLEX-,5.585947087
545.1917725,CZU LIGHTNING COMPLEX,2020,899769.2245,145650091,2020CZU LIGHTNING COMPLEX-,5.588146153
711.0429688,CHETCO BAR,2017,28687.64862,6998551.507,2017CHETCO BAR-,5.588385955
701.2593384,CZU LIGHTNING COMPLEX,2020,899769.2245,145650091,2020CZU LIGHTNING COMPLEX-,5.593132165
531.8534546,CZU LIGHTNING COMPLEX,2020,899769.2245,145650091,2020CZU LIGHTNING COMPLEX-,5.593529406
660.9473877,CZU LIGHTNING COMPLEX,2020,899769.2245,145650091,2020CZU LIGHTNING COMPLEX-,5.593568881
597.3555908,CZU LIGHTNING COMPLEX,2020,899769.2245,145650091,2020CZU LIGHTNING COMPLEX-,5.596321532
737.1582642,INDIAN,2008,17839.09215,4534864.183,2008INDIAN-,5.598545428
721.5947876,NAVARRO,2008,11911.63913,1762893.727,2008NAVARRO-,5.599333773
657.6279907,CZU LIGHTNING COMPLEX,2020,899769.2245,145650091,2020CZU LIGHTNING COMPLEX-,5.605210357
583.2765503,GLASS,2020,50252.06105,2263063.931,2020GLASS-,5.606969447
547.4561768,CZU LIGHTNING COMPLEX,2020,899769.2245,145650091,2020CZU LIGHTNING COMPLEX-,5.609535659
537.4713745,CZU LIGHTNING COMPLEX,2020,899769.2245,145650091,2020CZU LIGHTNING COMPLEX-,5.610265411
523.2508545,CZU LIGHTNING COMPLEX,2020,899769.2245,145650091,2020CZU LIGHTNING COMPLEX-,5.610480213
631.1694336,CZU LIGHTNING COMPLEX,2020,899769.2245,145650091,2020CZU LIGHTNING COMPLEX-,5.613816961
530.3193359,CZU LIGHTNING COMPLEX,2020,899769.2245,145650091,2020CZU LIGHTNING COMPLEX-,5.615378185
639.8641357,CZU LIGHTNING COMPLEX,2020,899769.2245,145650091,2020CZU LIGHTNING COMPLEX-,5.619016723
595.0405273,CZU LIGHTNING COMPLEX,2020,899769.2245,145650091,2020CZU LIGHTNING COMPLEX-,5.619694177
570.9949951,CZU LIGHTNING COMPLEX,2020,899769.2245,145650091,2020CZU LIGHTNING COMPLEX-,5.620408098
495.5718994,CZU LIGHTNING COMPLEX,2020,899769.2245,145650091,2020CZU LIGHTNING COMPLEX-,5.622097374
496.0509033,CZU LIGHTNING COMPLEX,2020,899769.2245,145650091,2020CZU LIGHTNING COMPLEX-,5.62268526
690.8007813,CANOE,2003,108316.1819,30613176.38,2003CANOE-,5.623442126
352.8666382,CZU LIGHTNING COMPLEX,2020,899769.2245,145650091,2020CZU LIGHTNING COMPLEX-,5.625514231
693.1838989,CZU LIGHTNING COMPLEX,2020,899769.2245,145650091,2020CZU LIGHTNING COMPLEX-,5.625717215
685.4552612,CZU LIGHTNING COMPLEX,2020,899769.2245,145650091,2020CZU LIGHTNING COMPLEX-,5.627153188
517.0689087,CZU LIGHTNING COMPLEX,2020,899769.2245,145650091,2020CZU LIGHTNING COMPLEX-,5.63209008
621.4078369,CZU LIGHTNING COMPLEX,2020,899769.2245,145650091,2020CZU LIGHTNING COMPLEX-,5.635812585
576.1564941,CZU LIGHTNING COMPLEX,2020,899769.2245,145650091,2020CZU LIGHTNING COMPLEX-,5.639372837
661.8427124,CZU LIGHTNING COMPLEX,2020,899769.2245,145650091,2020CZU LIGHTNING COMPLEX-,5.639811334
538.1815186,CZU LIGHTNING COMPLEX,2020,899769.2245,145650091,2020CZU LIGHTNING COMPLEX-,5.641233043
732.5221558,WALBRIDGE,2020,34685.12321,1970691.702,2020WALBRIDGE-,5.645057042
473.5395813,CZU LIGHTNING COMPLEX,2020,899769.2245,145650091,2020CZU LIGHTNING COMPLEX-,5.660086046
719.3035889,CANOE,2003,108316.1819,30613176.38,2003CANOE-,5.660553156
668.3579712,CZU LIGHTNING COMPLEX,2020,899769.2245,145650091,2020CZU LIGHTNING COMPLEX-,5.660585448
549.8909912,CZU LIGHTNING COMPLEX,2020,899769.2245,145650091,2020CZU LIGHTNING COMPLEX-,5.662189319
453.2580261,CZU LIGHTNING COMPLEX,2020,899769.2245,145650091,2020CZU LIGHTNING COMPLEX-,5.663125617
694.7981567,CZU LIGHTNING COMPLEX,2020,899769.2245,145650091,2020CZU LIGHTNING COMPLEX-,5.664060473
746.2312012,MEYERS,2020,31666.98984,2323941.628,2020MEYERS-,5.664398112
494.9998779,CZU LIGHTNING COMPLEX,2020,899769.2245,145650091,2020CZU LIGHTNING COMPLEX-,5.664780484
724.5949097,CHETCO BAR,2017,28687.64862,6998551.507,2017CHETCO BAR-,5.671792699
662.9020386,CZU LIGHTNING COMPLEX,2020,899769.2245,145650091,2020CZU LIGHTNING COMPLEX-,5.67623671
695.3579102,CANOE,2003,108316.1819,30613176.38,2003CANOE-,5.679913561
654.899353,CZU LIGHTNING COMPLEX,2020,899769.2245,145650091,2020CZU LIGHTNING COMPLEX-,5.681529781
552.6663818,CZU LIGHTNING COMPLEX,2020,899769.2245,145650091,2020CZU LIGHTNING COMPLEX-,5.683682049
599.0648804,CZU LIGHTNING COMPLEX,2020,899769.2245,145650091,2020CZU LIGHTNING COMPLEX-,5.684777798
678.3706055,CANOE,2003,108316.1819,30613176.38,2003CANOE-,5.686250562
682.1576538,TUBBS,2017,17899.28548,937389.0541,2017TUBBS-,5.689534262
635.3984985,CZU LIGHTNING COMPLEX,2020,899769.2245,145650091,2020CZU LIGHTNING COMPLEX-,5.690581883
682.1166382,CANOE,2003,108316.1819,30613176.38,2003CANOE-,5.692820795
666.8412476,CANOE,2003,108316.1819,30613176.38,2003CANOE-,5.69667541
542.7509155,CZU LIGHTNING COMPLEX,2020,899769.2245,145650091,2020CZU LIGHTNING COMPLEX-,5.697628227
484.5584412,CZU LIGHTNING COMPLEX,2020,899769.2245,145650091,2020CZU LIGHTNING COMPLEX-,5.699444539
354.0265198,CZU LIGHTNING COMPLEX,2020,899769.2245,145650091,2020CZU LIGHTNING COMPLEX-,5.702014014
564.3174438,CZU LIGHTNING COMPLEX,2020,899769.2245,145650091,2020CZU LIGHTNING COMPLEX-,5.702718869
588.0220947,CZU LIGHTNING COMPLEX,2020,899769.2245,145650091,2020CZU LIGHTNING COMPLEX-,5.707737913
699.9614868,WALBRIDGE,2020,34685.12321,1970691.702,2020WALBRIDGE-,5.710929243
692.3744507,CANOE,2003,108316.1819,30613176.38,2003CANOE-,5.716841828
617.435791,TUBBS,2017,17899.28548,937389.0541,2017TUBBS-,5.717288835
577.9824219,CZU LIGHTNING COMPLEX,2020,899769.2245,145650091,2020CZU LIGHTNING COMPLEX-,5.719740065
699.7260742,CHETCO BAR,2017,28687.64862,6998551.507,2017CHETCO BAR-,5.724016004
739.2885132,INDIAN,2008,17839.09215,4534864.183,2008INDIAN-,5.725276172
545.9450073,CZU LIGHTNING COMPLEX,2020,899769.2245,145650091,2020CZU LIGHTNING COMPLEX-,5.727868455
720.9689941,CANOE,2003,108316.1819,30613176.38,2003CANOE-,5.728155877
566.4790039,CZU LIGHTNING COMPLEX,2020,899769.2245,145650091,2020CZU LIGHTNING COMPLEX-,5.729346845
626.3582153,CZU LIGHTNING COMPLEX,2020,899769.2245,145650091,2020CZU LIGHTNING COMPLEX-,5.729460179
735.9542847,CANOE,2003,108316.1819,30613176.38,2003CANOE-,5.730279731
676.1582031,CZU LIGHTNING COMPLEX,2020,899769.2245,145650091,2020CZU LIGHTNING COMPLEX-,5.734805784
589.6848755,CZU LIGHTNING COMPLEX,2020,899769.2245,145650091,2020CZU LIGHTNING COMPLEX-,5.735393143
588.5222778,CZU LIGHTNING COMPLEX,2020,899769.2245,145650091,2020CZU LIGHTNING COMPLEX-,5.741655543
482.8486023,CZU LIGHTNING COMPLEX,2020,899769.2245,145650091,2020CZU LIGHTNING COMPLEX-,5.744552733
698.8709106,NAVARRO,2008,11911.63913,1762893.727,2008NAVARRO-,5.74921153
533.7484131,CZU LIGHTNING COMPLEX,2020,899769.2245,145650091,2020CZU LIGHTNING COMPLEX-,5.749600112
539.6815796,CZU LIGHTNING COMPLEX,2020,899769.2245,145650091,2020CZU LIGHTNING COMPLEX-,5.74993532
655.0529175,CZU LIGHTNING COMPLEX,2020,899769.2245,145650091,2020CZU LIGHTNING COMPLEX-,5.753813683
635.3296509,CZU LIGHTNING COMPLEX,2020,899769.2245,145650091,2020CZU LIGHTNING COMPLEX-,5.756271721
460.7791748,CZU LIGHTNING COMPLEX,2020,899769.2245,145650091,2020CZU LIGHTNING COMPLEX-,5.760718521
680.9480591,CANOE,2003,108316.1819,30613176.38,2003CANOE-,5.761779947
502.2837524,CZU LIGHTNING COMPLEX,2020,899769.2245,145650091,2020CZU LIGHTNING COMPLEX-,5.767658093
727.1740112,MEYERS,2020,31666.98984,2323941.628,2020MEYERS-,5.768917977
684.7816772,LODGE,2014,46471.6089,2165642.738,2014LODGE-,5.771423849
425.624115,CZU LIGHTNING COMPLEX,2020,899769.2245,145650091,2020CZU LIGHTNING COMPLEX-,5.77150261
571.43396,CZU LIGHTNING COMPLEX,2020,899769.2245,145650091,2020CZU LIGHTNING COMPLEX-,5.775114587
654.9705811,NUNS,2017,43127.60516,2287023.628,2017NUNS-,5.77746638
678.6933594,CANOE,2003,108316.1819,30613176.38,2003CANOE-,5.777903145
786.0991211,MEYERS,2020,31666.98984,2323941.628,2020MEYERS-,5.780933495
699.2695923,CANOE,2003,108316.1819,30613176.38,2003CANOE-,5.780955502
585.1182861,CZU LIGHTNING COMPLEX,2020,899769.2245,145650091,2020CZU LIGHTNING COMPLEX-,5.780975911
553.9848022,CZU LIGHTNING COMPLEX,2020,899769.2245,145650091,2020CZU LIGHTNING COMPLEX-,5.786764456
711.8466187,CZU LIGHTNING COMPLEX,2020,899769.2245,145650091,2020CZU LIGHTNING COMPLEX-,5.788821924
700.6213989,NUNS,2017,43127.60516,2287023.628,2017NUNS-,5.794202388
665.2232666,TUBBS,2017,17899.28548,937389.0541,2017TUBBS-,5.794403229
702.0250854,CZU LIGHTNING COMPLEX,2020,899769.2245,145650091,2020CZU LIGHTNING COMPLEX-,5.795157697
653.9785767,CZU LIGHTNING COMPLEX,2020,899769.2245,145650091,2020CZU LIGHTNING COMPLEX-,5.796408098
593.3982544,CZU LIGHTNING COMPLEX,2020,899769.2245,145650091,2020CZU LIGHTNING COMPLEX-,5.802156727
760.1161499,WALBRIDGE,2020,34685.12321,1970691.702,2020WALBRIDGE-,5.80252669
627.6057129,CZU LIGHTNING COMPLEX,2020,899769.2245,145650091,2020CZU LIGHTNING COMPLEX-,5.803845003
561.3309326,CZU LIGHTNING COMPLEX,2020,899769.2245,145650091,2020CZU LIGHTNING COMPLEX-,5.804425781
684.986145,CZU LIGHTNING COMPLEX,2020,899769.2245,145650091,2020CZU LIGHTNING COMPLEX-,5.814509628
535.5744019,CZU LIGHTNING COMPLEX,2020,899769.2245,145650091,2020CZU LIGHTNING COMPLEX-,5.822780543
600.0171509,CZU LIGHTNING COMPLEX,2020,899769.2245,145650091,2020CZU LIGHTNING COMPLEX-,5.826647161
679.3938599,CZU LIGHTNING COMPLEX,2020,899769.2245,145650091,2020CZU LIGHTNING COMPLEX-,5.84154765
456.0479431,MARTIN,2008,9673.019814,518372.6577,2008MARTIN-,5.84478167
635.0099487,CZU LIGHTNING COMPLEX,2020,899769.2245,145650091,2020CZU LIGHTNING COMPLEX-,5.845015734
682.9273682,CZU LIGHTNING COMPLEX,2020,899769.2245,145650091,2020CZU LIGHTNING COMPLEX-,5.859194242
447.6085205,CZU LIGHTNING COMPLEX,2020,899769.2245,145650091,2020CZU LIGHTNING COMPLEX-,5.863701744
662.8021851,CZU LIGHTNING COMPLEX,2020,899769.2245,145650091,2020CZU LIGHTNING COMPLEX-,5.866819527
566.605896,CZU LIGHTNING COMPLEX,2020,899769.2245,145650091,2020CZU LIGHTNING COMPLEX-,5.870812859
378.571991,CZU LIGHTNING COMPLEX,2020,899769.2245,145650091,2020CZU LIGHTNING COMPLEX-,5.872812673
548.7026367,CZU LIGHTNING COMPLEX,2020,899769.2245,145650091,2020CZU LIGHTNING COMPLEX-,5.87910445
395.846283,CZU LIGHTNING COMPLEX,2020,899769.2245,145650091,2020CZU LIGHTNING COMPLEX-,5.887406244
674.0698853,CZU LIGHTNING COMPLEX,2020,899769.2245,145650091,2020CZU LIGHTNING COMPLEX-,5.889169065
542.4805908,CZU LIGHTNING COMPLEX,2020,899769.2245,145650091,2020CZU LIGHTNING COMPLEX-,5.891789689
531.7948608,CZU LIGHTNING COMPLEX,2020,899769.2245,145650091,2020CZU LIGHTNING COMPLEX-,5.898755752
673.0913086,NAVARRO,2008,11911.63913,1762893.727,2008NAVARRO-,5.899380314
671.1768799,CZU LIGHTNING COMPLEX,2020,899769.2245,145650091,2020CZU LIGHTNING COMPLEX-,5.905062523
453.7475586,CZU LIGHTNING COMPLEX,2020,899769.2245,145650091,2020CZU LIGHTNING COMPLEX-,5.906389015
321.1578674,CZU LIGHTNING COMPLEX,2020,899769.2245,145650091,2020CZU LIGHTNING COMPLEX-,5.911911215
617.4823608,CZU LIGHTNING COMPLEX,2020,899769.2245,145650091,2020CZU LIGHTNING COMPLEX-,5.914030452
432.5050354,CZU LIGHTNING COMPLEX,2020,899769.2245,145650091,2020CZU LIGHTNING COMPLEX-,5.916073851
350.7600403,CZU LIGHTNING COMPLEX,2020,899769.2245,145650091,2020CZU LIGHTNING COMPLEX-,5.916135302
669.2488403,CZU LIGHTNING COMPLEX,2020,899769.2245,145650091,2020CZU LIGHTNING COMPLEX-,5.924330147
617.7624512,CZU LIGHTNING COMPLEX,2020,899769.2245,145650091,2020CZU LIGHTNING COMPLEX-,5.925632066
696.7935181,CANOE,2003,108316.1819,30613176.38,2003CANOE-,5.925689256
574.9594116,CZU LIGHTNING COMPLEX,2020,899769.2245,145650091,2020CZU LIGHTNING COMPLEX-,5.928808256
697.576416,CANOE,2003,108316.1819,30613176.38,2003CANOE-,5.931466058
542.2242432,CZU LIGHTNING COMPLEX,2020,899769.2245,145650091,2020CZU LIGHTNING COMPLEX-,5.939786704
611.2360229,ORR SERIES,2008,22871.31682,1053586.59,2008ORR SERIES-,5.940000667
607.684021,CZU LIGHTNING COMPLEX,2020,899769.2245,145650091,2020CZU LIGHTNING COMPLEX-,5.940251347
721.0240479,MEYERS,2020,31666.98984,2323941.628,2020MEYERS-,5.943246032
514.5950928,CZU LIGHTNING COMPLEX,2020,899769.2245,145650091,2020CZU LIGHTNING COMPLEX-,5.94384951
651.628479,MEYERS,2020,31666.98984,2323941.628,2020MEYERS-,5.944384971
420.1395874,CZU LIGHTNING COMPLEX,2020,899769.2245,145650091,2020CZU LIGHTNING COMPLEX-,5.945137253
592.71698,CZU LIGHTNING COMPLEX,2020,899769.2245,145650091,2020CZU LIGHTNING COMPLEX-,5.945857193
726.1588745,CANOE,2003,108316.1819,30613176.38,2003CANOE-,5.948597468
642.3287964,CZU LIGHTNING COMPLEX,2020,899769.2245,145650091,2020CZU LIGHTNING COMPLEX-,5.949560134
739.2685547,NAVARRO,2008,11911.63913,1762893.727,2008NAVARRO-,5.950478359
467.7097473,CZU LIGHTNING COMPLEX,2020,899769.2245,145650091,2020CZU LIGHTNING COMPLEX-,5.956662832
553.531311,CZU LIGHTNING COMPLEX,2020,899769.2245,145650091,2020CZU LIGHTNING COMPLEX-,5.959160103
553.531311,MARTIN,2008,9673.019814,518372.6577,2008MARTIN-,5.959160103
546.1206055,CZU LIGHTNING COMPLEX,2020,899769.2245,145650091,2020CZU LIGHTNING COMPLEX-,5.959693936
693.3840942,CANOE,2003,108316.1819,30613176.38,2003CANOE-,5.96246503
656.9320679,CANOE,2003,108316.1819,30613176.38,2003CANOE-,5.962647459
657.8682861,NUNS,2017,43127.60516,2287023.628,2017NUNS-,5.964436075
667.8885498,CZU LIGHTNING COMPLEX,2020,899769.2245,145650091,2020CZU LIGHTNING COMPLEX-,5.967364308
582.9901123,CHETCO BAR,2017,28687.64862,6998551.507,2017CHETCO BAR-,5.978218842
638.7106323,CZU LIGHTNING COMPLEX,2020,899769.2245,145650091,2020CZU LIGHTNING COMPLEX-,5.979122872
310.063446,CZU LIGHTNING COMPLEX,2020,899769.2245,145650091,2020CZU LIGHTNING COMPLEX-,5.980152424
631.3100586,CZU LIGHTNING COMPLEX,2020,899769.2245,145650091,2020CZU LIGHTNING COMPLEX-,5.98823409
644.6092529,CZU LIGHTNING COMPLEX,2020,899769.2245,145650091,2020CZU LIGHTNING COMPLEX-,5.990209469
717.1085815,CANOE,2003,108316.1819,30613176.38,2003CANOE-,5.991650663
662.7823486,CZU LIGHTNING COMPLEX,2020,899769.2245,145650091,2020CZU LIGHTNING COMPLEX-,5.992394622
536.5148315,CZU LIGHTNING COMPLEX,2020,899769.2245,145650091,2020CZU LIGHTNING COMPLEX-,5.994865366
649.99823,CZU LIGHTNING COMPLEX,2020,899769.2245,145650091,2020CZU LIGHTNING COMPLEX-,5.999775396
560.4798584,CZU LIGHTNING COMPLEX,2020,899769.2245,145650091,2020CZU LIGHTNING COMPLEX-,6.000050358
696.7140503,ORR SERIES,2008,22871.31682,1053586.59,2008ORR SERIES-,6.003439665
682.859375,CANOE,2003,108316.1819,30613176.38,2003CANOE-,6.003919369
533.4945068,CZU LIGHTNING COMPLEX,2020,899769.2245,145650091,2020CZU LIGHTNING COMPLEX-,6.008285334
712.7362671,CZU LIGHTNING COMPLEX,2020,899769.2245,145650091,2020CZU LIGHTNING COMPLEX-,6.015579168
617.973938,CZU LIGHTNING COMPLEX,2020,899769.2245,145650091,2020CZU LIGHTNING COMPLEX-,6.016154841
632.9033813,CZU LIGHTNING COMPLEX,2020,899769.2245,145650091,2020CZU LIGHTNING COMPLEX-,6.019708099
601.2451782,CZU LIGHTNING COMPLEX,2020,899769.2245,145650091,2020CZU LIGHTNING COMPLEX-,6.019757297
451.8112793,CZU LIGHTNING COMPLEX,2020,899769.2245,145650091,2020CZU LIGHTNING COMPLEX-,6.025411263
475.8058167,CZU LIGHTNING COMPLEX,2020,899769.2245,145650091,2020CZU LIGHTNING COMPLEX-,6.027222379
742.1483154,NAVARRO,2008,11911.63913,1762893.727,2008NAVARRO-,6.030364821
628.3243408,CZU LIGHTNING COMPLEX,2020,899769.2245,145650091,2020CZU LIGHTNING COMPLEX-,6.031442429
651.5666504,CZU LIGHTNING COMPLEX,2020,899769.2245,145650091,2020CZU LIGHTNING COMPLEX-,6.031602998
723.5606079,CANOE,2003,108316.1819,30613176.38,2003CANOE-,6.03372149
512.4681396,CZU LIGHTNING COMPLEX,2020,899769.2245,145650091,2020CZU LIGHTNING COMPLEX-,6.035409848
595.2740479,CZU LIGHTNING COMPLEX,2020,899769.2245,145650091,2020CZU LIGHTNING COMPLEX-,6.036243532
365.6910095,CZU LIGHTNING COMPLEX,2020,899769.2245,145650091,2020CZU LIGHTNING COMPLEX-,6.038354302
699.0200806,CZU LIGHTNING COMPLEX,2020,899769.2245,145650091,2020CZU LIGHTNING COMPLEX-,6.040182045
431.6421204,CZU LIGHTNING COMPLEX,2020,899769.2245,145650091,2020CZU LIGHTNING COMPLEX-,6.041787573
690.3525391,CHETCO BAR,2017,28687.64862,6998551.507,2017CHETCO BAR-,6.043490823
651.7601318,CZU LIGHTNING COMPLEX,2020,899769.2245,145650091,2020CZU LIGHTNING COMPLEX-,6.048847494
689.2554321,CZU LIGHTNING COMPLEX,2020,899769.2245,145650091,2020CZU LIGHTNING COMPLEX-,6.050056627
466.2539978,CZU LIGHTNING COMPLEX,2020,899769.2245,145650091,2020CZU LIGHTNING COMPLEX-,6.051289209
685.3309937,GLASS,2020,50252.06105,2263063.931,2020GLASS-,6.052664054
651.1998901,CZU LIGHTNING COMPLEX,2020,899769.2245,145650091,2020CZU LIGHTNING COMPLEX-,6.058983262
640.086731,CZU LIGHTNING COMPLEX,2020,899769.2245,145650091,2020CZU LIGHTNING COMPLEX-,6.059320248
700.1687012,CZU LIGHTNING COMPLEX,2020,899769.2245,145650091,2020CZU LIGHTNING COMPLEX-,6.062119037
613.9165649,CZU LIGHTNING COMPLEX,2020,899769.2245,145650091,2020CZU LIGHTNING COMPLEX-,6.068306261
715.8717651,CZU LIGHTNING COMPLEX,2020,899769.2245,145650091,2020CZU LIGHTNING COMPLEX-,6.068313001
620.7641602,CZU LIGHTNING COMPLEX,2020,899769.2245,145650091,2020CZU LIGHTNING COMPLEX-,6.071833824
571.1931763,CZU LIGHTNING COMPLEX,2020,899769.2245,145650091,2020CZU LIGHTNING COMPLEX-,6.073440141
677.0973511,CANOE,2003,108316.1819,30613176.38,2003CANOE-,6.075155674
651.5951538,CZU LIGHTNING COMPLEX,2020,899769.2245,145650091,2020CZU LIGHTNING COMPLEX-,6.07625155
577.3619385,CZU LIGHTNING COMPLEX,2020,899769.2245,145650091,2020CZU LIGHTNING COMPLEX-,6.077653511
643.0628662,CZU LIGHTNING COMPLEX,2020,899769.2245,145650091,2020CZU LIGHTNING COMPLEX-,6.080096744
709.2483521,MEYERS,2020,31666.98984,2323941.628,2020MEYERS-,6.081636237
641.1114502,LODGE,2014,46471.6089,2165642.738,2014LODGE-,6.084070603
499.2208557,CZU LIGHTNING COMPLEX,2020,899769.2245,145650091,2020CZU LIGHTNING COMPLEX-,6.08797155
700.7877808,GLASS,2020,50252.06105,2263063.931,2020GLASS-,6.090705289
672.4146729,CZU LIGHTNING COMPLEX,2020,899769.2245,145650091,2020CZU LIGHTNING COMPLEX-,6.091305308
556.0185547,CZU LIGHTNING COMPLEX,2020,899769.2245,145650091,2020CZU LIGHTNING COMPLEX-,6.09132403
679.4835815,CZU LIGHTNING COMPLEX,2020,899769.2245,145650091,2020CZU LIGHTNING COMPLEX-,6.097217041
501.43573,CZU LIGHTNING COMPLEX,2020,899769.2245,145650091,2020CZU LIGHTNING COMPLEX-,6.101427643
635.2267456,CZU LIGHTNING COMPLEX,2020,899769.2245,145650091,2020CZU LIGHTNING COMPLEX-,6.104246787
749.1550903,INDIAN,2008,17839.09215,4534864.183,2008INDIAN-,6.106990738
635.0354614,CZU LIGHTNING COMPLEX,2020,899769.2245,145650091,2020CZU LIGHTNING COMPLEX-,6.108951933
553.2227783,CZU LIGHTNING COMPLEX,2020,899769.2245,145650091,2020CZU LIGHTNING COMPLEX-,6.11133727
548.9240723,NUNS,2017,43127.60516,2287023.628,2017NUNS-,6.115263242
652.8236694,CZU LIGHTNING COMPLEX,2020,899769.2245,145650091,2020CZU LIGHTNING COMPLEX-,6.115424327
498.7059631,CZU LIGHTNING COMPLEX,2020,899769.2245,145650091,2020CZU LIGHTNING COMPLEX-,6.115833948
529.0596924,CZU LIGHTNING COMPLEX,2020,899769.2245,145650091,2020CZU LIGHTNING COMPLEX-,6.116742014
298.8674622,CZU LIGHTNING COMPLEX,2020,899769.2245,145650091,2020CZU LIGHTNING COMPLEX-,6.12110964
481.160614,CZU LIGHTNING COMPLEX,2020,899769.2245,145650091,2020CZU LIGHTNING COMPLEX-,6.124945595
682.723938,CANOE,2003,108316.1819,30613176.38,2003CANOE-,6.125142568
707.7122192,CHETCO BAR,2017,28687.64862,6998551.507,2017CHETCO BAR-,6.134016361
419.879425,CZU LIGHTNING COMPLEX,2020,899769.2245,145650091,2020CZU LIGHTNING COMPLEX-,6.134136739
728.928772,CANOE,2003,108316.1819,30613176.38,2003CANOE-,6.139044417
530.5079956,CZU LIGHTNING COMPLEX,2020,899769.2245,145650091,2020CZU LIGHTNING COMPLEX-,6.139655697
581.5237427,CZU LIGHTNING COMPLEX,2020,899769.2245,145650091,2020CZU LIGHTNING COMPLEX-,6.144556375
550.4261475,CZU LIGHTNING COMPLEX,2020,899769.2245,145650091,2020CZU LIGHTNING COMPLEX-,6.152110087
649.6436768,CZU LIGHTNING COMPLEX,2020,899769.2245,145650091,2020CZU LIGHTNING COMPLEX-,6.156415995
647.9490356,CZU LIGHTNING COMPLEX,2020,899769.2245,145650091,2020CZU LIGHTNING COMPLEX-,6.165899567
716.5358276,CZU LIGHTNING COMPLEX,2020,899769.2245,145650091,2020CZU LIGHTNING COMPLEX-,6.168173657
471.7713928,CZU LIGHTNING COMPLEX,2020,899769.2245,145650091,2020CZU LIGHTNING COMPLEX-,6.169088793
456.1899414,CZU LIGHTNING COMPLEX,2020,899769.2245,145650091,2020CZU LIGHTNING COMPLEX-,6.170681574
695.4350586,LODGE,2014,46471.6089,2165642.738,2014LODGE-,6.176681552
524.2841187,CZU LIGHTNING COMPLEX,2020,899769.2245,145650091,2020CZU LIGHTNING COMPLEX-,6.177197647
690.4404907,CANOE,2003,108316.1819,30613176.38,2003CANOE-,6.177487457
643.7686157,CZU LIGHTNING COMPLEX,2020,899769.2245,145650091,2020CZU LIGHTNING COMPLEX-,6.179383004
552.6804199,CZU LIGHTNING COMPLEX,2020,899769.2245,145650091,2020CZU LIGHTNING COMPLEX-,6.180932208
475.7897949,CZU LIGHTNING COMPLEX,2020,899769.2245,145650091,2020CZU LIGHTNING COMPLEX-,6.18183479
563.6980591,CZU LIGHTNING COMPLEX,2020,899769.2245,145650091,2020CZU LIGHTNING COMPLEX-,6.186769851
632.7028809,CZU LIGHTNING COMPLEX,2020,899769.2245,145650091,2020CZU LIGHTNING COMPLEX-,6.189031154
681.3915405,CANOE,2003,108316.1819,30613176.38,2003CANOE-,6.189581584
693.0098267,CZU LIGHTNING COMPLEX,2020,899769.2245,145650091,2020CZU LIGHTNING COMPLEX-,6.197078926
631.5991211,CZU LIGHTNING COMPLEX,2020,899769.2245,145650091,2020CZU LIGHTNING COMPLEX-,6.198155532
675.9245605,CANOE,2003,108316.1819,30613176.38,2003CANOE-,6.202144525
756.1691895,INDIAN,2008,17839.09215,4534864.183,2008INDIAN-,6.202247584
470.0544128,CZU LIGHTNING COMPLEX,2020,899769.2245,145650091,2020CZU LIGHTNING COMPLEX-,6.211584206
658.6245728,CZU LIGHTNING COMPLEX,2020,899769.2245,145650091,2020CZU LIGHTNING COMPLEX-,6.21779013
690.9736328,CANOE,2003,108316.1819,30613176.38,2003CANOE-,6.218942217
692.7164307,CZU LIGHTNING COMPLEX,2020,899769.2245,145650091,2020CZU LIGHTNING COMPLEX-,6.220782215
709.2617188,CZU LIGHTNING COMPLEX,2020,899769.2245,145650091,2020CZU LIGHTNING COMPLEX-,6.221505163
559.6220093,CZU LIGHTNING COMPLEX,2020,899769.2245,145650091,2020CZU LIGHTNING COMPLEX-,6.222052072
679.8165894,CZU LIGHTNING COMPLEX,2020,899769.2245,145650091,2020CZU LIGHTNING COMPLEX-,6.223239337
660.7731934,CZU LIGHTNING COMPLEX,2020,899769.2245,145650091,2020CZU LIGHTNING COMPLEX-,6.223312967
490.775177,CZU LIGHTNING COMPLEX,2020,899769.2245,145650091,2020CZU LIGHTNING COMPLEX-,6.224416946
672.5739746,CANOE,2003,108316.1819,30613176.38,2003CANOE-,6.227414686
691.0828247,CANOE,2003,108316.1819,30613176.38,2003CANOE-,6.230059769
575.4431152,CZU LIGHTNING COMPLEX,2020,899769.2245,145650091,2020CZU LIGHTNING COMPLEX-,6.231542512
675.0407715,CANOE,2003,108316.1819,30613176.38,2003CANOE-,6.237577754
633.5569458,CZU LIGHTNING COMPLEX,2020,899769.2245,145650091,2020CZU LIGHTNING COMPLEX-,6.238252333
636.5579224,CZU LIGHTNING COMPLEX,2020,899769.2245,145650091,2020CZU LIGHTNING COMPLEX-,6.238769107
598.0383301,CZU LIGHTNING COMPLEX,2020,899769.2245,145650091,2020CZU LIGHTNING COMPLEX-,6.239638595
647.7003784,CZU LIGHTNING COMPLEX,2020,899769.2245,145650091,2020CZU LIGHTNING COMPLEX-,6.241122475
569.2657471,CZU LIGHTNING COMPLEX,2020,899769.2245,145650091,2020CZU LIGHTNING COMPLEX-,6.242110237
657.692749,CZU LIGHTNING COMPLEX,2020,899769.2245,145650091,2020CZU LIGHTNING COMPLEX-,6.243202665
649.0337524,CZU LIGHTNING COMPLEX,2020,899769.2245,145650091,2020CZU LIGHTNING COMPLEX-,6.24457752
539.585144,CZU LIGHTNING COMPLEX,2020,899769.2245,145650091,2020CZU LIGHTNING COMPLEX-,6.245973114
597.8703003,CZU LIGHTNING COMPLEX,2020,899769.2245,145650091,2020CZU LIGHTNING COMPLEX-,6.247059412
479.3607178,CZU LIGHTNING COMPLEX,2020,899769.2245,145650091,2020CZU LIGHTNING COMPLEX-,6.259846479
623.3349609,CZU LIGHTNING COMPLEX,2020,899769.2245,145650091,2020CZU LIGHTNING COMPLEX-,6.269694635
551.453064,CZU LIGHTNING COMPLEX,2020,899769.2245,145650091,2020CZU LIGHTNING COMPLEX-,6.275746492
640.2600708,CZU LIGHTNING COMPLEX,2020,899769.2245,145650091,2020CZU LIGHTNING COMPLEX-,6.275830506
539.5888672,CZU LIGHTNING COMPLEX,2020,899769.2245,145650091,2020CZU LIGHTNING COMPLEX-,6.27867697
633.3710327,CZU LIGHTNING COMPLEX,2020,899769.2245,145650091,2020CZU LIGHTNING COMPLEX-,6.280254666
665.1721191,CZU LIGHTNING COMPLEX,2020,899769.2245,145650091,2020CZU LIGHTNING COMPLEX-,6.28072756
501.135376,CZU LIGHTNING COMPLEX,2020,899769.2245,145650091,2020CZU LIGHTNING COMPLEX-,6.282493241
743.1386719,MEYERS,2020,31666.98984,2323941.628,2020MEYERS-,6.293985772
555.4707031,CZU LIGHTNING COMPLEX,2020,899769.2245,145650091,2020CZU LIGHTNING COMPLEX-,6.294660386
634.4904785,CZU LIGHTNING COMPLEX,2020,899769.2245,145650091,2020CZU LIGHTNING COMPLEX-,6.301367735
528.6142578,GLASS,2020,50252.06105,2263063.931,2020GLASS-,6.302145107
576.5493774,CZU LIGHTNING COMPLEX,2020,899769.2245,145650091,2020CZU LIGHTNING COMPLEX-,6.302180647
705.6129761,CHETCO BAR,2017,28687.64862,6998551.507,2017CHETCO BAR-,6.302657932
626.4025269,CZU LIGHTNING COMPLEX,2020,899769.2245,145650091,2020CZU LIGHTNING COMPLEX-,6.303184229
532.8293457,CZU LIGHTNING COMPLEX,2020,899769.2245,145650091,2020CZU LIGHTNING COMPLEX-,6.30524208
479.9486084,CZU LIGHTNING COMPLEX,2020,899769.2245,145650091,2020CZU LIGHTNING COMPLEX-,6.3132613
561.8782349,CZU LIGHTNING COMPLEX,2020,899769.2245,145650091,2020CZU LIGHTNING COMPLEX-,6.316334626
664.7437744,WALBRIDGE,2020,34685.12321,1970691.702,2020WALBRIDGE-,6.319655691
551.3856201,CZU LIGHTNING COMPLEX,2020,899769.2245,145650091,2020CZU LIGHTNING COMPLEX-,6.319709731
662.9484253,CZU LIGHTNING COMPLEX,2020,899769.2245,145650091,2020CZU LIGHTNING COMPLEX-,6.32346826
661.3042603,CZU LIGHTNING COMPLEX,2020,899769.2245,145650091,2020CZU LIGHTNING COMPLEX-,6.323717592
692.1064453,CZU LIGHTNING COMPLEX,2020,899769.2245,145650091,2020CZU LIGHTNING COMPLEX-,6.329706523
697.4450684,CANOE,2003,108316.1819,30613176.38,2003CANOE-,6.331678147
537.3063354,CZU LIGHTNING COMPLEX,2020,899769.2245,145650091,2020CZU LIGHTNING COMPLEX-,6.331751208
495.4793396,CZU LIGHTNING COMPLEX,2020,899769.2245,145650091,2020CZU LIGHTNING COMPLEX-,6.335593855
532.8731079,CZU LIGHTNING COMPLEX,2020,899769.2245,145650091,2020CZU LIGHTNING COMPLEX-,6.336856908
642.8446655,CZU LIGHTNING COMPLEX,2020,899769.2245,145650091,2020CZU LIGHTNING COMPLEX-,6.338351658
531.427002,CZU LIGHTNING COMPLEX,2020,899769.2245,145650091,2020CZU LIGHTNING COMPLEX-,6.338651902
528.5720215,CZU LIGHTNING COMPLEX,2020,899769.2245,145650091,2020CZU LIGHTNING COMPLEX-,6.338875559
597.7935791,CZU LIGHTNING COMPLEX,2020,899769.2245,145650091,2020CZU LIGHTNING COMPLEX-,6.343228691
467.5414429,CZU LIGHTNING COMPLEX,2020,899769.2245,145650091,2020CZU LIGHTNING COMPLEX-,6.345266343
740.6090698,CZU LIGHTNING COMPLEX,2020,899769.2245,145650091,2020CZU LIGHTNING COMPLEX-,6.347230446
555.3919067,CZU LIGHTNING COMPLEX,2020,899769.2245,145650091,2020CZU LIGHTNING COMPLEX-,6.35135194
629.3781738,CZU LIGHTNING COMPLEX,2020,899769.2245,145650091,2020CZU LIGHTNING COMPLEX-,6.351360979
573.2796631,CZU LIGHTNING COMPLEX,2020,899769.2245,145650091,2020CZU LIGHTNING COMPLEX-,6.351526036
595.5090332,CZU LIGHTNING COMPLEX,2020,899769.2245,145650091,2020CZU LIGHTNING COMPLEX-,6.351586899
667.7075806,CZU LIGHTNING COMPLEX,2020,899769.2245,145650091,2020CZU LIGHTNING COMPLEX-,6.352130624
374.7767029,CZU LIGHTNING COMPLEX,2020,899769.2245,145650091,2020CZU LIGHTNING COMPLEX-,6.352183868
641.4663696,LODGE,2014,46471.6089,2165642.738,2014LODGE-,6.356812715
523.895752,CZU LIGHTNING COMPLEX,2020,899769.2245,145650091,2020CZU LIGHTNING COMPLEX-,6.357547934
668.1202393,CZU LIGHTNING COMPLEX,2020,899769.2245,145650091,2020CZU LIGHTNING COMPLEX-,6.359918194
703.848999,MEYERS,2020,31666.98984,2323941.628,2020MEYERS-,6.374512708
546.9723511,CZU LIGHTNING COMPLEX,2020,899769.2245,145650091,2020CZU LIGHTNING COMPLEX-,6.374766417
636.2911377,WALBRIDGE,2020,34685.12321,1970691.702,2020WALBRIDGE-,6.374809901
519.0887451,CZU LIGHTNING COMPLEX,2020,899769.2245,145650091,2020CZU LIGHTNING COMPLEX-,6.375144178
511.7524109,CZU LIGHTNING COMPLEX,2020,899769.2245,145650091,2020CZU LIGHTNING COMPLEX-,6.377893291
550.0007935,CZU LIGHTNING COMPLEX,2020,899769.2245,145650091,2020CZU LIGHTNING COMPLEX-,6.382082385
686.9445801,CZU LIGHTNING COMPLEX,2020,899769.2245,145650091,2020CZU LIGHTNING COMPLEX-,6.382870851
563.1274414,CZU LIGHTNING COMPLEX,2020,899769.2245,145650091,2020CZU LIGHTNING COMPLEX-,6.388981295
498.8981628,CZU LIGHTNING COMPLEX,2020,899769.2245,145650091,2020CZU LIGHTNING COMPLEX-,6.38931682
486.0687561,CZU LIGHTNING COMPLEX,2020,899769.2245,145650091,2020CZU LIGHTNING COMPLEX-,6.389989775
700.3967896,CZU LIGHTNING COMPLEX,2020,899769.2245,145650091,2020CZU LIGHTNING COMPLEX-,6.394415294
537.7167969,CZU LIGHTNING COMPLEX,2020,899769.2245,145650091,2020CZU LIGHTNING COMPLEX-,6.394498516
629.2714233,CZU LIGHTNING COMPLEX,2020,899769.2245,145650091,2020CZU LIGHTNING COMPLEX-,6.396910596
496.752655,CZU LIGHTNING COMPLEX,2020,899769.2245,145650091,2020CZU LIGHTNING COMPLEX-,6.39900603
668.0179443,CANOE,2003,108316.1819,30613176.38,2003CANOE-,6.399737724
703.9386597,CANOE,2003,108316.1819,30613176.38,2003CANOE-,6.401495967
357.964447,CZU LIGHTNING COMPLEX,2020,899769.2245,145650091,2020CZU LIGHTNING COMPLEX-,6.401735702
681.9088745,CANOE,2003,108316.1819,30613176.38,2003CANOE-,6.402726312
624.6743164,CZU LIGHTNING COMPLEX,2020,899769.2245,145650091,2020CZU LIGHTNING COMPLEX-,6.403511921
499.8804932,CZU LIGHTNING COMPLEX,2020,899769.2245,145650091,2020CZU LIGHTNING COMPLEX-,6.406441962
548.2332764,CZU LIGHTNING COMPLEX,2020,899769.2245,145650091,2020CZU LIGHTNING COMPLEX-,6.406591112
589.0252686,CZU LIGHTNING COMPLEX,2020,899769.2245,145650091,2020CZU LIGHTNING COMPLEX-,6.407339403
524.0797119,CZU LIGHTNING COMPLEX,2020,899769.2245,145650091,2020CZU LIGHTNING COMPLEX-,6.407596244
574.623291,CZU LIGHTNING COMPLEX,2020,899769.2245,145650091,2020CZU LIGHTNING COMPLEX-,6.410010848
576.7207642,CZU LIGHTNING COMPLEX,2020,899769.2245,145650091,2020CZU LIGHTNING COMPLEX-,6.411666768
636.4454956,CZU LIGHTNING COMPLEX,2020,899769.2245,145650091,2020CZU LIGHTNING COMPLEX-,6.412948906
536.9001465,CZU LIGHTNING COMPLEX,2020,899769.2245,145650091,2020CZU LIGHTNING COMPLEX-,6.419403489
696.6763916,CANOE,2003,108316.1819,30613176.38,2003CANOE-,6.420402409
698.8511353,CANOE,2003,108316.1819,30613176.38,2003CANOE-,6.422110087
530.7487183,CZU LIGHTNING COMPLEX,2020,899769.2245,145650091,2020CZU LIGHTNING COMPLEX-,6.422110237
600.619812,CHETCO BAR,2017,28687.64862,6998551.507,2017CHETCO BAR-,6.422270065
656.0390015,CZU LIGHTNING COMPLEX,2020,899769.2245,145650091,2020CZU LIGHTNING COMPLEX-,6.422909744
644.8734741,CZU LIGHTNING COMPLEX,2020,899769.2245,145650091,2020CZU LIGHTNING COMPLEX-,6.4259724
566.3226318,CZU LIGHTNING COMPLEX,2020,899769.2245,145650091,2020CZU LIGHTNING COMPLEX-,6.42618843
724.199646,CZU LIGHTNING COMPLEX,2020,899769.2245,145650091,2020CZU LIGHTNING COMPLEX-,6.428467176
424.8862915,CZU LIGHTNING COMPLEX,2020,899769.2245,145650091,2020CZU LIGHTNING COMPLEX-,6.436663839
617.0896606,CZU LIGHTNING COMPLEX,2020,899769.2245,145650091,2020CZU LIGHTNING COMPLEX-,6.437429346
769.0808105,CZU LIGHTNING COMPLEX,2020,899769.2245,145650091,2020CZU LIGHTNING COMPLEX-,6.439784761
522.3488159,CZU LIGHTNING COMPLEX,2020,899769.2245,145650091,2020CZU LIGHTNING COMPLEX-,6.440094702
515.727478,CZU LIGHTNING COMPLEX,2020,899769.2245,145650091,2020CZU LIGHTNING COMPLEX-,6.440405645
514.5030518,CZU LIGHTNING COMPLEX,2020,899769.2245,145650091,2020CZU LIGHTNING COMPLEX-,6.442304804
503.6575623,CZU LIGHTNING COMPLEX,2020,899769.2245,145650091,2020CZU LIGHTNING COMPLEX-,6.443590495
606.5817261,GLASS,2020,50252.06105,2263063.931,2020GLASS-,6.44444126
479.7444153,CZU LIGHTNING COMPLEX,2020,899769.2245,145650091,2020CZU LIGHTNING COMPLEX-,6.450460219
648.8833008,CZU LIGHTNING COMPLEX,2020,899769.2245,145650091,2020CZU LIGHTNING COMPLEX-,6.451264961
580.8388672,CZU LIGHTNING COMPLEX,2020,899769.2245,145650091,2020CZU LIGHTNING COMPLEX-,6.451571154
615.100708,CZU LIGHTNING COMPLEX,2020,899769.2245,145650091,2020CZU LIGHTNING COMPLEX-,6.452728949
473.1531067,CZU LIGHTNING COMPLEX,2020,899769.2245,145650091,2020CZU LIGHTNING COMPLEX-,6.455451914
587.902832,CZU LIGHTNING COMPLEX,2020,899769.2245,145650091,2020CZU LIGHTNING COMPLEX-,6.457501197
515.3485107,CZU LIGHTNING COMPLEX,2020,899769.2245,145650091,2020CZU LIGHTNING COMPLEX-,6.457591289
626.1097412,CZU LIGHTNING COMPLEX,2020,899769.2245,145650091,2020CZU LIGHTNING COMPLEX-,6.45772257
555.3295898,CZU LIGHTNING COMPLEX,2020,899769.2245,145650091,2020CZU LIGHTNING COMPLEX-,6.458453237
536.7545166,CZU LIGHTNING COMPLEX,2020,899769.2245,145650091,2020CZU LIGHTNING COMPLEX-,6.458934294
558.5289917,CZU LIGHTNING COMPLEX,2020,899769.2245,145650091,2020CZU LIGHTNING COMPLEX-,6.461903662
566.4976807,CZU LIGHTNING COMPLEX,2020,899769.2245,145650091,2020CZU LIGHTNING COMPLEX-,6.468563988
679.0715332,CZU LIGHTNING COMPLEX,2020,899769.2245,145650091,2020CZU LIGHTNING COMPLEX-,6.470454041
672.126709,CZU LIGHTNING COMPLEX,2020,899769.2245,145650091,2020CZU LIGHTNING COMPLEX-,6.475513579
476.3213806,CZU LIGHTNING COMPLEX,2020,899769.2245,145650091,2020CZU LIGHTNING COMPLEX-,6.481793163
634.7679443,CZU LIGHTNING COMPLEX,2020,899769.2245,145650091,2020CZU LIGHTNING COMPLEX-,6.481999202
771.446106,CZU LIGHTNING COMPLEX,2020,899769.2245,145650091,2020CZU LIGHTNING COMPLEX-,6.482082265
766.8471069,CZU LIGHTNING COMPLEX,2020,899769.2245,145650091,2020CZU LIGHTNING COMPLEX-,6.483691372
495.2484741,CZU LIGHTNING COMPLEX,2020,899769.2245,145650091,2020CZU LIGHTNING COMPLEX-,6.486073477
532.1401367,CZU LIGHTNING COMPLEX,2020,899769.2245,145650091,2020CZU LIGHTNING COMPLEX-,6.486372557
630.6762695,CZU LIGHTNING COMPLEX,2020,899769.2245,145650091,2020CZU LIGHTNING COMPLEX-,6.487501765
577.8944092,CZU LIGHTNING COMPLEX,2020,899769.2245,145650091,2020CZU LIGHTNING COMPLEX-,6.487825495
574.3534546,CZU LIGHTNING COMPLEX,2020,899769.2245,145650091,2020CZU LIGHTNING COMPLEX-,6.488384272
619.1287842,CZU LIGHTNING COMPLEX,2020,899769.2245,145650091,2020CZU LIGHTNING COMPLEX-,6.493720992
659.7411499,CZU LIGHTNING COMPLEX,2020,899769.2245,145650091,2020CZU LIGHTNING COMPLEX-,6.494156879
544.2252808,CZU LIGHTNING COMPLEX,2020,899769.2245,145650091,2020CZU LIGHTNING COMPLEX-,6.495207363
617.2623291,CZU LIGHTNING COMPLEX,2020,899769.2245,145650091,2020CZU LIGHTNING COMPLEX-,6.495395021
561.6147461,CZU LIGHTNING COMPLEX,2020,899769.2245,145650091,2020CZU LIGHTNING COMPLEX-,6.501586396
647.769104,CZU LIGHTNING COMPLEX,2020,899769.2245,145650091,2020CZU LIGHTNING COMPLEX-,6.505456212
706.3027954,CANOE,2003,108316.1819,30613176.38,2003CANOE-,6.511502598
581.406311,CZU LIGHTNING COMPLEX,2020,899769.2245,145650091,2020CZU LIGHTNING COMPLEX-,6.513767473
513.3858032,CZU LIGHTNING COMPLEX,2020,899769.2245,145650091,2020CZU LIGHTNING COMPLEX-,6.521702867
656.5852661,CANOE,2003,108316.1819,30613176.38,2003CANOE-,6.521860821
438.0829773,CZU LIGHTNING COMPLEX,2020,899769.2245,145650091,2020CZU LIGHTNING COMPLEX-,6.522641119
752.3457642,INDIAN,2008,17839.09215,4534864.183,2008INDIAN-,6.524086182
500.6466675,CZU LIGHTNING COMPLEX,2020,899769.2245,145650091,2020CZU LIGHTNING COMPLEX-,6.524861151
543.8197632,CZU LIGHTNING COMPLEX,2020,899769.2245,145650091,2020CZU LIGHTNING COMPLEX-,6.533234494
575.7477417,CZU LIGHTNING COMPLEX,2020,899769.2245,145650091,2020CZU LIGHTNING COMPLEX-,6.53937302
555.9136353,CZU LIGHTNING COMPLEX,2020,899769.2245,145650091,2020CZU LIGHTNING COMPLEX-,6.540397078
446.1940002,CZU LIGHTNING COMPLEX,2020,899769.2245,145650091,2020CZU LIGHTNING COMPLEX-,6.544304892
528.1790161,CZU LIGHTNING COMPLEX,2020,899769.2245,145650091,2020CZU LIGHTNING COMPLEX-,6.546815606
543.4346313,CZU LIGHTNING COMPLEX,2020,899769.2245,145650091,2020CZU LIGHTNING COMPLEX-,6.547342074
694.0070801,CZU LIGHTNING COMPLEX,2020,899769.2245,145650091,2020CZU LIGHTNING COMPLEX-,6.549147856
642.6348877,CZU LIGHTNING COMPLEX,2020,899769.2245,145650091,2020CZU LIGHTNING COMPLEX-,6.551441784
692.1764526,CZU LIGHTNING COMPLEX,2020,899769.2245,145650091,2020CZU LIGHTNING COMPLEX-,6.557157731
570.1121826,CZU LIGHTNING COMPLEX,2020,899769.2245,145650091,2020CZU LIGHTNING COMPLEX-,6.563318109
584.5548706,CZU LIGHTNING COMPLEX,2020,899769.2245,145650091,2020CZU LIGHTNING COMPLEX-,6.565028683
541.3135986,CZU LIGHTNING COMPLEX,2020,899769.2245,145650091,2020CZU LIGHTNING COMPLEX-,6.567180055
481.3141785,CZU LIGHTNING COMPLEX,2020,899769.2245,145650091,2020CZU LIGHTNING COMPLEX-,6.572439352
545.5657959,CZU LIGHTNING COMPLEX,2020,899769.2245,145650091,2020CZU LIGHTNING COMPLEX-,6.573724014
569.7440796,CZU LIGHTNING COMPLEX,2020,899769.2245,145650091,2020CZU LIGHTNING COMPLEX-,6.573804615
555.7754517,CZU LIGHTNING COMPLEX,2020,899769.2245,145650091,2020CZU LIGHTNING COMPLEX-,6.574245773
520.9330444,CZU LIGHTNING COMPLEX,2020,899769.2245,145650091,2020CZU LIGHTNING COMPLEX-,6.574277092
452.8011475,CZU LIGHTNING COMPLEX,2020,899769.2245,145650091,2020CZU LIGHTNING COMPLEX-,6.580022312
587.8519897,CZU LIGHTNING COMPLEX,2020,899769.2245,145650091,2020CZU LIGHTNING COMPLEX-,6.582390275
563.0643921,CZU LIGHTNING COMPLEX,2020,899769.2245,145650091,2020CZU LIGHTNING COMPLEX-,6.58263164
669.2387695,CANOE,2003,108316.1819,30613176.38,2003CANOE-,6.582930953
590.3251953,CZU LIGHTNING COMPLEX,2020,899769.2245,145650091,2020CZU LIGHTNING COMPLEX-,6.583654196
695.7166138,CZU LIGHTNING COMPLEX,2020,899769.2245,145650091,2020CZU LIGHTNING COMPLEX-,6.584521042
693.6027832,CZU LIGHTNING COMPLEX,2020,899769.2245,145650091,2020CZU LIGHTNING COMPLEX-,6.584607302
644.2463379,CZU LIGHTNING COMPLEX,2020,899769.2245,145650091,2020CZU LIGHTNING COMPLEX-,6.587125131
524.9840088,CZU LIGHTNING COMPLEX,2020,899769.2245,145650091,2020CZU LIGHTNING COMPLEX-,6.588544397
703.1392212,CZU LIGHTNING COMPLEX,2020,899769.2245,145650091,2020CZU LIGHTNING COMPLEX-,6.59007359
482.6927795,CZU LIGHTNING COMPLEX,2020,899769.2245,145650091,2020CZU LIGHTNING COMPLEX-,6.590251118
733.9251709,CZU LIGHTNING COMPLEX,2020,899769.2245,145650091,2020CZU LIGHTNING COMPLEX-,6.593657353
687.899231,CZU LIGHTNING COMPLEX,2020,899769.2245,145650091,2020CZU LIGHTNING COMPLEX-,6.593895114
651.1566772,CZU LIGHTNING COMPLEX,2020,899769.2245,145650091,2020CZU LIGHTNING COMPLEX-,6.594383467
779.9806519,TUBBS,2017,17899.28548,937389.0541,2017TUBBS-,6.595993814
544.538269,CZU LIGHTNING COMPLEX,2020,899769.2245,145650091,2020CZU LIGHTNING COMPLEX-,6.596492193
641.4335327,CZU LIGHTNING COMPLEX,2020,899769.2245,145650091,2020CZU LIGHTNING COMPLEX-,6.598873292
541.2556763,CZU LIGHTNING COMPLEX,2020,899769.2245,145650091,2020CZU LIGHTNING COMPLEX-,6.600327804
677.1014404,GLASS,2020,50252.06105,2263063.931,2020GLASS-,6.601868777
600.3793335,CZU LIGHTNING COMPLEX,2020,899769.2245,145650091,2020CZU LIGHTNING COMPLEX-,6.603345289
673.3450928,CANOE,2003,108316.1819,30613176.38,2003CANOE-,6.605304852
643.8811035,CZU LIGHTNING COMPLEX,2020,899769.2245,145650091,2020CZU LIGHTNING COMPLEX-,6.605906244
566.4884033,CZU LIGHTNING COMPLEX,2020,899769.2245,145650091,2020CZU LIGHTNING COMPLEX-,6.607422342
677.9138184,CANOE,2003,108316.1819,30613176.38,2003CANOE-,6.607545103
709.751709,CZU LIGHTNING COMPLEX,2020,899769.2245,145650091,2020CZU LIGHTNING COMPLEX-,6.608263348
762.9647827,CZU LIGHTNING COMPLEX,2020,899769.2245,145650091,2020CZU LIGHTNING COMPLEX-,6.609035159
421.6274109,CZU LIGHTNING COMPLEX,2020,899769.2245,145650091,2020CZU LIGHTNING COMPLEX-,6.610535692
655.6400757,CZU LIGHTNING COMPLEX,2020,899769.2245,145650091,2020CZU LIGHTNING COMPLEX-,6.611893094
722.0106201,CZU LIGHTNING COMPLEX,2020,899769.2245,145650091,2020CZU LIGHTNING COMPLEX-,6.612212721
682.3554688,CZU LIGHTNING COMPLEX,2020,899769.2245,145650091,2020CZU LIGHTNING COMPLEX-,6.612507885
649.4754639,CZU LIGHTNING COMPLEX,2020,899769.2245,145650091,2020CZU LIGHTNING COMPLEX-,6.613737424
623.678833,CZU LIGHTNING COMPLEX,2020,899769.2245,145650091,2020CZU LIGHTNING COMPLEX-,6.619279094
506.8075256,CZU LIGHTNING COMPLEX,2020,899769.2245,145650091,2020CZU LIGHTNING COMPLEX-,6.622079527
604.5164185,CZU LIGHTNING COMPLEX,2020,899769.2245,145650091,2020CZU LIGHTNING COMPLEX-,6.622289821
779.9806519,KINCADE,2019,5815.807036,310653.4472,2019KINCADE-,6.623443645
578.9366455,CZU LIGHTNING COMPLEX,2020,899769.2245,145650091,2020CZU LIGHTNING COMPLEX-,6.62584596
539.5608521,CZU LIGHTNING COMPLEX,2020,899769.2245,145650091,2020CZU LIGHTNING COMPLEX-,6.629217963
656.6629639,CZU LIGHTNING COMPLEX,2020,899769.2245,145650091,2020CZU LIGHTNING COMPLEX-,6.629344459
698.5516357,CANOE,2003,108316.1819,30613176.38,2003CANOE-,6.633087708
726.9645386,NAVARRO,2008,11911.63913,1762893.727,2008NAVARRO-,6.634622497
542.5360107,CZU LIGHTNING COMPLEX,2020,899769.2245,145650091,2020CZU LIGHTNING COMPLEX-,6.640786834
714.090271,CZU LIGHTNING COMPLEX,2020,899769.2245,145650091,2020CZU LIGHTNING COMPLEX-,6.64235986
680.4832153,CANOE,2003,108316.1819,30613176.38,2003CANOE-,6.64369664
544.9567261,CZU LIGHTNING COMPLEX,2020,899769.2245,145650091,2020CZU LIGHTNING COMPLEX-,6.644238297
676.5230103,CZU LIGHTNING COMPLEX,2020,899769.2245,145650091,2020CZU LIGHTNING COMPLEX-,6.646285643
698.6553345,CZU LIGHTNING COMPLEX,2020,899769.2245,145650091,2020CZU LIGHTNING COMPLEX-,6.647534635
656.1577148,CZU LIGHTNING COMPLEX,2020,899769.2245,145650091,2020CZU LIGHTNING COMPLEX-,6.650434694
721.4598999,CZU LIGHTNING COMPLEX,2020,899769.2245,145650091,2020CZU LIGHTNING COMPLEX-,6.652966542
334.4949341,CZU LIGHTNING COMPLEX,2020,899769.2245,145650091,2020CZU LIGHTNING COMPLEX-,6.653876918
525.7599487,CZU LIGHTNING COMPLEX,2020,899769.2245,145650091,2020CZU LIGHTNING COMPLEX-,6.656310579
673.6260376,CZU LIGHTNING COMPLEX,2020,899769.2245,145650091,2020CZU LIGHTNING COMPLEX-,6.659352043
647.1723022,CZU LIGHTNING COMPLEX,2020,899769.2245,145650091,2020CZU LIGHTNING COMPLEX-,6.659468771
568.559021,CZU LIGHTNING COMPLEX,2020,899769.2245,145650091,2020CZU LIGHTNING COMPLEX-,6.660491418
639.078125,CZU LIGHTNING COMPLEX,2020,899769.2245,145650091,2020CZU LIGHTNING COMPLEX-,6.663938443
683.0145874,CZU LIGHTNING COMPLEX,2020,899769.2245,145650091,2020CZU LIGHTNING COMPLEX-,6.664277228
613.0814819,CZU LIGHTNING COMPLEX,2020,899769.2245,145650091,2020CZU LIGHTNING COMPLEX-,6.66780092
534.4732666,CZU LIGHTNING COMPLEX,2020,899769.2245,145650091,2020CZU LIGHTNING COMPLEX-,6.67452716
480.8973083,CZU LIGHTNING COMPLEX,2020,899769.2245,145650091,2020CZU LIGHTNING COMPLEX-,6.677263566
531.8925171,CZU LIGHTNING COMPLEX,2020,899769.2245,145650091,2020CZU LIGHTNING COMPLEX-,6.67909742
570.7203979,CZU LIGHTNING COMPLEX,2020,899769.2245,145650091,2020CZU LIGHTNING COMPLEX-,6.679620918
518.4769897,CZU LIGHTNING COMPLEX,2020,899769.2245,145650091,2020CZU LIGHTNING COMPLEX-,6.688276497
630.8096313,CZU LIGHTNING COMPLEX,2020,899769.2245,145650091,2020CZU LIGHTNING COMPLEX-,6.692521893
699.296936,CHETCO BAR,2017,28687.64862,6998551.507,2017CHETCO BAR-,6.693938205
546.491333,CZU LIGHTNING COMPLEX,2020,899769.2245,145650091,2020CZU LIGHTNING COMPLEX-,6.693956278
650.3574829,CZU LIGHTNING COMPLEX,2020,899769.2245,145650091,2020CZU LIGHTNING COMPLEX-,6.694465653
548.930542,CZU LIGHTNING COMPLEX,2020,899769.2245,145650091,2020CZU LIGHTNING COMPLEX-,6.701119079
704.8424072,CANOE,2003,108316.1819,30613176.38,2003CANOE-,6.702288561
611.5045166,CZU LIGHTNING COMPLEX,2020,899769.2245,145650091,2020CZU LIGHTNING COMPLEX-,6.703249215
490.1835022,CZU LIGHTNING COMPLEX,2020,899769.2245,145650091,2020CZU LIGHTNING COMPLEX-,6.704515018
536.3366699,CZU LIGHTNING COMPLEX,2020,899769.2245,145650091,2020CZU LIGHTNING COMPLEX-,6.704947509
550.0951538,CZU LIGHTNING COMPLEX,2020,899769.2245,145650091,2020CZU LIGHTNING COMPLEX-,6.708179607
681.6613159,CZU LIGHTNING COMPLEX,2020,899769.2245,145650091,2020CZU LIGHTNING COMPLEX-,6.71142338
557.4464111,CZU LIGHTNING COMPLEX,2020,899769.2245,145650091,2020CZU LIGHTNING COMPLEX-,6.7149602
526.0057983,CZU LIGHTNING COMPLEX,2020,899769.2245,145650091,2020CZU LIGHTNING COMPLEX-,6.715343339
664.2463989,CZU LIGHTNING COMPLEX,2020,899769.2245,145650091,2020CZU LIGHTNING COMPLEX-,6.716331749
588.1862793,CZU LIGHTNING COMPLEX,2020,899769.2245,145650091,2020CZU LIGHTNING COMPLEX-,6.717186204
530.4503174,CZU LIGHTNING COMPLEX,2020,899769.2245,145650091,2020CZU LIGHTNING COMPLEX-,6.717408568
678.2553711,CANOE,2003,108316.1819,30613176.38,2003CANOE-,6.717736296
762.6309204,INDIAN,2008,17839.09215,4534864.183,2008INDIAN-,6.719604161
660.5707397,CZU LIGHTNING COMPLEX,2020,899769.2245,145650091,2020CZU LIGHTNING COMPLEX-,6.720266949
588.09021,CZU LIGHTNING COMPLEX,2020,899769.2245,145650091,2020CZU LIGHTNING COMPLEX-,6.720326123
542.3065796,CZU LIGHTNING COMPLEX,2020,899769.2245,145650091,2020CZU LIGHTNING COMPLEX-,6.724013131
540.5090942,CZU LIGHTNING COMPLEX,2020,899769.2245,145650091,2020CZU LIGHTNING COMPLEX-,6.725757284
597.1891479,CZU LIGHTNING COMPLEX,2020,899769.2245,145650091,2020CZU LIGHTNING COMPLEX-,6.728633554
548.1116943,CZU LIGHTNING COMPLEX,2020,899769.2245,145650091,2020CZU LIGHTNING COMPLEX-,6.729511774
717.1102905,MEYERS,2020,31666.98984,2323941.628,2020MEYERS-,6.730515748
703.7096558,CZU LIGHTNING COMPLEX,2020,899769.2245,145650091,2020CZU LIGHTNING COMPLEX-,6.735590175
756.2658081,INDIAN,2008,17839.09215,4534864.183,2008INDIAN-,6.741405906
576.2645264,CZU LIGHTNING COMPLEX,2020,899769.2245,145650091,2020CZU LIGHTNING COMPLEX-,6.741733941
533.1893921,CZU LIGHTNING COMPLEX,2020,899769.2245,145650091,2020CZU LIGHTNING COMPLEX-,6.743286456
710.9377441,CHETCO BAR,2017,28687.64862,6998551.507,2017CHETCO BAR-,6.744902897
693.5408325,CZU LIGHTNING COMPLEX,2020,899769.2245,145650091,2020CZU LIGHTNING COMPLEX-,6.745540732
526.2723389,CZU LIGHTNING COMPLEX,2020,899769.2245,145650091,2020CZU LIGHTNING COMPLEX-,6.745653097
594.9129639,CZU LIGHTNING COMPLEX,2020,899769.2245,145650091,2020CZU LIGHTNING COMPLEX-,6.746342318
679.7533569,CZU LIGHTNING COMPLEX,2020,899769.2245,145650091,2020CZU LIGHTNING COMPLEX-,6.750488546
566.8441772,CZU LIGHTNING COMPLEX,2020,899769.2245,145650091,2020CZU LIGHTNING COMPLEX-,6.754061562
418.381897,CZU LIGHTNING COMPLEX,2020,899769.2245,145650091,2020CZU LIGHTNING COMPLEX-,6.754279608
480.9253235,CZU LIGHTNING COMPLEX,2020,899769.2245,145650091,2020CZU LIGHTNING COMPLEX-,6.758625297
646.855896,CZU LIGHTNING COMPLEX,2020,899769.2245,145650091,2020CZU LIGHTNING COMPLEX-,6.759138111
553.670105,CZU LIGHTNING COMPLEX,2020,899769.2245,145650091,2020CZU LIGHTNING COMPLEX-,6.759351996
537.4197998,CZU LIGHTNING COMPLEX,2020,899769.2245,145650091,2020CZU LIGHTNING COMPLEX-,6.760877486
512.505127,CZU LIGHTNING COMPLEX,2020,899769.2245,145650091,2020CZU LIGHTNING COMPLEX-,6.762993035
486.0206299,CZU LIGHTNING COMPLEX,2020,899769.2245,145650091,2020CZU LIGHTNING COMPLEX-,6.763516755
711.9347534,CHETCO BAR,2017,28687.64862,6998551.507,2017CHETCO BAR-,6.766802295
651.519104,CZU LIGHTNING COMPLEX,2020,899769.2245,145650091,2020CZU LIGHTNING COMPLEX-,6.766911959
647.9419556,CZU LIGHTNING COMPLEX,2020,899769.2245,145650091,2020CZU LIGHTNING COMPLEX-,6.768695777
664.3869629,CZU LIGHTNING COMPLEX,2020,899769.2245,145650091,2020CZU LIGHTNING COMPLEX-,6.769879316
674.3828735,CZU LIGHTNING COMPLEX,2020,899769.2245,145650091,2020CZU LIGHTNING COMPLEX-,6.776658754
647.3934326,CZU LIGHTNING COMPLEX,2020,899769.2245,145650091,2020CZU LIGHTNING COMPLEX-,6.784914807
689.9087524,CANOE,2003,108316.1819,30613176.38,2003CANOE-,6.786771292
527.2244263,CZU LIGHTNING COMPLEX,2020,899769.2245,145650091,2020CZU LIGHTNING COMPLEX-,6.790805624
693.3905029,CZU LIGHTNING COMPLEX,2020,899769.2245,145650091,2020CZU LIGHTNING COMPLEX-,6.792974448
570.97229,CZU LIGHTNING COMPLEX,2020,899769.2245,145650091,2020CZU LIGHTNING COMPLEX-,6.794194437
677.7513428,CZU LIGHTNING COMPLEX,2020,899769.2245,145650091,2020CZU LIGHTNING COMPLEX-,6.797968024
527.4203491,CZU LIGHTNING COMPLEX,2020,899769.2245,145650091,2020CZU LIGHTNING COMPLEX-,6.79922056
674.067688,CZU LIGHTNING COMPLEX,2020,899769.2245,145650091,2020CZU LIGHTNING COMPLEX-,6.79961819
605.4627075,CZU LIGHTNING COMPLEX,2020,899769.2245,145650091,2020CZU LIGHTNING COMPLEX-,6.800035173
619.0236816,CZU LIGHTNING COMPLEX,2020,899769.2245,145650091,2020CZU LIGHTNING COMPLEX-,6.800317008
695.31073,CZU LIGHTNING COMPLEX,2020,899769.2245,145650091,2020CZU LIGHTNING COMPLEX-,6.805641325
648.7079468,CZU LIGHTNING COMPLEX,2020,899769.2245,145650091,2020CZU LIGHTNING COMPLEX-,6.808484323
625.8242188,CANOE,2003,108316.1819,30613176.38,2003CANOE-,6.809984213
632.7258911,CZU LIGHTNING COMPLEX,2020,899769.2245,145650091,2020CZU LIGHTNING COMPLEX-,6.815167385
462.1319275,CZU LIGHTNING COMPLEX,2020,899769.2245,145650091,2020CZU LIGHTNING COMPLEX-,6.815451771
500.7363281,CZU LIGHTNING COMPLEX,2020,899769.2245,145650091,2020CZU LIGHTNING COMPLEX-,6.816331562
651.0276489,CZU LIGHTNING COMPLEX,2020,899769.2245,145650091,2020CZU LIGHTNING COMPLEX-,6.817436477
730.6448975,INDIAN,2008,17839.09215,4534864.183,2008INDIAN-,6.822088893
532.8117065,CZU LIGHTNING COMPLEX,2020,899769.2245,145650091,2020CZU LIGHTNING COMPLEX-,6.823647646
649.5873413,CZU LIGHTNING COMPLEX,2020,899769.2245,145650091,2020CZU LIGHTNING COMPLEX-,6.824508882
523.850708,CZU LIGHTNING COMPLEX,2020,899769.2245,145650091,2020CZU LIGHTNING COMPLEX-,6.826038684
558.7345581,CZU LIGHTNING COMPLEX,2020,899769.2245,145650091,2020CZU LIGHTNING COMPLEX-,6.831860016
682.9066772,CZU LIGHTNING COMPLEX,2020,899769.2245,145650091,2020CZU LIGHTNING COMPLEX-,6.832193311
607.18396,CZU LIGHTNING COMPLEX,2020,899769.2245,145650091,2020CZU LIGHTNING COMPLEX-,6.833620584
632.5273438,TUBBS,2017,17899.28548,937389.0541,2017TUBBS-,6.834284317
637.6351318,CZU LIGHTNING COMPLEX,2020,899769.2245,145650091,2020CZU LIGHTNING COMPLEX-,6.835164174
533.1616211,CZU LIGHTNING COMPLEX,2020,899769.2245,145650091,2020CZU LIGHTNING COMPLEX-,6.835388956
661.3129883,CZU LIGHTNING COMPLEX,2020,899769.2245,145650091,2020CZU LIGHTNING COMPLEX-,6.836112198
702.8049316,CZU LIGHTNING COMPLEX,2020,899769.2245,145650091,2020CZU LIGHTNING COMPLEX-,6.837117539
558.3949585,CZU LIGHTNING COMPLEX,2020,899769.2245,145650091,2020CZU LIGHTNING COMPLEX-,6.837451132
728.9721069,MEYERS,2020,31666.98984,2323941.628,2020MEYERS-,6.839449709
747.4985352,INDIAN,2008,17839.09215,4534864.183,2008INDIAN-,6.841973746
502.415863,CZU LIGHTNING COMPLEX,2020,899769.2245,145650091,2020CZU LIGHTNING COMPLEX-,6.842618925
536.7716675,CZU LIGHTNING COMPLEX,2020,899769.2245,145650091,2020CZU LIGHTNING COMPLEX-,6.848147927
613.7488403,CZU LIGHTNING COMPLEX,2020,899769.2245,145650091,2020CZU LIGHTNING COMPLEX-,6.848566824
640.43396,CZU LIGHTNING COMPLEX,2020,899769.2245,145650091,2020CZU LIGHTNING COMPLEX-,6.849072744
528.1954956,CZU LIGHTNING COMPLEX,2020,899769.2245,145650091,2020CZU LIGHTNING COMPLEX-,6.849941707
551.9179077,CZU LIGHTNING COMPLEX,2020,899769.2245,145650091,2020CZU LIGHTNING COMPLEX-,6.85137091
642.9490967,CZU LIGHTNING COMPLEX,2020,899769.2245,145650091,2020CZU LIGHTNING COMPLEX-,6.854805731
544.050415,CZU LIGHTNING COMPLEX,2020,899769.2245,145650091,2020CZU LIGHTNING COMPLEX-,6.855123954
621.3377075,CZU LIGHTNING COMPLEX,2020,899769.2245,145650091,2020CZU LIGHTNING COMPLEX-,6.855982069
616.8483276,CZU LIGHTNING COMPLEX,2020,899769.2245,145650091,2020CZU LIGHTNING COMPLEX-,6.858011099
579.7069702,CZU LIGHTNING COMPLEX,2020,899769.2245,145650091,2020CZU LIGHTNING COMPLEX-,6.862230423
586.831665,CZU LIGHTNING COMPLEX,2020,899769.2245,145650091,2020CZU LIGHTNING COMPLEX-,6.86296484
688.750061,CZU LIGHTNING COMPLEX,2020,899769.2245,145650091,2020CZU LIGHTNING COMPLEX-,6.864710932
625.8058472,CZU LIGHTNING COMPLEX,2020,899769.2245,145650091,2020CZU LIGHTNING COMPLEX-,6.868242708
686.4082642,LODGE,2014,46471.6089,2165642.738,2014LODGE-,6.870941063
516.8901978,CZU LIGHTNING COMPLEX,2020,899769.2245,145650091,2020CZU LIGHTNING COMPLEX-,6.872110087
500.0803528,CZU LIGHTNING COMPLEX,2020,899769.2245,145650091,2020CZU LIGHTNING COMPLEX-,6.872755411
719.1740723,CZU LIGHTNING COMPLEX,2020,899769.2245,145650091,2020CZU LIGHTNING COMPLEX-,6.876092432
516.7611694,CZU LIGHTNING COMPLEX,2020,899769.2245,145650091,2020CZU LIGHTNING COMPLEX-,6.877157378
641.7731323,CZU LIGHTNING COMPLEX,2020,899769.2245,145650091,2020CZU LIGHTNING COMPLEX-,6.881048437
685.4768066,CZU LIGHTNING COMPLEX,2020,899769.2245,145650091,2020CZU LIGHTNING COMPLEX-,6.883605322
675.6942139,CZU LIGHTNING COMPLEX,2020,899769.2245,145650091,2020CZU LIGHTNING COMPLEX-,6.885031613
541.6551514,CZU LIGHTNING COMPLEX,2020,899769.2245,145650091,2020CZU LIGHTNING COMPLEX-,6.887571247
570.3031616,CZU LIGHTNING COMPLEX,2020,899769.2245,145650091,2020CZU LIGHTNING COMPLEX-,6.890703419
605.6021118,CZU LIGHTNING COMPLEX,2020,899769.2245,145650091,2020CZU LIGHTNING COMPLEX-,6.892419478
608.9093018,CZU LIGHTNING COMPLEX,2020,899769.2245,145650091,2020CZU LIGHTNING COMPLEX-,6.893258526
705.7425537,MEYERS,2020,31666.98984,2323941.628,2020MEYERS-,6.896268577
691.4815063,CHETCO BAR,2017,28687.64862,6998551.507,2017CHETCO BAR-,6.896875273
707.1522217,CZU LIGHTNING COMPLEX,2020,899769.2245,145650091,2020CZU LIGHTNING COMPLEX-,6.897628972
537.1915894,CZU LIGHTNING COMPLEX,2020,899769.2245,145650091,2020CZU LIGHTNING COMPLEX-,6.899607087
671.3595581,CANOE,2003,108316.1819,30613176.38,2003CANOE-,6.900425959
784.5707397,WALBRIDGE,2020,34685.12321,1970691.702,2020WALBRIDGE-,6.902088693
690.4940186,CZU LIGHTNING COMPLEX,2020,899769.2245,145650091,2020CZU LIGHTNING COMPLEX-,6.904406301
668.2480469,CZU LIGHTNING COMPLEX,2020,899769.2245,145650091,2020CZU LIGHTNING COMPLEX-,6.905248096
539.8924561,CZU LIGHTNING COMPLEX,2020,899769.2245,145650091,2020CZU LIGHTNING COMPLEX-,6.905513289
617.9237061,CZU LIGHTNING COMPLEX,2020,899769.2245,145650091,2020CZU LIGHTNING COMPLEX-,6.911033062
520.7727661,CZU LIGHTNING COMPLEX,2020,899769.2245,145650091,2020CZU LIGHTNING COMPLEX-,6.915611042
616.4431763,CZU LIGHTNING COMPLEX,2020,899769.2245,145650091,2020CZU LIGHTNING COMPLEX-,6.916745928
490.0362549,CZU LIGHTNING COMPLEX,2020,899769.2245,145650091,2020CZU LIGHTNING COMPLEX-,6.917273078
644.8372803,CZU LIGHTNING COMPLEX,2020,899769.2245,145650091,2020CZU LIGHTNING COMPLEX-,6.917372157
462.6389771,CZU LIGHTNING COMPLEX,2020,899769.2245,145650091,2020CZU LIGHTNING COMPLEX-,6.918010642
450.2716675,CZU LIGHTNING COMPLEX,2020,899769.2245,145650091,2020CZU LIGHTNING COMPLEX-,6.919867596
589.4244995,CZU LIGHTNING COMPLEX,2020,899769.2245,145650091,2020CZU LIGHTNING COMPLEX-,6.919897842
676.1495972,CZU LIGHTNING COMPLEX,2020,899769.2245,145650091,2020CZU LIGHTNING COMPLEX-,6.920917112
648.9133911,CZU LIGHTNING COMPLEX,2020,899769.2245,145650091,2020CZU LIGHTNING COMPLEX-,6.923015125
501.6057434,CZU LIGHTNING COMPLEX,2020,899769.2245,145650091,2020CZU LIGHTNING COMPLEX-,6.927595129
598.8382568,CZU LIGHTNING COMPLEX,2020,899769.2245,145650091,2020CZU LIGHTNING COMPLEX-,6.929501401
666.6161499,CZU LIGHTNING COMPLEX,2020,899769.2245,145650091,2020CZU LIGHTNING COMPLEX-,6.930868363
645.781311,CZU LIGHTNING COMPLEX,2020,899769.2245,145650091,2020CZU LIGHTNING COMPLEX-,6.931268765
607.7797852,CZU LIGHTNING COMPLEX,2020,899769.2245,145650091,2020CZU LIGHTNING COMPLEX-,6.93150506
573.7369995,CZU LIGHTNING COMPLEX,2020,899769.2245,145650091,2020CZU LIGHTNING COMPLEX-,6.931605188
546.9197388,CZU LIGHTNING COMPLEX,2020,899769.2245,145650091,2020CZU LIGHTNING COMPLEX-,6.933234993
499.0585938,CZU LIGHTNING COMPLEX,2020,899769.2245,145650091,2020CZU LIGHTNING COMPLEX-,6.934410752
687.3222656,CZU LIGHTNING COMPLEX,2020,899769.2245,145650091,2020CZU LIGHTNING COMPLEX-,6.939109367
540.6075439,CZU LIGHTNING COMPLEX,2020,899769.2245,145650091,2020CZU LIGHTNING COMPLEX-,6.939522668
588.5289917,CZU LIGHTNING COMPLEX,2020,899769.2245,145650091,2020CZU LIGHTNING COMPLEX-,6.939556459
610.6192017,CZU LIGHTNING COMPLEX,2020,899769.2245,145650091,2020CZU LIGHTNING COMPLEX-,6.942448956
580.6120605,CZU LIGHTNING COMPLEX,2020,899769.2245,145650091,2020CZU LIGHTNING COMPLEX-,6.945832809
387.0752258,CZU LIGHTNING COMPLEX,2020,899769.2245,145650091,2020CZU LIGHTNING COMPLEX-,6.947738912
630.1793213,CZU LIGHTNING COMPLEX,2020,899769.2245,145650091,2020CZU LIGHTNING COMPLEX-,6.951385677
530.1132813,CZU LIGHTNING COMPLEX,2020,899769.2245,145650091,2020CZU LIGHTNING COMPLEX-,6.954784211
681.1670532,CZU LIGHTNING COMPLEX,2020,899769.2245,145650091,2020CZU LIGHTNING COMPLEX-,6.955240166
678.975708,CZU LIGHTNING COMPLEX,2020,899769.2245,145650091,2020CZU LIGHTNING COMPLEX-,6.956360766
681.7582397,CZU LIGHTNING COMPLEX,2020,899769.2245,145650091,2020CZU LIGHTNING COMPLEX-,6.960048122
671.4553223,CZU LIGHTNING COMPLEX,2020,899769.2245,145650091,2020CZU LIGHTNING COMPLEX-,6.960343238
692.5402832,CZU LIGHTNING COMPLEX,2020,899769.2245,145650091,2020CZU LIGHTNING COMPLEX-,6.961840778
695.5031738,CANOE,2003,108316.1819,30613176.38,2003CANOE-,6.962109908
709.4034424,CZU LIGHTNING COMPLEX,2020,899769.2245,145650091,2020CZU LIGHTNING COMPLEX-,6.962368545
693.8391724,CZU LIGHTNING COMPLEX,2020,899769.2245,145650091,2020CZU LIGHTNING COMPLEX-,6.963753221
685.3511353,CZU LIGHTNING COMPLEX,2020,899769.2245,145650091,2020CZU LIGHTNING COMPLEX-,6.963900757
642.7171631,CZU LIGHTNING COMPLEX,2020,899769.2245,145650091,2020CZU LIGHTNING COMPLEX-,6.964424539
655.1752319,CZU LIGHTNING COMPLEX,2020,899769.2245,145650091,2020CZU LIGHTNING COMPLEX-,6.967272971
537.0299683,CZU LIGHTNING COMPLEX,2020,899769.2245,145650091,2020CZU LIGHTNING COMPLEX-,6.968880823
657.0866699,CZU LIGHTNING COMPLEX,2020,899769.2245,145650091,2020CZU LIGHTNING COMPLEX-,6.968967177
690.7943726,CZU LIGHTNING COMPLEX,2020,899769.2245,145650091,2020CZU LIGHTNING COMPLEX-,6.970687727
569.895813,CZU LIGHTNING COMPLEX,2020,899769.2245,145650091,2020CZU LIGHTNING COMPLEX-,6.974454414
696.1447144,CZU LIGHTNING COMPLEX,2020,899769.2245,145650091,2020CZU LIGHTNING COMPLEX-,6.979006932
617.1078491,CZU LIGHTNING COMPLEX,2020,899769.2245,145650091,2020CZU LIGHTNING COMPLEX-,6.980221147
517.7155151,CZU LIGHTNING COMPLEX,2020,899769.2245,145650091,2020CZU LIGHTNING COMPLEX-,6.98123761
529.0639038,CZU LIGHTNING COMPLEX,2020,899769.2245,145650091,2020CZU LIGHTNING COMPLEX-,6.981854861
664.4557495,CZU LIGHTNING COMPLEX,2020,899769.2245,145650091,2020CZU LIGHTNING COMPLEX-,6.983886366
485.8899536,CZU LIGHTNING COMPLEX,2020,899769.2245,145650091,2020CZU LIGHTNING COMPLEX-,6.984083878
695.4769287,CHETCO BAR,2017,28687.64862,6998551.507,2017CHETCO BAR-,6.986719855
622.822937,CZU LIGHTNING COMPLEX,2020,899769.2245,145650091,2020CZU LIGHTNING COMPLEX-,6.987578478
606.918335,CZU LIGHTNING COMPLEX,2020,899769.2245,145650091,2020CZU LIGHTNING COMPLEX-,6.990984687
612.4506226,CZU LIGHTNING COMPLEX,2020,899769.2245,145650091,2020CZU LIGHTNING COMPLEX-,6.992197425
663.9084473,CZU LIGHTNING COMPLEX,2020,899769.2245,145650091,2020CZU LIGHTNING COMPLEX-,6.993341731
627.4335938,CZU LIGHTNING COMPLEX,2020,899769.2245,145650091,2020CZU LIGHTNING COMPLEX-,6.995794241
569.4573364,CZU LIGHTNING COMPLEX,2020,899769.2245,145650091,2020CZU LIGHTNING COMPLEX-,6.996053387
536.9832153,CZU LIGHTNING COMPLEX,2020,899769.2245,145650091,2020CZU LIGHTNING COMPLEX-,7.000262033
523.026062,CZU LIGHTNING COMPLEX,2020,899769.2245,145650091,2020CZU LIGHTNING COMPLEX-,7.000572261
635.5831299,CZU LIGHTNING COMPLEX,2020,899769.2245,145650091,2020CZU LIGHTNING COMPLEX-,7.000798347
534.876709,CZU LIGHTNING COMPLEX,2020,899769.2245,145650091,2020CZU LIGHTNING COMPLEX-,7.002860454
686.4934692,CANOE,2003,108316.1819,30613176.38,2003CANOE-,7.004320845
541.4706421,CZU LIGHTNING COMPLEX,2020,899769.2245,145650091,2020CZU LIGHTNING COMPLEX-,7.006248493
684.4590454,CANOE,2003,108316.1819,30613176.38,2003CANOE-,7.006613707
430.350708,CZU LIGHTNING COMPLEX,2020,899769.2245,145650091,2020CZU LIGHTNING COMPLEX-,7.009235984
666.5130005,CZU LIGHTNING COMPLEX,2020,899769.2245,145650091,2020CZU LIGHTNING COMPLEX-,7.00971356
649.1263428,CZU LIGHTNING COMPLEX,2020,899769.2245,145650091,2020CZU LIGHTNING COMPLEX-,7.010585068
712.4802856,NAVARRO,2008,11911.63913,1762893.727,2008NAVARRO-,7.01110603
687.1630859,CZU LIGHTNING COMPLEX,2020,899769.2245,145650091,2020CZU LIGHTNING COMPLEX-,7.014379513
591.4750366,CZU LIGHTNING COMPLEX,2020,899769.2245,145650091,2020CZU LIGHTNING COMPLEX-,7.015805376
690.1873169,CZU LIGHTNING COMPLEX,2020,899769.2245,145650091,2020CZU LIGHTNING COMPLEX-,7.01585524
520.520813,CZU LIGHTNING COMPLEX,2020,899769.2245,145650091,2020CZU LIGHTNING COMPLEX-,7.017206338
705.8839722,CANOE,2003,108316.1819,30613176.38,2003CANOE-,7.018096947
615.5158081,CZU LIGHTNING COMPLEX,2020,899769.2245,145650091,2020CZU LIGHTNING COMPLEX-,7.018184994
714.5827026,NUNS,2017,43127.60516,2287023.628,2017NUNS-,7.020289535
697.9249268,CZU LIGHTNING COMPLEX,2020,899769.2245,145650091,2020CZU LIGHTNING COMPLEX-,7.021384581
562.8369751,CZU LIGHTNING COMPLEX,2020,899769.2245,145650091,2020CZU LIGHTNING COMPLEX-,7.021988029
543.8629761,CZU LIGHTNING COMPLEX,2020,899769.2245,145650091,2020CZU LIGHTNING COMPLEX-,7.022825728
646.3598022,CZU LIGHTNING COMPLEX,2020,899769.2245,145650091,2020CZU LIGHTNING COMPLEX-,7.026733863
692.4852295,CZU LIGHTNING COMPLEX,2020,899769.2245,145650091,2020CZU LIGHTNING COMPLEX-,7.028227092
694.2455444,CZU LIGHTNING COMPLEX,2020,899769.2245,145650091,2020CZU LIGHTNING COMPLEX-,7.032140755
537.5526733,CZU LIGHTNING COMPLEX,2020,899769.2245,145650091,2020CZU LIGHTNING COMPLEX-,7.033840884
566.9527588,CZU LIGHTNING COMPLEX,2020,899769.2245,145650091,2020CZU LIGHTNING COMPLEX-,7.040361416
499.6960449,CZU LIGHTNING COMPLEX,2020,899769.2245,145650091,2020CZU LIGHTNING COMPLEX-,7.041309188
538.850647,CZU LIGHTNING COMPLEX,2020,899769.2245,145650091,2020CZU LIGHTNING COMPLEX-,7.041586949
750.685791,INDIAN,2008,17839.09215,4534864.183,2008INDIAN-,7.044664203
677.2841797,CANOE,2003,108316.1819,30613176.38,2003CANOE-,7.045788945
548.314209,CZU LIGHTNING COMPLEX,2020,899769.2245,145650091,2020CZU LIGHTNING COMPLEX-,7.046048847
698.6030273,CZU LIGHTNING COMPLEX,2020,899769.2245,145650091,2020CZU LIGHTNING COMPLEX-,7.046376725
669.7329102,CANOE,2003,108316.1819,30613176.38,2003CANOE-,7.052486901
721.6863403,CZU LIGHTNING COMPLEX,2020,899769.2245,145650091,2020CZU LIGHTNING COMPLEX-,7.055610045
640.5882568,CZU LIGHTNING COMPLEX,2020,899769.2245,145650091,2020CZU LIGHTNING COMPLEX-,7.055977916
612.1183472,CZU LIGHTNING COMPLEX,2020,899769.2245,145650091,2020CZU LIGHTNING COMPLEX-,7.057013611
561.1763306,CZU LIGHTNING COMPLEX,2020,899769.2245,145650091,2020CZU LIGHTNING COMPLEX-,7.059418503
705.9857788,CZU LIGHTNING COMPLEX,2020,899769.2245,145650091,2020CZU LIGHTNING COMPLEX-,7.060062074
754.0516357,INDIAN,2008,17839.09215,4534864.183,2008INDIAN-,7.062749479
483.3604126,CZU LIGHTNING COMPLEX,2020,899769.2245,145650091,2020CZU LIGHTNING COMPLEX-,7.063897159
581.5338745,CZU LIGHTNING COMPLEX,2020,899769.2245,145650091,2020CZU LIGHTNING COMPLEX-,7.064068923
675.5788574,CANOE,2003,108316.1819,30613176.38,2003CANOE-,7.067421461
559.8286133,CZU LIGHTNING COMPLEX,2020,899769.2245,145650091,2020CZU LIGHTNING COMPLEX-,7.067469556
715.2412109,CZU LIGHTNING COMPLEX,2020,899769.2245,145650091,2020CZU LIGHTNING COMPLEX-,7.068164205
588.9377441,CZU LIGHTNING COMPLEX,2020,899769.2245,145650091,2020CZU LIGHTNING COMPLEX-,7.069634746
573.6296997,CZU LIGHTNING COMPLEX,2020,899769.2245,145650091,2020CZU LIGHTNING COMPLEX-,7.070703779
546.7172241,CZU LIGHTNING COMPLEX,2020,899769.2245,145650091,2020CZU LIGHTNING COMPLEX-,7.07254981
681.5883179,LODGE,2014,46471.6089,2165642.738,2014LODGE-,7.07471564
482.3019104,CZU LIGHTNING COMPLEX,2020,899769.2245,145650091,2020CZU LIGHTNING COMPLEX-,7.075315415
507.532074,CZU LIGHTNING COMPLEX,2020,899769.2245,145650091,2020CZU LIGHTNING COMPLEX-,7.075633575
699.9515381,CZU LIGHTNING COMPLEX,2020,899769.2245,145650091,2020CZU LIGHTNING COMPLEX-,7.078529566
555.7581787,CZU LIGHTNING COMPLEX,2020,899769.2245,145650091,2020CZU LIGHTNING COMPLEX-,7.079585359
667.8007813,CZU LIGHTNING COMPLEX,2020,899769.2245,145650091,2020CZU LIGHTNING COMPLEX-,7.08202343
569.6088257,CZU LIGHTNING COMPLEX,2020,899769.2245,145650091,2020CZU LIGHTNING COMPLEX-,7.083357835
516.178894,CZU LIGHTNING COMPLEX,2020,899769.2245,145650091,2020CZU LIGHTNING COMPLEX-,7.083585875
507.8233337,CZU LIGHTNING COMPLEX,2020,899769.2245,145650091,2020CZU LIGHTNING COMPLEX-,7.083799181
559.0373535,CZU LIGHTNING COMPLEX,2020,899769.2245,145650091,2020CZU LIGHTNING COMPLEX-,7.08527794
621.2611694,CZU LIGHTNING COMPLEX,2020,899769.2245,145650091,2020CZU LIGHTNING COMPLEX-,7.088569142
505.5725098,CHETCO BAR,2017,28687.64862,6998551.507,2017CHETCO BAR-,7.088975211
654.7429199,CZU LIGHTNING COMPLEX,2020,899769.2245,145650091,2020CZU LIGHTNING COMPLEX-,7.089586136
654.5374146,CZU LIGHTNING COMPLEX,2020,899769.2245,145650091,2020CZU LIGHTNING COMPLEX-,7.089918666
726.0217896,CHETCO BAR,2017,28687.64862,6998551.507,2017CHETCO BAR-,7.090034072
523.5166626,CZU LIGHTNING COMPLEX,2020,899769.2245,145650091,2020CZU LIGHTNING COMPLEX-,7.091326065
705.6663818,GLASS,2020,50252.06105,2263063.931,2020GLASS-,7.091646286
702.7284546,CZU LIGHTNING COMPLEX,2020,899769.2245,145650091,2020CZU LIGHTNING COMPLEX-,7.093034121
534.1640015,CZU LIGHTNING COMPLEX,2020,899769.2245,145650091,2020CZU LIGHTNING COMPLEX-,7.095762854
651.9342041,CZU LIGHTNING COMPLEX,2020,899769.2245,145650091,2020CZU LIGHTNING COMPLEX-,7.096416429
692.1733398,MEYERS,2020,31666.98984,2323941.628,2020MEYERS-,7.096868735
683.9310303,CANOE,2003,108316.1819,30613176.38,2003CANOE-,7.09800236
637.8219604,CZU LIGHTNING COMPLEX,2020,899769.2245,145650091,2020CZU LIGHTNING COMPLEX-,7.098506303
659.4537354,CZU LIGHTNING COMPLEX,2020,899769.2245,145650091,2020CZU LIGHTNING COMPLEX-,7.103309665
506.6651917,CZU LIGHTNING COMPLEX,2020,899769.2245,145650091,2020CZU LIGHTNING COMPLEX-,7.104541108
586.7943115,CZU LIGHTNING COMPLEX,2020,899769.2245,145650091,2020CZU LIGHTNING COMPLEX-,7.104763931
546.194397,CZU LIGHTNING COMPLEX,2020,899769.2245,145650091,2020CZU LIGHTNING COMPLEX-,7.106148343
571.3951416,CZU LIGHTNING COMPLEX,2020,899769.2245,145650091,2020CZU LIGHTNING COMPLEX-,7.108285746
631.2570801,CZU LIGHTNING COMPLEX,2020,899769.2245,145650091,2020CZU LIGHTNING COMPLEX-,7.109273475
613.7915039,CZU LIGHTNING COMPLEX,2020,899769.2245,145650091,2020CZU LIGHTNING COMPLEX-,7.111301867
714.8352051,NAVARRO,2008,11911.63913,1762893.727,2008NAVARRO-,7.112562359
683.883728,CZU LIGHTNING COMPLEX,2020,899769.2245,145650091,2020CZU LIGHTNING COMPLEX-,7.112562482
707.2827148,CZU LIGHTNING COMPLEX,2020,899769.2245,145650091,2020CZU LIGHTNING COMPLEX-,7.112991637
542.2514648,CZU LIGHTNING COMPLEX,2020,899769.2245,145650091,2020CZU LIGHTNING COMPLEX-,7.113298813
721.3338013,CZU LIGHTNING COMPLEX,2020,899769.2245,145650091,2020CZU LIGHTNING COMPLEX-,7.113352479
627.2365112,ORR SERIES,2008,22871.31682,1053586.59,2008ORR SERIES-,7.114086158
505.9208984,CZU LIGHTNING COMPLEX,2020,899769.2245,145650091,2020CZU LIGHTNING COMPLEX-,7.114548641
673.843689,CZU LIGHTNING COMPLEX,2020,899769.2245,145650091,2020CZU LIGHTNING COMPLEX-,7.115342033
535.213562,CZU LIGHTNING COMPLEX,2020,899769.2245,145650091,2020CZU LIGHTNING COMPLEX-,7.120045354
524.579895,CZU LIGHTNING COMPLEX,2020,899769.2245,145650091,2020CZU LIGHTNING COMPLEX-,7.120307186
558.8085327,CZU LIGHTNING COMPLEX,2020,899769.2245,145650091,2020CZU LIGHTNING COMPLEX-,7.122015277
680.1755981,CANOE,2003,108316.1819,30613176.38,2003CANOE-,7.122395299
679.6533203,CZU LIGHTNING COMPLEX,2020,899769.2245,145650091,2020CZU LIGHTNING COMPLEX-,7.123779868
538.8892822,CZU LIGHTNING COMPLEX,2020,899769.2245,145650091,2020CZU LIGHTNING COMPLEX-,7.125028976
630.1938477,CZU LIGHTNING COMPLEX,2020,899769.2245,145650091,2020CZU LIGHTNING COMPLEX-,7.126033937
672.6217651,CANOE,2003,108316.1819,30613176.38,2003CANOE-,7.126156444
532.5344849,CHETCO BAR,2017,28687.64862,6998551.507,2017CHETCO BAR-,7.126415974
735.2841797,CZU LIGHTNING COMPLEX,2020,899769.2245,145650091,2020CZU LIGHTNING COMPLEX-,7.129143288
709.9019775,CHETCO BAR,2017,28687.64862,6998551.507,2017CHETCO BAR-,7.129769641
561.0911255,CZU LIGHTNING COMPLEX,2020,899769.2245,145650091,2020CZU LIGHTNING COMPLEX-,7.131743088
728.4418335,MEYERS,2020,31666.98984,2323941.628,2020MEYERS-,7.133458104
593.001709,CZU LIGHTNING COMPLEX,2020,899769.2245,145650091,2020CZU LIGHTNING COMPLEX-,7.135023619
570.5371094,CZU LIGHTNING COMPLEX,2020,899769.2245,145650091,2020CZU LIGHTNING COMPLEX-,7.135431973
634.3249512,CZU LIGHTNING COMPLEX,2020,899769.2245,145650091,2020CZU LIGHTNING COMPLEX-,7.135781845
729.1106567,CANOE,2003,108316.1819,30613176.38,2003CANOE-,7.137078398
584.5231323,CZU LIGHTNING COMPLEX,2020,899769.2245,145650091,2020CZU LIGHTNING COMPLEX-,7.137902497
560.6449585,CZU LIGHTNING COMPLEX,2020,899769.2245,145650091,2020CZU LIGHTNING COMPLEX-,7.14084925
702.4862061,CZU LIGHTNING COMPLEX,2020,899769.2245,145650091,2020CZU LIGHTNING COMPLEX-,7.141722776
448.7711182,CZU LIGHTNING COMPLEX,2020,899769.2245,145650091,2020CZU LIGHTNING COMPLEX-,7.143835924
529.0547485,CZU LIGHTNING COMPLEX,2020,899769.2245,145650091,2020CZU LIGHTNING COMPLEX-,7.143883605
546.7651978,CZU LIGHTNING COMPLEX,2020,899769.2245,145650091,2020CZU LIGHTNING COMPLEX-,7.145029946
524.2628174,CZU LIGHTNING COMPLEX,2020,899769.2245,145650091,2020CZU LIGHTNING COMPLEX-,7.146318564
697.867981,CZU LIGHTNING COMPLEX,2020,899769.2245,145650091,2020CZU LIGHTNING COMPLEX-,7.149689629
673.7244263,CANOE,2003,108316.1819,30613176.38,2003CANOE-,7.151170362
559.4511108,CZU LIGHTNING COMPLEX,2020,899769.2245,145650091,2020CZU LIGHTNING COMPLEX-,7.152158552
519.6516113,CZU LIGHTNING COMPLEX,2020,899769.2245,145650091,2020CZU LIGHTNING COMPLEX-,7.152171174
554.4763184,CZU LIGHTNING COMPLEX,2020,899769.2245,145650091,2020CZU LIGHTNING COMPLEX-,7.153541807
542.6763916,CZU LIGHTNING COMPLEX,2020,899769.2245,145650091,2020CZU LIGHTNING COMPLEX-,7.156475557
690.6609497,CZU LIGHTNING COMPLEX,2020,899769.2245,145650091,2020CZU LIGHTNING COMPLEX-,7.15862596
544.9987793,CZU LIGHTNING COMPLEX,2020,899769.2245,145650091,2020CZU LIGHTNING COMPLEX-,7.158749373
618.218689,CZU LIGHTNING COMPLEX,2020,899769.2245,145650091,2020CZU LIGHTNING COMPLEX-,7.159333966
554.8239746,CZU LIGHTNING COMPLEX,2020,899769.2245,145650091,2020CZU LIGHTNING COMPLEX-,7.159469926
587.5480957,CZU LIGHTNING COMPLEX,2020,899769.2245,145650091,2020CZU LIGHTNING COMPLEX-,7.162043945
550.7164917,CZU LIGHTNING COMPLEX,2020,899769.2245,145650091,2020CZU LIGHTNING COMPLEX-,7.162485417
720.5958252,CANOE,2003,108316.1819,30613176.38,2003CANOE-,7.162963356
666.5101318,CZU LIGHTNING COMPLEX,2020,899769.2245,145650091,2020CZU LIGHTNING COMPLEX-,7.163213582
689.3092651,CZU LIGHTNING COMPLEX,2020,899769.2245,145650091,2020CZU LIGHTNING COMPLEX-,7.16363169
628.3033447,CZU LIGHTNING COMPLEX,2020,899769.2245,145650091,2020CZU LIGHTNING COMPLEX-,7.163876337
675.496521,CANOE,2003,108316.1819,30613176.38,2003CANOE-,7.164549745
597.4232178,CZU LIGHTNING COMPLEX,2020,899769.2245,145650091,2020CZU LIGHTNING COMPLEX-,7.167652126
673.0661011,CANOE,2003,108316.1819,30613176.38,2003CANOE-,7.169412328
678.746521,CANOE,2003,108316.1819,30613176.38,2003CANOE-,7.171359248
753.1900635,INDIAN,2008,17839.09215,4534864.183,2008INDIAN-,7.171770199
733.15979,NAVARRO,2008,11911.63913,1762893.727,2008NAVARRO-,7.172418805
606.3557739,CZU LIGHTNING COMPLEX,2020,899769.2245,145650091,2020CZU LIGHTNING COMPLEX-,7.172692066
678.5161743,CZU LIGHTNING COMPLEX,2020,899769.2245,145650091,2020CZU LIGHTNING COMPLEX-,7.174314122
543.9664917,CZU LIGHTNING COMPLEX,2020,899769.2245,145650091,2020CZU LIGHTNING COMPLEX-,7.174378353
522.7764282,CZU LIGHTNING COMPLEX,2020,899769.2245,145650091,2020CZU LIGHTNING COMPLEX-,7.174485357
523.2573853,CZU LIGHTNING COMPLEX,2020,899769.2245,145650091,2020CZU LIGHTNING COMPLEX-,7.175350477
621.012085,CZU LIGHTNING COMPLEX,2020,899769.2245,145650091,2020CZU LIGHTNING COMPLEX-,7.179198819
596.5924683,CZU LIGHTNING COMPLEX,2020,899769.2245,145650091,2020CZU LIGHTNING COMPLEX-,7.180015953
685.12854,CANOE,2003,108316.1819,30613176.38,2003CANOE-,7.181044859
318.6841736,CZU LIGHTNING COMPLEX,2020,899769.2245,145650091,2020CZU LIGHTNING COMPLEX-,7.183463824
677.3825073,CZU LIGHTNING COMPLEX,2020,899769.2245,145650091,2020CZU LIGHTNING COMPLEX-,7.186962766
532.2764893,CZU LIGHTNING COMPLEX,2020,899769.2245,145650091,2020CZU LIGHTNING COMPLEX-,7.187238937
400.8291016,CZU LIGHTNING COMPLEX,2020,899769.2245,145650091,2020CZU LIGHTNING COMPLEX-,7.188665595
533.1673584,CZU LIGHTNING COMPLEX,2020,899769.2245,145650091,2020CZU LIGHTNING COMPLEX-,7.189621632
603.4660645,CZU LIGHTNING COMPLEX,2020,899769.2245,145650091,2020CZU LIGHTNING COMPLEX-,7.191283894
528.4268799,CZU LIGHTNING COMPLEX,2020,899769.2245,145650091,2020CZU LIGHTNING COMPLEX-,7.193377306
694.1652222,CANOE,2003,108316.1819,30613176.38,2003CANOE-,7.193382904
612.1428833,CZU LIGHTNING COMPLEX,2020,899769.2245,145650091,2020CZU LIGHTNING COMPLEX-,7.193771796
531.6311035,CZU LIGHTNING COMPLEX,2020,899769.2245,145650091,2020CZU LIGHTNING COMPLEX-,7.193941851
649.4893188,CZU LIGHTNING COMPLEX,2020,899769.2245,145650091,2020CZU LIGHTNING COMPLEX-,7.197479518
674.9916992,CANOE,2003,108316.1819,30613176.38,2003CANOE-,7.20030034
553.6367188,CZU LIGHTNING COMPLEX,2020,899769.2245,145650091,2020CZU LIGHTNING COMPLEX-,7.200786862
513.9282837,CZU LIGHTNING COMPLEX,2020,899769.2245,145650091,2020CZU LIGHTNING COMPLEX-,7.200932104
732.987915,INDIAN,2008,17839.09215,4534864.183,2008INDIAN-,7.20384138
678.9328003,CANOE,2003,108316.1819,30613176.38,2003CANOE-,7.203863808
523.1838989,CZU LIGHTNING COMPLEX,2020,899769.2245,145650091,2020CZU LIGHTNING COMPLEX-,7.204243476
542.9370117,CZU LIGHTNING COMPLEX,2020,899769.2245,145650091,2020CZU LIGHTNING COMPLEX-,7.205631272
680.5084839,CZU LIGHTNING COMPLEX,2020,899769.2245,145650091,2020CZU LIGHTNING COMPLEX-,7.205907135
518.2317505,CZU LIGHTNING COMPLEX,2020,899769.2245,145650091,2020CZU LIGHTNING COMPLEX-,7.205979776
504.3464966,CZU LIGHTNING COMPLEX,2020,899769.2245,145650091,2020CZU LIGHTNING COMPLEX-,7.206389378
734.3327026,INDIAN,2008,17839.09215,4534864.183,2008INDIAN-,7.206444546
697.5748291,CZU LIGHTNING COMPLEX,2020,899769.2245,145650091,2020CZU LIGHTNING COMPLEX-,7.207024822
546.6432495,CZU LIGHTNING COMPLEX,2020,899769.2245,145650091,2020CZU LIGHTNING COMPLEX-,7.207865134
662.468811,CZU LIGHTNING COMPLEX,2020,899769.2245,145650091,2020CZU LIGHTNING COMPLEX-,7.208406325
529.6986694,CZU LIGHTNING COMPLEX,2020,899769.2245,145650091,2020CZU LIGHTNING COMPLEX-,7.208510861
679.8218994,CANOE,2003,108316.1819,30613176.38,2003CANOE-,7.210992026
575.8500977,NUNS,2017,43127.60516,2287023.628,2017NUNS-,7.211106673
680.2597656,CZU LIGHTNING COMPLEX,2020,899769.2245,145650091,2020CZU LIGHTNING COMPLEX-,7.212200673
697.1085205,CZU LIGHTNING COMPLEX,2020,899769.2245,145650091,2020CZU LIGHTNING COMPLEX-,7.213208191
535.5704346,CZU LIGHTNING COMPLEX,2020,899769.2245,145650091,2020CZU LIGHTNING COMPLEX-,7.2140734
395.8515015,CZU LIGHTNING COMPLEX,2020,899769.2245,145650091,2020CZU LIGHTNING COMPLEX-,7.214695439
673.2201538,CANOE,2003,108316.1819,30613176.38,2003CANOE-,7.216368318
536.8077393,CZU LIGHTNING COMPLEX,2020,899769.2245,145650091,2020CZU LIGHTNING COMPLEX-,7.217201354
712.7496338,MEYERS,2020,31666.98984,2323941.628,2020MEYERS-,7.217435984
675.0649414,CANOE,2003,108316.1819,30613176.38,2003CANOE-,7.21906375
651.1109619,CZU LIGHTNING COMPLEX,2020,899769.2245,145650091,2020CZU LIGHTNING COMPLEX-,7.220774273
641.5488281,CZU LIGHTNING COMPLEX,2020,899769.2245,145650091,2020CZU LIGHTNING COMPLEX-,7.22112314
581.3815308,CZU LIGHTNING COMPLEX,2020,899769.2245,145650091,2020CZU LIGHTNING COMPLEX-,7.223712097
496.0028992,CZU LIGHTNING COMPLEX,2020,899769.2245,145650091,2020CZU LIGHTNING COMPLEX-,7.224717959
650.2443848,NUNS,2017,43127.60516,2287023.628,2017NUNS-,7.225941806
538.2661743,CZU LIGHTNING COMPLEX,2020,899769.2245,145650091,2020CZU LIGHTNING COMPLEX-,7.226944662
653.6325073,CZU LIGHTNING COMPLEX,2020,899769.2245,145650091,2020CZU LIGHTNING COMPLEX-,7.227541762
654.4539795,CZU LIGHTNING COMPLEX,2020,899769.2245,145650091,2020CZU LIGHTNING COMPLEX-,7.22847132
531.3219604,CZU LIGHTNING COMPLEX,2020,899769.2245,145650091,2020CZU LIGHTNING COMPLEX-,7.22884173
525.2843018,CZU LIGHTNING COMPLEX,2020,899769.2245,145650091,2020CZU LIGHTNING COMPLEX-,7.229729177
595.8277588,CZU LIGHTNING COMPLEX,2020,899769.2245,145650091,2020CZU LIGHTNING COMPLEX-,7.229950498
482.7732849,CZU LIGHTNING COMPLEX,2020,899769.2245,145650091,2020CZU LIGHTNING COMPLEX-,7.230382461
652.5770264,CZU LIGHTNING COMPLEX,2020,899769.2245,145650091,2020CZU LIGHTNING COMPLEX-,7.231075664
568.7902222,CZU LIGHTNING COMPLEX,2020,899769.2245,145650091,2020CZU LIGHTNING COMPLEX-,7.231566073
760.7231445,CZU LIGHTNING COMPLEX,2020,899769.2245,145650091,2020CZU LIGHTNING COMPLEX-,7.23161047
708.8844604,CZU LIGHTNING COMPLEX,2020,899769.2245,145650091,2020CZU LIGHTNING COMPLEX-,7.232110237
681.262146,CANOE,2003,108316.1819,30613176.38,2003CANOE-,7.232110537
560.9033813,CZU LIGHTNING COMPLEX,2020,899769.2245,145650091,2020CZU LIGHTNING COMPLEX-,7.235676294
635.7515259,CZU LIGHTNING COMPLEX,2020,899769.2245,145650091,2020CZU LIGHTNING COMPLEX-,7.238189389
582.215271,CZU LIGHTNING COMPLEX,2020,899769.2245,145650091,2020CZU LIGHTNING COMPLEX-,7.238267763
634.8077393,CZU LIGHTNING COMPLEX,2020,899769.2245,145650091,2020CZU LIGHTNING COMPLEX-,7.23961679
687.9084473,CZU LIGHTNING COMPLEX,2020,899769.2245,145650091,2020CZU LIGHTNING COMPLEX-,7.241265899
586.336731,CZU LIGHTNING COMPLEX,2020,899769.2245,145650091,2020CZU LIGHTNING COMPLEX-,7.243254157
653.1334839,CZU LIGHTNING COMPLEX,2020,899769.2245,145650091,2020CZU LIGHTNING COMPLEX-,7.243302837
586.8961182,CZU LIGHTNING COMPLEX,2020,899769.2245,145650091,2020CZU LIGHTNING COMPLEX-,7.243401155
610.9920654,CZU LIGHTNING COMPLEX,2020,899769.2245,145650091,2020CZU LIGHTNING COMPLEX-,7.243446453
750.1281128,INDIAN,2008,17839.09215,4534864.183,2008INDIAN-,7.243511825
680.5317993,CANOE,2003,108316.1819,30613176.38,2003CANOE-,7.243796641
672.8139648,CANOE,2003,108316.1819,30613176.38,2003CANOE-,7.244652788
513.3453979,CZU LIGHTNING COMPLEX,2020,899769.2245,145650091,2020CZU LIGHTNING COMPLEX-,7.245121683
536.6802979,CZU LIGHTNING COMPLEX,2020,899769.2245,145650091,2020CZU LIGHTNING COMPLEX-,7.245847925
709.7871704,CANOE,2003,108316.1819,30613176.38,2003CANOE-,7.246221331
617.1132202,CZU LIGHTNING COMPLEX,2020,899769.2245,145650091,2020CZU LIGHTNING COMPLEX-,7.246494958
589.6881714,CZU LIGHTNING COMPLEX,2020,899769.2245,145650091,2020CZU LIGHTNING COMPLEX-,7.247461918
729.3848267,CZU LIGHTNING COMPLEX,2020,899769.2245,145650091,2020CZU LIGHTNING COMPLEX-,7.247466682
541.140686,CZU LIGHTNING COMPLEX,2020,899769.2245,145650091,2020CZU LIGHTNING COMPLEX-,7.247733433
494.2622986,CZU LIGHTNING COMPLEX,2020,899769.2245,145650091,2020CZU LIGHTNING COMPLEX-,7.24832292
517.0621338,CZU LIGHTNING COMPLEX,2020,899769.2245,145650091,2020CZU LIGHTNING COMPLEX-,7.251966523
645.0327759,CZU LIGHTNING COMPLEX,2020,899769.2245,145650091,2020CZU LIGHTNING COMPLEX-,7.252006941
537.3582764,CZU LIGHTNING COMPLEX,2020,899769.2245,145650091,2020CZU LIGHTNING COMPLEX-,7.252030783
565.9051514,CZU LIGHTNING COMPLEX,2020,899769.2245,145650091,2020CZU LIGHTNING COMPLEX-,7.252473885
478.9330444,CZU LIGHTNING COMPLEX,2020,899769.2245,145650091,2020CZU LIGHTNING COMPLEX-,7.252698974
680.6130981,CANOE,2003,108316.1819,30613176.38,2003CANOE-,7.25454952
581.8101807,CZU LIGHTNING COMPLEX,2020,899769.2245,145650091,2020CZU LIGHTNING COMPLEX-,7.2549567
586.2680054,CZU LIGHTNING COMPLEX,2020,899769.2245,145650091,2020CZU LIGHTNING COMPLEX-,7.255249818
652.4358521,CZU LIGHTNING COMPLEX,2020,899769.2245,145650091,2020CZU LIGHTNING COMPLEX-,7.255411241
683.425293,CZU LIGHTNING COMPLEX,2020,899769.2245,145650091,2020CZU LIGHTNING COMPLEX-,7.256049166
726.4055176,MEYERS,2020,31666.98984,2323941.628,2020MEYERS-,7.25631083
664.3713379,CZU LIGHTNING COMPLEX,2020,899769.2245,145650091,2020CZU LIGHTNING COMPLEX-,7.256762019
685.3344727,CANOE,2003,108316.1819,30613176.38,2003CANOE-,7.257248549
607.4716187,CZU LIGHTNING COMPLEX,2020,899769.2245,145650091,2020CZU LIGHTNING COMPLEX-,7.257830947
531.1311035,CZU LIGHTNING COMPLEX,2020,899769.2245,145650091,2020CZU LIGHTNING COMPLEX-,7.258240249
457.4918213,CZU LIGHTNING COMPLEX,2020,899769.2245,145650091,2020CZU LIGHTNING COMPLEX-,7.259977252
628.3756714,CZU LIGHTNING COMPLEX,2020,899769.2245,145650091,2020CZU LIGHTNING COMPLEX-,7.260326187
542.072937,CZU LIGHTNING COMPLEX,2020,899769.2245,145650091,2020CZU LIGHTNING COMPLEX-,7.261395046
701.4347534,CHETCO BAR,2017,28687.64862,6998551.507,2017CHETCO BAR-,7.26463946
628.4005737,CZU LIGHTNING COMPLEX,2020,899769.2245,145650091,2020CZU LIGHTNING COMPLEX-,7.266230912
658.5975342,CZU LIGHTNING COMPLEX,2020,899769.2245,145650091,2020CZU LIGHTNING COMPLEX-,7.266296504
635.114502,CZU LIGHTNING COMPLEX,2020,899769.2245,145650091,2020CZU LIGHTNING COMPLEX-,7.266330862
673.1077881,CZU LIGHTNING COMPLEX,2020,899769.2245,145650091,2020CZU LIGHTNING COMPLEX-,7.266854925
701.0545654,CHETCO BAR,2017,28687.64862,6998551.507,2017CHETCO BAR-,7.268642071
587.5426636,CZU LIGHTNING COMPLEX,2020,899769.2245,145650091,2020CZU LIGHTNING COMPLEX-,7.268932078
573.8510132,CZU LIGHTNING COMPLEX,2020,899769.2245,145650091,2020CZU LIGHTNING COMPLEX-,7.26925968
586.1452026,CZU LIGHTNING COMPLEX,2020,899769.2245,145650091,2020CZU LIGHTNING COMPLEX-,7.270223429
652.1462402,CZU LIGHTNING COMPLEX,2020,899769.2245,145650091,2020CZU LIGHTNING COMPLEX-,7.271017925
510.4881287,CZU LIGHTNING COMPLEX,2020,899769.2245,145650091,2020CZU LIGHTNING COMPLEX-,7.275253027
732.2613525,MEYERS,2020,31666.98984,2323941.628,2020MEYERS-,7.276977627
554.4927368,CZU LIGHTNING COMPLEX,2020,899769.2245,145650091,2020CZU LIGHTNING COMPLEX-,7.280553698
676.8905029,CZU LIGHTNING COMPLEX,2020,899769.2245,145650091,2020CZU LIGHTNING COMPLEX-,7.281096007
581.6025391,CZU LIGHTNING COMPLEX,2020,899769.2245,145650091,2020CZU LIGHTNING COMPLEX-,7.28563324
504.5660095,CZU LIGHTNING COMPLEX,2020,899769.2245,145650091,2020CZU LIGHTNING COMPLEX-,7.285697567
552.6588135,CZU LIGHTNING COMPLEX,2020,899769.2245,145650091,2020CZU LIGHTNING COMPLEX-,7.286461452
510.3701782,CZU LIGHTNING COMPLEX,2020,899769.2245,145650091,2020CZU LIGHTNING COMPLEX-,7.287782918
607.2848511,CZU LIGHTNING COMPLEX,2020,899769.2245,145650091,2020CZU LIGHTNING COMPLEX-,7.288827345
565.482666,CZU LIGHTNING COMPLEX,2020,899769.2245,145650091,2020CZU LIGHTNING COMPLEX-,7.289507613
688.8165283,CHETCO BAR,2017,28687.64862,6998551.507,2017CHETCO BAR-,7.290478712
553.2833252,CZU LIGHTNING COMPLEX,2020,899769.2245,145650091,2020CZU LIGHTNING COMPLEX-,7.290781224
583.0339355,CHETCO BAR,2017,28687.64862,6998551.507,2017CHETCO BAR-,7.291116394
667.5222778,CZU LIGHTNING COMPLEX,2020,899769.2245,145650091,2020CZU LIGHTNING COMPLEX-,7.291281099
649.0827026,CZU LIGHTNING COMPLEX,2020,899769.2245,145650091,2020CZU LIGHTNING COMPLEX-,7.292185734
623.6455078,CZU LIGHTNING COMPLEX,2020,899769.2245,145650091,2020CZU LIGHTNING COMPLEX-,7.293117576
629.6853638,CZU LIGHTNING COMPLEX,2020,899769.2245,145650091,2020CZU LIGHTNING COMPLEX-,7.294803815
429.5579834,CZU LIGHTNING COMPLEX,2020,899769.2245,145650091,2020CZU LIGHTNING COMPLEX-,7.295133482
703.2161255,CZU LIGHTNING COMPLEX,2020,899769.2245,145650091,2020CZU LIGHTNING COMPLEX-,7.296117719
610.0036621,CZU LIGHTNING COMPLEX,2020,899769.2245,145650091,2020CZU LIGHTNING COMPLEX-,7.297962748
719.9093628,MEYERS,2020,31666.98984,2323941.628,2020MEYERS-,7.298359435
723.6598511,CZU LIGHTNING COMPLEX,2020,899769.2245,145650091,2020CZU LIGHTNING COMPLEX-,7.299275418
541.2383423,CZU LIGHTNING COMPLEX,2020,899769.2245,145650091,2020CZU LIGHTNING COMPLEX-,7.299916798
539.4165039,CZU LIGHTNING COMPLEX,2020,899769.2245,145650091,2020CZU LIGHTNING COMPLEX-,7.300067444
727.664978,INDIAN,2008,17839.09215,4534864.183,2008INDIAN-,7.300204971
529.9667358,CZU LIGHTNING COMPLEX,2020,899769.2245,145650091,2020CZU LIGHTNING COMPLEX-,7.300252944
590.4044189,CZU LIGHTNING COMPLEX,2020,899769.2245,145650091,2020CZU LIGHTNING COMPLEX-,7.302855564
634.2531128,CZU LIGHTNING COMPLEX,2020,899769.2245,145650091,2020CZU LIGHTNING COMPLEX-,7.303907203
695.1289673,CZU LIGHTNING COMPLEX,2020,899769.2245,145650091,2020CZU LIGHTNING COMPLEX-,7.304017285
704.8659668,CHETCO BAR,2017,28687.64862,6998551.507,2017CHETCO BAR-,7.304065724
410.0788269,CZU LIGHTNING COMPLEX,2020,899769.2245,145650091,2020CZU LIGHTNING COMPLEX-,7.305458241
539.3111572,CZU LIGHTNING COMPLEX,2020,899769.2245,145650091,2020CZU LIGHTNING COMPLEX-,7.306421431
619.4755859,CZU LIGHTNING COMPLEX,2020,899769.2245,145650091,2020CZU LIGHTNING COMPLEX-,7.306745564
679.5938721,CZU LIGHTNING COMPLEX,2020,899769.2245,145650091,2020CZU LIGHTNING COMPLEX-,7.306873034
553.6905518,CZU LIGHTNING COMPLEX,2020,899769.2245,145650091,2020CZU LIGHTNING COMPLEX-,7.307952497
652.1504517,CZU LIGHTNING COMPLEX,2020,899769.2245,145650091,2020CZU LIGHTNING COMPLEX-,7.308015301
494.7669678,CZU LIGHTNING COMPLEX,2020,899769.2245,145650091,2020CZU LIGHTNING COMPLEX-,7.308627523
552.019104,CHETCO BAR,2017,28687.64862,6998551.507,2017CHETCO BAR-,7.309328925
669.2607422,CZU LIGHTNING COMPLEX,2020,899769.2245,145650091,2020CZU LIGHTNING COMPLEX-,7.3094579
813.427002,CZU LIGHTNING COMPLEX,2020,899769.2245,145650091,2020CZU LIGHTNING COMPLEX-,7.309790327
535.2249146,CZU LIGHTNING COMPLEX,2020,899769.2245,145650091,2020CZU LIGHTNING COMPLEX-,7.310271907
593.4995117,CZU LIGHTNING COMPLEX,2020,899769.2245,145650091,2020CZU LIGHTNING COMPLEX-,7.311921365
583.3585815,CZU LIGHTNING COMPLEX,2020,899769.2245,145650091,2020CZU LIGHTNING COMPLEX-,7.312059488
510.8406372,CZU LIGHTNING COMPLEX,2020,899769.2245,145650091,2020CZU LIGHTNING COMPLEX-,7.312074509
525.03125,CZU LIGHTNING COMPLEX,2020,899769.2245,145650091,2020CZU LIGHTNING COMPLEX-,7.312491588
549.6480713,CZU LIGHTNING COMPLEX,2020,899769.2245,145650091,2020CZU LIGHTNING COMPLEX-,7.312997705
637.4105835,CZU LIGHTNING COMPLEX,2020,899769.2245,145650091,2020CZU LIGHTNING COMPLEX-,7.313134063
745.9412842,CZU LIGHTNING COMPLEX,2020,899769.2245,145650091,2020CZU LIGHTNING COMPLEX-,7.313319006
767.831543,CZU LIGHTNING COMPLEX,2020,899769.2245,145650091,2020CZU LIGHTNING COMPLEX-,7.313407484
547.4673462,CZU LIGHTNING COMPLEX,2020,899769.2245,145650091,2020CZU LIGHTNING COMPLEX-,7.314126773
632.3887939,CZU LIGHTNING COMPLEX,2020,899769.2245,145650091,2020CZU LIGHTNING COMPLEX-,7.314251226
541.9346313,CZU LIGHTNING COMPLEX,2020,899769.2245,145650091,2020CZU LIGHTNING COMPLEX-,7.314545987
546.9627686,CZU LIGHTNING COMPLEX,2020,899769.2245,145650091,2020CZU LIGHTNING COMPLEX-,7.314848017
550.6350098,CZU LIGHTNING COMPLEX,2020,899769.2245,145650091,2020CZU LIGHTNING COMPLEX-,7.31599074
538.0289307,CZU LIGHTNING COMPLEX,2020,899769.2245,145650091,2020CZU LIGHTNING COMPLEX-,7.316107956
590.6288452,NUNS,2017,43127.60516,2287023.628,2017NUNS-,7.317244235
670.8031006,CZU LIGHTNING COMPLEX,2020,899769.2245,145650091,2020CZU LIGHTNING COMPLEX-,7.319176028
563.9968262,CZU LIGHTNING COMPLEX,2020,899769.2245,145650091,2020CZU LIGHTNING COMPLEX-,7.319594825
681.5296021,CANOE,2003,108316.1819,30613176.38,2003CANOE-,7.320776513
676.0928345,CZU LIGHTNING COMPLEX,2020,899769.2245,145650091,2020CZU LIGHTNING COMPLEX-,7.320806533
638.9569092,CZU LIGHTNING COMPLEX,2020,899769.2245,145650091,2020CZU LIGHTNING COMPLEX-,7.321248153
746.8814697,CZU LIGHTNING COMPLEX,2020,899769.2245,145650091,2020CZU LIGHTNING COMPLEX-,7.321254641
564.836792,CZU LIGHTNING COMPLEX,2020,899769.2245,145650091,2020CZU LIGHTNING COMPLEX-,7.321317297
495.4592896,CZU LIGHTNING COMPLEX,2020,899769.2245,145650091,2020CZU LIGHTNING COMPLEX-,7.321393726
629.2455444,CZU LIGHTNING COMPLEX,2020,899769.2245,145650091,2020CZU LIGHTNING COMPLEX-,7.32148137
660.7458496,CZU LIGHTNING COMPLEX,2020,899769.2245,145650091,2020CZU LIGHTNING COMPLEX-,7.321483294
584.7365723,CZU LIGHTNING COMPLEX,2020,899769.2245,145650091,2020CZU LIGHTNING COMPLEX-,7.321506536
541.1192017,CZU LIGHTNING COMPLEX,2020,899769.2245,145650091,2020CZU LIGHTNING COMPLEX-,7.321513091
666.6566772,CZU LIGHTNING COMPLEX,2020,899769.2245,145650091,2020CZU LIGHTNING COMPLEX-,7.321536698
549.0406494,CZU LIGHTNING COMPLEX,2020,899769.2245,145650091,2020CZU LIGHTNING COMPLEX-,7.321561839
687.2625122,CZU LIGHTNING COMPLEX,2020,899769.2245,145650091,2020CZU LIGHTNING COMPLEX-,7.321611844
651.3318481,CZU LIGHTNING COMPLEX,2020,899769.2245,145650091,2020CZU LIGHTNING COMPLEX-,7.3216156
662.9252319,CZU LIGHTNING COMPLEX,2020,899769.2245,145650091,2020CZU LIGHTNING COMPLEX-,7.321625567
665.4454346,CZU LIGHTNING COMPLEX,2020,899769.2245,145650091,2020CZU LIGHTNING COMPLEX-,7.321666002
645.0842285,CZU LIGHTNING COMPLEX,2020,899769.2245,145650091,2020CZU LIGHTNING COMPLEX-,7.321666732
529.6063232,CZU LIGHTNING COMPLEX,2020,899769.2245,145650091,2020CZU LIGHTNING COMPLEX-,7.321670224
542.6253662,CZU LIGHTNING COMPLEX,2020,899769.2245,145650091,2020CZU LIGHTNING COMPLEX-,7.321689904
606.4989624,CZU LIGHTNING COMPLEX,2020,899769.2245,145650091,2020CZU LIGHTNING COMPLEX-,7.32173932
660.7128296,CZU LIGHTNING COMPLEX,2020,899769.2245,145650091,2020CZU LIGHTNING COMPLEX-,7.321849301
598.5101929,CZU LIGHTNING COMPLEX,2020,899769.2245,145650091,2020CZU LIGHTNING COMPLEX-,7.321851618
655.7133179,CZU LIGHTNING COMPLEX,2020,899769.2245,145650091,2020CZU LIGHTNING COMPLEX-,7.321893333
685.005188,CZU LIGHTNING COMPLEX,2020,899769.2245,145650091,2020CZU LIGHTNING COMPLEX-,7.321916373
648.8221436,CZU LIGHTNING COMPLEX,2020,899769.2245,145650091,2020CZU LIGHTNING COMPLEX-,7.321968205
662.3594971,CZU LIGHTNING COMPLEX,2020,899769.2245,145650091,2020CZU LIGHTNING COMPLEX-,7.32196841
700.8596191,CZU LIGHTNING COMPLEX,2020,899769.2245,145650091,2020CZU LIGHTNING COMPLEX-,7.32196909
723.4382935,MEYERS,2020,31666.98984,2323941.628,2020MEYERS-,7.321973362
583.4984741,CZU LIGHTNING COMPLEX,2020,899769.2245,145650091,2020CZU LIGHTNING COMPLEX-,7.321984757
509.559082,CZU LIGHTNING COMPLEX,2020,899769.2245,145650091,2020CZU LIGHTNING COMPLEX-,7.32199074
522.3815308,CZU LIGHTNING COMPLEX,2020,899769.2245,145650091,2020CZU LIGHTNING COMPLEX-,7.322003104
474.733551,CZU LIGHTNING COMPLEX,2020,899769.2245,145650091,2020CZU LIGHTNING COMPLEX-,7.322009156
657.9467773,CZU LIGHTNING COMPLEX,2020,899769.2245,145650091,2020CZU LIGHTNING COMPLEX-,7.322012535
674.8845215,CZU LIGHTNING COMPLEX,2020,899769.2245,145650091,2020CZU LIGHTNING COMPLEX-,7.322027127
507.4705811,CZU LIGHTNING COMPLEX,2020,899769.2245,145650091,2020CZU LIGHTNING COMPLEX-,7.322039516
644.3475952,CZU LIGHTNING COMPLEX,2020,899769.2245,145650091,2020CZU LIGHTNING COMPLEX-,7.322043052
462.9273376,CZU LIGHTNING COMPLEX,2020,899769.2245,145650091,2020CZU LIGHTNING COMPLEX-,7.322051887
550.2684937,CZU LIGHTNING COMPLEX,2020,899769.2245,145650091,2020CZU LIGHTNING COMPLEX-,7.322052628
684.9907837,CZU LIGHTNING COMPLEX,2020,899769.2245,145650091,2020CZU LIGHTNING COMPLEX-,7.322071815
565.1228638,CZU LIGHTNING COMPLEX,2020,899769.2245,145650091,2020CZU LIGHTNING COMPLEX-,7.322078739
654.2248535,CZU LIGHTNING COMPLEX,2020,899769.2245,145650091,2020CZU LIGHTNING COMPLEX-,7.322088873
589.1174316,CZU LIGHTNING COMPLEX,2020,899769.2245,145650091,2020CZU LIGHTNING COMPLEX-,7.322097083
679.659729,CZU LIGHTNING COMPLEX,2020,899769.2245,145650091,2020CZU LIGHTNING COMPLEX-,7.322097597
651.8900146,CZU LIGHTNING COMPLEX,2020,899769.2245,145650091,2020CZU LIGHTNING COMPLEX-,7.322099865
667.1305542,CZU LIGHTNING COMPLEX,2020,899769.2245,145650091,2020CZU LIGHTNING COMPLEX-,7.322104548
558.8557129,CZU LIGHTNING COMPLEX,2020,899769.2245,145650091,2020CZU LIGHTNING COMPLEX-,7.322110133
535.3619385,CZU LIGHTNING COMPLEX,2020,899769.2245,145650091,2020CZU LIGHTNING COMPLEX-,7.322110207
692.2354736,CANOE,2003,108316.1819,30613176.38,2003CANOE-,7.322110237
698.079834,CANOE,2003,108316.1819,30613176.38,2003CANOE-,7.322110237
697.7434082,CANOE,2003,108316.1819,30613176.38,2003CANOE-,7.322110237
705.1338501,CANOE,2003,108316.1819,30613176.38,2003CANOE-,7.322110237
721.1738892,CANOE,2003,108316.1819,30613176.38,2003CANOE-,7.322110237
709.4234009,CANOE,2003,108316.1819,30613176.38,2003CANOE-,7.322110237
713.0499268,CANOE,2003,108316.1819,30613176.38,2003CANOE-,7.322110237
714.4776611,CANOE,2003,108316.1819,30613176.38,2003CANOE-,7.322110237
709.8565063,CANOE,2003,108316.1819,30613176.38,2003CANOE-,7.322110237
711.0324097,CANOE,2003,108316.1819,30613176.38,2003CANOE-,7.322110237
703.331543,CANOE,2003,108316.1819,30613176.38,2003CANOE-,7.322110237
711.342041,CANOE,2003,108316.1819,30613176.38,2003CANOE-,7.322110237
708.0754395,CANOE,2003,108316.1819,30613176.38,2003CANOE-,7.322110237
708.0264893,CANOE,2003,108316.1819,30613176.38,2003CANOE-,7.322110237
696.6994629,CANOE,2003,108316.1819,30613176.38,2003CANOE-,7.322110237
676.9697876,CANOE,2003,108316.1819,30613176.38,2003CANOE-,7.322110237
699.2528076,CANOE,2003,108316.1819,30613176.38,2003CANOE-,7.322110237
709.9257813,CANOE,2003,108316.1819,30613176.38,2003CANOE-,7.322110237
695.7900391,CANOE,2003,108316.1819,30613176.38,2003CANOE-,7.322110237
703.3496704,CANOE,2003,108316.1819,30613176.38,2003CANOE-,7.322110237
681.6369019,CANOE,2003,108316.1819,30613176.38,2003CANOE-,7.322110237
687.4552612,CANOE,2003,108316.1819,30613176.38,2003CANOE-,7.322110237
673.2450562,CANOE,2003,108316.1819,30613176.38,2003CANOE-,7.322110237
694.2754517,CANOE,2003,108316.1819,30613176.38,2003CANOE-,7.322110237
707.8236084,CANOE,2003,108316.1819,30613176.38,2003CANOE-,7.322110237
688.6625366,CANOE,2003,108316.1819,30613176.38,2003CANOE-,7.322110237
702.4620361,CANOE,2003,108316.1819,30613176.38,2003CANOE-,7.322110237
671.866272,CANOE,2003,108316.1819,30613176.38,2003CANOE-,7.322110237
679.7633057,CANOE,2003,108316.1819,30613176.38,2003CANOE-,7.322110237
686.9816895,CANOE,2003,108316.1819,30613176.38,2003CANOE-,7.322110237
697.6132813,CANOE,2003,108316.1819,30613176.38,2003CANOE-,7.322110237
688.2208862,CANOE,2003,108316.1819,30613176.38,2003CANOE-,7.322110237
686.6068726,CANOE,2003,108316.1819,30613176.38,2003CANOE-,7.322110237
675.4227905,CANOE,2003,108316.1819,30613176.38,2003CANOE-,7.322110237
683.8401489,CANOE,2003,108316.1819,30613176.38,2003CANOE-,7.322110237
686.0360718,CANOE,2003,108316.1819,30613176.38,2003CANOE-,7.322110237
684.692688,CANOE,2003,108316.1819,30613176.38,2003CANOE-,7.322110237
678.7466431,CANOE,2003,108316.1819,30613176.38,2003CANOE-,7.322110237
679.9932861,CANOE,2003,108316.1819,30613176.38,2003CANOE-,7.322110237
685.0521851,CANOE,2003,108316.1819,30613176.38,2003CANOE-,7.322110237
684.4959106,CANOE,2003,108316.1819,30613176.38,2003CANOE-,7.322110237
676.46698,CANOE,2003,108316.1819,30613176.38,2003CANOE-,7.322110237
674.6809692,CANOE,2003,108316.1819,30613176.38,2003CANOE-,7.322110237
678.2105713,CANOE,2003,108316.1819,30613176.38,2003CANOE-,7.322110237
679.0814209,CANOE,2003,108316.1819,30613176.38,2003CANOE-,7.322110237
664.1011353,CANOE,2003,108316.1819,30613176.38,2003CANOE-,7.322110237
670.3599854,CANOE,2003,108316.1819,30613176.38,2003CANOE-,7.322110237
673.1303101,CANOE,2003,108316.1819,30613176.38,2003CANOE-,7.322110237
657.3515625,CANOE,2003,108316.1819,30613176.38,2003CANOE-,7.322110237
666.2723389,CANOE,2003,108316.1819,30613176.38,2003CANOE-,7.322110237
670.7575073,CANOE,2003,108316.1819,30613176.38,2003CANOE-,7.322110237
684.9034424,CANOE,2003,108316.1819,30613176.38,2003CANOE-,7.322110237
659.5478516,CANOE,2003,108316.1819,30613176.38,2003CANOE-,7.322110237
663.1217041,CANOE,2003,108316.1819,30613176.38,2003CANOE-,7.322110237
673.9290771,CANOE,2003,108316.1819,30613176.38,2003CANOE-,7.322110237
692.1654663,CANOE,2003,108316.1819,30613176.38,2003CANOE-,7.322110237
671.1544189,CANOE,2003,108316.1819,30613176.38,2003CANOE-,7.322110237
667.2755737,CANOE,2003,108316.1819,30613176.38,2003CANOE-,7.322110237
667.0651855,CANOE,2003,108316.1819,30613176.38,2003CANOE-,7.322110237
676.8416138,CANOE,2003,108316.1819,30613176.38,2003CANOE-,7.322110237
693.6537476,CANOE,2003,108316.1819,30613176.38,2003CANOE-,7.322110237
666.8839722,CANOE,2003,108316.1819,30613176.38,2003CANOE-,7.322110237
675.1846313,CANOE,2003,108316.1819,30613176.38,2003CANOE-,7.322110237
674.3460083,CANOE,2003,108316.1819,30613176.38,2003CANOE-,7.322110237
684.9415283,CANOE,2003,108316.1819,30613176.38,2003CANOE-,7.322110237
692.8530273,CANOE,2003,108316.1819,30613176.38,2003CANOE-,7.322110237
682.0170898,CANOE,2003,108316.1819,30613176.38,2003CANOE-,7.322110237
689.793335,CANOE,2003,108316.1819,30613176.38,2003CANOE-,7.322110237
689.4608765,CANOE,2003,108316.1819,30613176.38,2003CANOE-,7.322110237
684.3250732,CANOE,2003,108316.1819,30613176.38,2003CANOE-,7.322110237
686.6167603,CANOE,2003,108316.1819,30613176.38,2003CANOE-,7.322110237
683.1171265,CANOE,2003,108316.1819,30613176.38,2003CANOE-,7.322110237
675.6790771,CANOE,2003,108316.1819,30613176.38,2003CANOE-,7.322110237
677.119751,CANOE,2003,108316.1819,30613176.38,2003CANOE-,7.322110237
672.9991455,CANOE,2003,108316.1819,30613176.38,2003CANOE-,7.322110237
682.0020142,CANOE,2003,108316.1819,30613176.38,2003CANOE-,7.322110237
672.3427734,CANOE,2003,108316.1819,30613176.38,2003CANOE-,7.322110237
683.3936768,CANOE,2003,108316.1819,30613176.38,2003CANOE-,7.322110237
668.4295654,CANOE,2003,108316.1819,30613176.38,2003CANOE-,7.322110237
678.3321533,CANOE,2003,108316.1819,30613176.38,2003CANOE-,7.322110237
664.1778564,CANOE,2003,108316.1819,30613176.38,2003CANOE-,7.322110237
677.310791,CANOE,2003,108316.1819,30613176.38,2003CANOE-,7.322110237
682.3364868,CANOE,2003,108316.1819,30613176.38,2003CANOE-,7.322110237
648.1586914,CHETCO BAR,2017,28687.64862,6998551.507,2017CHETCO BAR-,7.322110237
665.1060181,CHETCO BAR,2017,28687.64862,6998551.507,2017CHETCO BAR-,7.322110237
562.9226685,CHETCO BAR,2017,28687.64862,6998551.507,2017CHETCO BAR-,7.322110237
453.9787598,CHETCO BAR,2017,28687.64862,6998551.507,2017CHETCO BAR-,7.322110237
622.7186279,CHETCO BAR,2017,28687.64862,6998551.507,2017CHETCO BAR-,7.322110237
605.7201538,CHETCO BAR,2017,28687.64862,6998551.507,2017CHETCO BAR-,7.322110237
654.3023682,CHETCO BAR,2017,28687.64862,6998551.507,2017CHETCO BAR-,7.322110237
474.1665344,CHETCO BAR,2017,28687.64862,6998551.507,2017CHETCO BAR-,7.322110237
701.3834839,CHETCO BAR,2017,28687.64862,6998551.507,2017CHETCO BAR-,7.322110237
697.5514526,CHETCO BAR,2017,28687.64862,6998551.507,2017CHETCO BAR-,7.322110237
693.0533447,CHETCO BAR,2017,28687.64862,6998551.507,2017CHETCO BAR-,7.322110237
699.852478,CHETCO BAR,2017,28687.64862,6998551.507,2017CHETCO BAR-,7.322110237
702.3048706,CHETCO BAR,2017,28687.64862,6998551.507,2017CHETCO BAR-,7.322110237
707.9780884,CHETCO BAR,2017,28687.64862,6998551.507,2017CHETCO BAR-,7.322110237
693.1835327,CHETCO BAR,2017,28687.64862,6998551.507,2017CHETCO BAR-,7.322110237
700.0233765,CHETCO BAR,2017,28687.64862,6998551.507,2017CHETCO BAR-,7.322110237
651.2834473,CHETCO BAR,2017,28687.64862,6998551.507,2017CHETCO BAR-,7.322110237
705.7489624,CHETCO BAR,2017,28687.64862,6998551.507,2017CHETCO BAR-,7.322110237
618.6563721,CHETCO BAR,2017,28687.64862,6998551.507,2017CHETCO BAR-,7.322110237
592.5649414,CZU LIGHTNING COMPLEX,2020,899769.2245,145650091,2020CZU LIGHTNING COMPLEX-,7.322110237
614.2855835,CZU LIGHTNING COMPLEX,2020,899769.2245,145650091,2020CZU LIGHTNING COMPLEX-,7.322110237
596.5189819,CZU LIGHTNING COMPLEX,2020,899769.2245,145650091,2020CZU LIGHTNING COMPLEX-,7.322110237
632.0002441,CZU LIGHTNING COMPLEX,2020,899769.2245,145650091,2020CZU LIGHTNING COMPLEX-,7.322110237
605.1807861,CZU LIGHTNING COMPLEX,2020,899769.2245,145650091,2020CZU LIGHTNING COMPLEX-,7.322110237
614.1121826,CZU LIGHTNING COMPLEX,2020,899769.2245,145650091,2020CZU LIGHTNING COMPLEX-,7.322110237
589.9497681,CZU LIGHTNING COMPLEX,2020,899769.2245,145650091,2020CZU LIGHTNING COMPLEX-,7.322110237
628.5983887,CZU LIGHTNING COMPLEX,2020,899769.2245,145650091,2020CZU LIGHTNING COMPLEX-,7.322110237
589.2095947,CZU LIGHTNING COMPLEX,2020,899769.2245,145650091,2020CZU LIGHTNING COMPLEX-,7.322110237
642.2781982,CZU LIGHTNING COMPLEX,2020,899769.2245,145650091,2020CZU LIGHTNING COMPLEX-,7.322110237
605.0214233,CZU LIGHTNING COMPLEX,2020,899769.2245,145650091,2020CZU LIGHTNING COMPLEX-,7.322110237
598.4683838,CZU LIGHTNING COMPLEX,2020,899769.2245,145650091,2020CZU LIGHTNING COMPLEX-,7.322110237
586.3833618,CZU LIGHTNING COMPLEX,2020,899769.2245,145650091,2020CZU LIGHTNING COMPLEX-,7.322110237
608.581543,CZU LIGHTNING COMPLEX,2020,899769.2245,145650091,2020CZU LIGHTNING COMPLEX-,7.322110237
601.5586548,CZU LIGHTNING COMPLEX,2020,899769.2245,145650091,2020CZU LIGHTNING COMPLEX-,7.322110237
628.4838867,CZU LIGHTNING COMPLEX,2020,899769.2245,145650091,2020CZU LIGHTNING COMPLEX-,7.322110237
616.9849854,CZU LIGHTNING COMPLEX,2020,899769.2245,145650091,2020CZU LIGHTNING COMPLEX-,7.322110237
624.1897583,CZU LIGHTNING COMPLEX,2020,899769.2245,145650091,2020CZU LIGHTNING COMPLEX-,7.322110237
605.7780151,CZU LIGHTNING COMPLEX,2020,899769.2245,145650091,2020CZU LIGHTNING COMPLEX-,7.322110237
632.1940308,CZU LIGHTNING COMPLEX,2020,899769.2245,145650091,2020CZU LIGHTNING COMPLEX-,7.322110237
614.3655396,CZU LIGHTNING COMPLEX,2020,899769.2245,145650091,2020CZU LIGHTNING COMPLEX-,7.322110237
639.3688354,CZU LIGHTNING COMPLEX,2020,899769.2245,145650091,2020CZU LIGHTNING COMPLEX-,7.322110237
617.0658569,CZU LIGHTNING COMPLEX,2020,899769.2245,145650091,2020CZU LIGHTNING COMPLEX-,7.322110237
585.8374023,CZU LIGHTNING COMPLEX,2020,899769.2245,145650091,2020CZU LIGHTNING COMPLEX-,7.322110237
658.2400513,CZU LIGHTNING COMPLEX,2020,899769.2245,145650091,2020CZU LIGHTNING COMPLEX-,7.322110237
621.7390747,CZU LIGHTNING COMPLEX,2020,899769.2245,145650091,2020CZU LIGHTNING COMPLEX-,7.322110237
593.447998,CZU LIGHTNING COMPLEX,2020,899769.2245,145650091,2020CZU LIGHTNING COMPLEX-,7.322110237
579.7328491,CZU LIGHTNING COMPLEX,2020,899769.2245,145650091,2020CZU LIGHTNING COMPLEX-,7.322110237
640.2862549,CZU LIGHTNING COMPLEX,2020,899769.2245,145650091,2020CZU LIGHTNING COMPLEX-,7.322110237
608.0947876,CZU LIGHTNING COMPLEX,2020,899769.2245,145650091,2020CZU LIGHTNING COMPLEX-,7.322110237
585.0471802,CZU LIGHTNING COMPLEX,2020,899769.2245,145650091,2020CZU LIGHTNING COMPLEX-,7.322110237
716.2451172,CZU LIGHTNING COMPLEX,2020,899769.2245,145650091,2020CZU LIGHTNING COMPLEX-,7.322110237
696.9628296,CZU LIGHTNING COMPLEX,2020,899769.2245,145650091,2020CZU LIGHTNING COMPLEX-,7.322110237
653.6746826,CZU LIGHTNING COMPLEX,2020,899769.2245,145650091,2020CZU LIGHTNING COMPLEX-,7.322110237
611.8890991,CZU LIGHTNING COMPLEX,2020,899769.2245,145650091,2020CZU LIGHTNING COMPLEX-,7.322110237
596.6473389,CZU LIGHTNING COMPLEX,2020,899769.2245,145650091,2020CZU LIGHTNING COMPLEX-,7.322110237
653.8218384,CZU LIGHTNING COMPLEX,2020,899769.2245,145650091,2020CZU LIGHTNING COMPLEX-,7.322110237
650.1101685,CZU LIGHTNING COMPLEX,2020,899769.2245,145650091,2020CZU LIGHTNING COMPLEX-,7.322110237
614.166687,CZU LIGHTNING COMPLEX,2020,899769.2245,145650091,2020CZU LIGHTNING COMPLEX-,7.322110237
671.335083,CZU LIGHTNING COMPLEX,2020,899769.2245,145650091,2020CZU LIGHTNING COMPLEX-,7.322110237
662.5482178,CZU LIGHTNING COMPLEX,2020,899769.2245,145650091,2020CZU LIGHTNING COMPLEX-,7.322110237
643.4489746,CZU LIGHTNING COMPLEX,2020,899769.2245,145650091,2020CZU LIGHTNING COMPLEX-,7.322110237
692.3132935,CZU LIGHTNING COMPLEX,2020,899769.2245,145650091,2020CZU LIGHTNING COMPLEX-,7.322110237
654.7504272,CZU LIGHTNING COMPLEX,2020,899769.2245,145650091,2020CZU LIGHTNING COMPLEX-,7.322110237
650.2495728,CZU LIGHTNING COMPLEX,2020,899769.2245,145650091,2020CZU LIGHTNING COMPLEX-,7.322110237
707.1956177,CZU LIGHTNING COMPLEX,2020,899769.2245,145650091,2020CZU LIGHTNING COMPLEX-,7.322110237
653.6795044,CZU LIGHTNING COMPLEX,2020,899769.2245,145650091,2020CZU LIGHTNING COMPLEX-,7.322110237
690.2831421,CZU LIGHTNING COMPLEX,2020,899769.2245,145650091,2020CZU LIGHTNING COMPLEX-,7.322110237
725.9465942,CZU LIGHTNING COMPLEX,2020,899769.2245,145650091,2020CZU LIGHTNING COMPLEX-,7.322110237
734.374939,CZU LIGHTNING COMPLEX,2020,899769.2245,145650091,2020CZU LIGHTNING COMPLEX-,7.322110237
636.223999,CZU LIGHTNING COMPLEX,2020,899769.2245,145650091,2020CZU LIGHTNING COMPLEX-,7.322110237
657.119812,CZU LIGHTNING COMPLEX,2020,899769.2245,145650091,2020CZU LIGHTNING COMPLEX-,7.322110237
739.3236694,CZU LIGHTNING COMPLEX,2020,899769.2245,145650091,2020CZU LIGHTNING COMPLEX-,7.322110237
640.1897583,CZU LIGHTNING COMPLEX,2020,899769.2245,145650091,2020CZU LIGHTNING COMPLEX-,7.322110237
638.6959229,CZU LIGHTNING COMPLEX,2020,899769.2245,145650091,2020CZU LIGHTNING COMPLEX-,7.322110237
681.1974487,CZU LIGHTNING COMPLEX,2020,899769.2245,145650091,2020CZU LIGHTNING COMPLEX-,7.322110237
712.107605,CZU LIGHTNING COMPLEX,2020,899769.2245,145650091,2020CZU LIGHTNING COMPLEX-,7.322110237
646.9120483,CZU LIGHTNING COMPLEX,2020,899769.2245,145650091,2020CZU LIGHTNING COMPLEX-,7.322110237
643.8580933,CZU LIGHTNING COMPLEX,2020,899769.2245,145650091,2020CZU LIGHTNING COMPLEX-,7.322110237
620.1737671,CZU LIGHTNING COMPLEX,2020,899769.2245,145650091,2020CZU LIGHTNING COMPLEX-,7.322110237
644.3276367,CZU LIGHTNING COMPLEX,2020,899769.2245,145650091,2020CZU LIGHTNING COMPLEX-,7.322110237
643.9682617,CZU LIGHTNING COMPLEX,2020,899769.2245,145650091,2020CZU LIGHTNING COMPLEX-,7.322110237
714.2902222,CZU LIGHTNING COMPLEX,2020,899769.2245,145650091,2020CZU LIGHTNING COMPLEX-,7.322110237
634.4918823,CZU LIGHTNING COMPLEX,2020,899769.2245,145650091,2020CZU LIGHTNING COMPLEX-,7.322110237
661.1715698,CZU LIGHTNING COMPLEX,2020,899769.2245,145650091,2020CZU LIGHTNING COMPLEX-,7.322110237
683.6554565,CZU LIGHTNING COMPLEX,2020,899769.2245,145650091,2020CZU LIGHTNING COMPLEX-,7.322110237
563.8255005,CZU LIGHTNING COMPLEX,2020,899769.2245,145650091,2020CZU LIGHTNING COMPLEX-,7.322110237
670.9610596,CZU LIGHTNING COMPLEX,2020,899769.2245,145650091,2020CZU LIGHTNING COMPLEX-,7.322110237
671.6643677,CZU LIGHTNING COMPLEX,2020,899769.2245,145650091,2020CZU LIGHTNING COMPLEX-,7.322110237
533.7965088,CZU LIGHTNING COMPLEX,2020,899769.2245,145650091,2020CZU LIGHTNING COMPLEX-,7.322110237
519.194458,CZU LIGHTNING COMPLEX,2020,899769.2245,145650091,2020CZU LIGHTNING COMPLEX-,7.322110237
648.3639526,CZU LIGHTNING COMPLEX,2020,899769.2245,145650091,2020CZU LIGHTNING COMPLEX-,7.322110237
600.0543823,CZU LIGHTNING COMPLEX,2020,899769.2245,145650091,2020CZU LIGHTNING COMPLEX-,7.322110237
662.5986938,CZU LIGHTNING COMPLEX,2020,899769.2245,145650091,2020CZU LIGHTNING COMPLEX-,7.322110237
642.6780396,CZU LIGHTNING COMPLEX,2020,899769.2245,145650091,2020CZU LIGHTNING COMPLEX-,7.322110237
535.6609497,CZU LIGHTNING COMPLEX,2020,899769.2245,145650091,2020CZU LIGHTNING COMPLEX-,7.322110237
557.6275635,CZU LIGHTNING COMPLEX,2020,899769.2245,145650091,2020CZU LIGHTNING COMPLEX-,7.322110237
636.6378784,CZU LIGHTNING COMPLEX,2020,899769.2245,145650091,2020CZU LIGHTNING COMPLEX-,7.322110237
554.7055054,CZU LIGHTNING COMPLEX,2020,899769.2245,145650091,2020CZU LIGHTNING COMPLEX-,7.322110237
548.9448853,CZU LIGHTNING COMPLEX,2020,899769.2245,145650091,2020CZU LIGHTNING COMPLEX-,7.322110237
634.0140991,CZU LIGHTNING COMPLEX,2020,899769.2245,145650091,2020CZU LIGHTNING COMPLEX-,7.322110237
540.208313,CZU LIGHTNING COMPLEX,2020,899769.2245,145650091,2020CZU LIGHTNING COMPLEX-,7.322110237
555.3675537,CZU LIGHTNING COMPLEX,2020,899769.2245,145650091,2020CZU LIGHTNING COMPLEX-,7.322110237
538.0270386,CZU LIGHTNING COMPLEX,2020,899769.2245,145650091,2020CZU LIGHTNING COMPLEX-,7.322110237
679.3057251,CZU LIGHTNING COMPLEX,2020,899769.2245,145650091,2020CZU LIGHTNING COMPLEX-,7.322110237
632.7950439,CZU LIGHTNING COMPLEX,2020,899769.2245,145650091,2020CZU LIGHTNING COMPLEX-,7.322110237
547.9072266,CZU LIGHTNING COMPLEX,2020,899769.2245,145650091,2020CZU LIGHTNING COMPLEX-,7.322110237
545.3829346,CZU LIGHTNING COMPLEX,2020,899769.2245,145650091,2020CZU LIGHTNING COMPLEX-,7.322110237
560.5338745,CZU LIGHTNING COMPLEX,2020,899769.2245,145650091,2020CZU LIGHTNING COMPLEX-,7.322110237
685.0272827,CZU LIGHTNING COMPLEX,2020,899769.2245,145650091,2020CZU LIGHTNING COMPLEX-,7.322110237
674.5751343,CZU LIGHTNING COMPLEX,2020,899769.2245,145650091,2020CZU LIGHTNING COMPLEX-,7.322110237
576.2261353,CZU LIGHTNING COMPLEX,2020,899769.2245,145650091,2020CZU LIGHTNING COMPLEX-,7.322110237
539.5050659,CZU LIGHTNING COMPLEX,2020,899769.2245,145650091,2020CZU LIGHTNING COMPLEX-,7.322110237
589.9608765,CZU LIGHTNING COMPLEX,2020,899769.2245,145650091,2020CZU LIGHTNING COMPLEX-,7.322110237
672.9943237,CZU LIGHTNING COMPLEX,2020,899769.2245,145650091,2020CZU LIGHTNING COMPLEX-,7.322110237
661.102478,CZU LIGHTNING COMPLEX,2020,899769.2245,145650091,2020CZU LIGHTNING COMPLEX-,7.322110237
588.449707,CZU LIGHTNING COMPLEX,2020,899769.2245,145650091,2020CZU LIGHTNING COMPLEX-,7.322110237
685.46521,CZU LIGHTNING COMPLEX,2020,899769.2245,145650091,2020CZU LIGHTNING COMPLEX-,7.322110237
678.2406616,CZU LIGHTNING COMPLEX,2020,899769.2245,145650091,2020CZU LIGHTNING COMPLEX-,7.322110237
670.4987183,CZU LIGHTNING COMPLEX,2020,899769.2245,145650091,2020CZU LIGHTNING COMPLEX-,7.322110237
539.4042969,CZU LIGHTNING COMPLEX,2020,899769.2245,145650091,2020CZU LIGHTNING COMPLEX-,7.322110237
491.5110474,CZU LIGHTNING COMPLEX,2020,899769.2245,145650091,2020CZU LIGHTNING COMPLEX-,7.322110237
684.3877563,CZU LIGHTNING COMPLEX,2020,899769.2245,145650091,2020CZU LIGHTNING COMPLEX-,7.322110237
657.6170654,CZU LIGHTNING COMPLEX,2020,899769.2245,145650091,2020CZU LIGHTNING COMPLEX-,7.322110237
670.5111694,CZU LIGHTNING COMPLEX,2020,899769.2245,145650091,2020CZU LIGHTNING COMPLEX-,7.322110237
595.9176025,CZU LIGHTNING COMPLEX,2020,899769.2245,145650091,2020CZU LIGHTNING COMPLEX-,7.322110237
522.8727417,CZU LIGHTNING COMPLEX,2020,899769.2245,145650091,2020CZU LIGHTNING COMPLEX-,7.322110237
687.0285645,CZU LIGHTNING COMPLEX,2020,899769.2245,145650091,2020CZU LIGHTNING COMPLEX-,7.322110237
691.2410889,CZU LIGHTNING COMPLEX,2020,899769.2245,145650091,2020CZU LIGHTNING COMPLEX-,7.322110237
569.8627319,CZU LIGHTNING COMPLEX,2020,899769.2245,145650091,2020CZU LIGHTNING COMPLEX-,7.322110237
657.30896,CZU LIGHTNING COMPLEX,2020,899769.2245,145650091,2020CZU LIGHTNING COMPLEX-,7.322110237
616.6598511,CZU LIGHTNING COMPLEX,2020,899769.2245,145650091,2020CZU LIGHTNING COMPLEX-,7.322110237
648.1993408,CZU LIGHTNING COMPLEX,2020,899769.2245,145650091,2020CZU LIGHTNING COMPLEX-,7.322110237
697.4957275,CZU LIGHTNING COMPLEX,2020,899769.2245,145650091,2020CZU LIGHTNING COMPLEX-,7.322110237
687.3890381,CZU LIGHTNING COMPLEX,2020,899769.2245,145650091,2020CZU LIGHTNING COMPLEX-,7.322110237
695.0341797,CZU LIGHTNING COMPLEX,2020,899769.2245,145650091,2020CZU LIGHTNING COMPLEX-,7.322110237
592.8391113,CZU LIGHTNING COMPLEX,2020,899769.2245,145650091,2020CZU LIGHTNING COMPLEX-,7.322110237
545.4134521,CZU LIGHTNING COMPLEX,2020,899769.2245,145650091,2020CZU LIGHTNING COMPLEX-,7.322110237
639.4730835,CZU LIGHTNING COMPLEX,2020,899769.2245,145650091,2020CZU LIGHTNING COMPLEX-,7.322110237
591.4019165,CZU LIGHTNING COMPLEX,2020,899769.2245,145650091,2020CZU LIGHTNING COMPLEX-,7.322110237
698.9282227,CZU LIGHTNING COMPLEX,2020,899769.2245,145650091,2020CZU LIGHTNING COMPLEX-,7.322110237
697.1375732,CZU LIGHTNING COMPLEX,2020,899769.2245,145650091,2020CZU LIGHTNING COMPLEX-,7.322110237
692.7196655,CZU LIGHTNING COMPLEX,2020,899769.2245,145650091,2020CZU LIGHTNING COMPLEX-,7.322110237
565.3423462,CZU LIGHTNING COMPLEX,2020,899769.2245,145650091,2020CZU LIGHTNING COMPLEX-,7.322110237
635.7711182,CZU LIGHTNING COMPLEX,2020,899769.2245,145650091,2020CZU LIGHTNING COMPLEX-,7.322110237
694.9376831,CZU LIGHTNING COMPLEX,2020,899769.2245,145650091,2020CZU LIGHTNING COMPLEX-,7.322110237
693.7165527,CZU LIGHTNING COMPLEX,2020,899769.2245,145650091,2020CZU LIGHTNING COMPLEX-,7.322110237
661.1274414,CZU LIGHTNING COMPLEX,2020,899769.2245,145650091,2020CZU LIGHTNING COMPLEX-,7.322110237
685.9782715,CZU LIGHTNING COMPLEX,2020,899769.2245,145650091,2020CZU LIGHTNING COMPLEX-,7.322110237
701.8640137,CZU LIGHTNING COMPLEX,2020,899769.2245,145650091,2020CZU LIGHTNING COMPLEX-,7.322110237
754.1427002,CZU LIGHTNING COMPLEX,2020,899769.2245,145650091,2020CZU LIGHTNING COMPLEX-,7.322110237
582.2703857,CZU LIGHTNING COMPLEX,2020,899769.2245,145650091,2020CZU LIGHTNING COMPLEX-,7.322110237
681.9478149,CZU LIGHTNING COMPLEX,2020,899769.2245,145650091,2020CZU LIGHTNING COMPLEX-,7.322110237
678.8111572,CZU LIGHTNING COMPLEX,2020,899769.2245,145650091,2020CZU LIGHTNING COMPLEX-,7.322110237
652.7068481,CZU LIGHTNING COMPLEX,2020,899769.2245,145650091,2020CZU LIGHTNING COMPLEX-,7.322110237
616.4051514,CZU LIGHTNING COMPLEX,2020,899769.2245,145650091,2020CZU LIGHTNING COMPLEX-,7.322110237
706.427063,CZU LIGHTNING COMPLEX,2020,899769.2245,145650091,2020CZU LIGHTNING COMPLEX-,7.322110237
629.5032959,CZU LIGHTNING COMPLEX,2020,899769.2245,145650091,2020CZU LIGHTNING COMPLEX-,7.322110237
652.1300659,CZU LIGHTNING COMPLEX,2020,899769.2245,145650091,2020CZU LIGHTNING COMPLEX-,7.322110237
695.5118408,CZU LIGHTNING COMPLEX,2020,899769.2245,145650091,2020CZU LIGHTNING COMPLEX-,7.322110237
621.8688354,CZU LIGHTNING COMPLEX,2020,899769.2245,145650091,2020CZU LIGHTNING COMPLEX-,7.322110237
686.9869385,CZU LIGHTNING COMPLEX,2020,899769.2245,145650091,2020CZU LIGHTNING COMPLEX-,7.322110237
652.4727783,CZU LIGHTNING COMPLEX,2020,899769.2245,145650091,2020CZU LIGHTNING COMPLEX-,7.322110237
651.2703857,CZU LIGHTNING COMPLEX,2020,899769.2245,145650091,2020CZU LIGHTNING COMPLEX-,7.322110237
710.0407715,CZU LIGHTNING COMPLEX,2020,899769.2245,145650091,2020CZU LIGHTNING COMPLEX-,7.322110237
532.8261719,CZU LIGHTNING COMPLEX,2020,899769.2245,145650091,2020CZU LIGHTNING COMPLEX-,7.322110237
598.8325195,CZU LIGHTNING COMPLEX,2020,899769.2245,145650091,2020CZU LIGHTNING COMPLEX-,7.322110237
609.7769775,CZU LIGHTNING COMPLEX,2020,899769.2245,145650091,2020CZU LIGHTNING COMPLEX-,7.322110237
570.302124,CZU LIGHTNING COMPLEX,2020,899769.2245,145650091,2020CZU LIGHTNING COMPLEX-,7.322110237
662.767334,CZU LIGHTNING COMPLEX,2020,899769.2245,145650091,2020CZU LIGHTNING COMPLEX-,7.322110237
608.0635986,CZU LIGHTNING COMPLEX,2020,899769.2245,145650091,2020CZU LIGHTNING COMPLEX-,7.322110237
676.8457642,CZU LIGHTNING COMPLEX,2020,899769.2245,145650091,2020CZU LIGHTNING COMPLEX-,7.322110237
690.984314,CZU LIGHTNING COMPLEX,2020,899769.2245,145650091,2020CZU LIGHTNING COMPLEX-,7.322110237
530.5412598,CZU LIGHTNING COMPLEX,2020,899769.2245,145650091,2020CZU LIGHTNING COMPLEX-,7.322110237
581.2379761,CZU LIGHTNING COMPLEX,2020,899769.2245,145650091,2020CZU LIGHTNING COMPLEX-,7.322110237
655.19104,CZU LIGHTNING COMPLEX,2020,899769.2245,145650091,2020CZU LIGHTNING COMPLEX-,7.322110237
623.3913574,CZU LIGHTNING COMPLEX,2020,899769.2245,145650091,2020CZU LIGHTNING COMPLEX-,7.322110237
509.014679,CZU LIGHTNING COMPLEX,2020,899769.2245,145650091,2020CZU LIGHTNING COMPLEX-,7.322110237
575.6751099,CZU LIGHTNING COMPLEX,2020,899769.2245,145650091,2020CZU LIGHTNING COMPLEX-,7.322110237
632.5484009,CZU LIGHTNING COMPLEX,2020,899769.2245,145650091,2020CZU LIGHTNING COMPLEX-,7.322110237
643.5585327,CZU LIGHTNING COMPLEX,2020,899769.2245,145650091,2020CZU LIGHTNING COMPLEX-,7.322110237
574.5184326,CZU LIGHTNING COMPLEX,2020,899769.2245,145650091,2020CZU LIGHTNING COMPLEX-,7.322110237
512.2476196,CZU LIGHTNING COMPLEX,2020,899769.2245,145650091,2020CZU LIGHTNING COMPLEX-,7.322110237
585.234436,CZU LIGHTNING COMPLEX,2020,899769.2245,145650091,2020CZU LIGHTNING COMPLEX-,7.322110237
572.6704102,CZU LIGHTNING COMPLEX,2020,899769.2245,145650091,2020CZU LIGHTNING COMPLEX-,7.322110237
512.9559326,CZU LIGHTNING COMPLEX,2020,899769.2245,145650091,2020CZU LIGHTNING COMPLEX-,7.322110237
674.8434448,CZU LIGHTNING COMPLEX,2020,899769.2245,145650091,2020CZU LIGHTNING COMPLEX-,7.322110237
511.5050354,CZU LIGHTNING COMPLEX,2020,899769.2245,145650091,2020CZU LIGHTNING COMPLEX-,7.322110237
559.0126953,CZU LIGHTNING COMPLEX,2020,899769.2245,145650091,2020CZU LIGHTNING COMPLEX-,7.322110237
643.0471191,CZU LIGHTNING COMPLEX,2020,899769.2245,145650091,2020CZU LIGHTNING COMPLEX-,7.322110237
601.3730469,CZU LIGHTNING COMPLEX,2020,899769.2245,145650091,2020CZU LIGHTNING COMPLEX-,7.322110237
476.3969116,CZU LIGHTNING COMPLEX,2020,899769.2245,145650091,2020CZU LIGHTNING COMPLEX-,7.322110237
398.2287598,CZU LIGHTNING COMPLEX,2020,899769.2245,145650091,2020CZU LIGHTNING COMPLEX-,7.322110237
646.1589966,CZU LIGHTNING COMPLEX,2020,899769.2245,145650091,2020CZU LIGHTNING COMPLEX-,7.322110237
589.3796387,CZU LIGHTNING COMPLEX,2020,899769.2245,145650091,2020CZU LIGHTNING COMPLEX-,7.322110237
625.8045044,CZU LIGHTNING COMPLEX,2020,899769.2245,145650091,2020CZU LIGHTNING COMPLEX-,7.322110237
441.9796753,CZU LIGHTNING COMPLEX,2020,899769.2245,145650091,2020CZU LIGHTNING COMPLEX-,7.322110237
629.5162354,CZU LIGHTNING COMPLEX,2020,899769.2245,145650091,2020CZU LIGHTNING COMPLEX-,7.322110237
630.5994263,CZU LIGHTNING COMPLEX,2020,899769.2245,145650091,2020CZU LIGHTNING COMPLEX-,7.322110237
655.6796265,CZU LIGHTNING COMPLEX,2020,899769.2245,145650091,2020CZU LIGHTNING COMPLEX-,7.322110237
560.0474243,CZU LIGHTNING COMPLEX,2020,899769.2245,145650091,2020CZU LIGHTNING COMPLEX-,7.322110237
538.3037109,CZU LIGHTNING COMPLEX,2020,899769.2245,145650091,2020CZU LIGHTNING COMPLEX-,7.322110237
534.6099854,CZU LIGHTNING COMPLEX,2020,899769.2245,145650091,2020CZU LIGHTNING COMPLEX-,7.322110237
537.1831055,CZU LIGHTNING COMPLEX,2020,899769.2245,145650091,2020CZU LIGHTNING COMPLEX-,7.322110237
547.8352051,CZU LIGHTNING COMPLEX,2020,899769.2245,145650091,2020CZU LIGHTNING COMPLEX-,7.322110237
539.6974487,CZU LIGHTNING COMPLEX,2020,899769.2245,145650091,2020CZU LIGHTNING COMPLEX-,7.322110237
613.94104,CZU LIGHTNING COMPLEX,2020,899769.2245,145650091,2020CZU LIGHTNING COMPLEX-,7.322110237
547.0818481,CZU LIGHTNING COMPLEX,2020,899769.2245,145650091,2020CZU LIGHTNING COMPLEX-,7.322110237
538.2669067,CZU LIGHTNING COMPLEX,2020,899769.2245,145650091,2020CZU LIGHTNING COMPLEX-,7.322110237
582.4880371,CZU LIGHTNING COMPLEX,2020,899769.2245,145650091,2020CZU LIGHTNING COMPLEX-,7.322110237
544.204834,CZU LIGHTNING COMPLEX,2020,899769.2245,145650091,2020CZU LIGHTNING COMPLEX-,7.322110237
536.2370605,CZU LIGHTNING COMPLEX,2020,899769.2245,145650091,2020CZU LIGHTNING COMPLEX-,7.322110237
541.3399658,CZU LIGHTNING COMPLEX,2020,899769.2245,145650091,2020CZU LIGHTNING COMPLEX-,7.322110237
587.7839966,CZU LIGHTNING COMPLEX,2020,899769.2245,145650091,2020CZU LIGHTNING COMPLEX-,7.322110237
516.6641235,CZU LIGHTNING COMPLEX,2020,899769.2245,145650091,2020CZU LIGHTNING COMPLEX-,7.322110237
534.69104,CZU LIGHTNING COMPLEX,2020,899769.2245,145650091,2020CZU LIGHTNING COMPLEX-,7.322110237
545.6380615,CZU LIGHTNING COMPLEX,2020,899769.2245,145650091,2020CZU LIGHTNING COMPLEX-,7.322110237
519.7542725,CZU LIGHTNING COMPLEX,2020,899769.2245,145650091,2020CZU LIGHTNING COMPLEX-,7.322110237
550.7246094,CZU LIGHTNING COMPLEX,2020,899769.2245,145650091,2020CZU LIGHTNING COMPLEX-,7.322110237
524.1555176,CZU LIGHTNING COMPLEX,2020,899769.2245,145650091,2020CZU LIGHTNING COMPLEX-,7.322110237
547.6307983,CZU LIGHTNING COMPLEX,2020,899769.2245,145650091,2020CZU LIGHTNING COMPLEX-,7.322110237
538.5582275,CZU LIGHTNING COMPLEX,2020,899769.2245,145650091,2020CZU LIGHTNING COMPLEX-,7.322110237
529.80896,CZU LIGHTNING COMPLEX,2020,899769.2245,145650091,2020CZU LIGHTNING COMPLEX-,7.322110237
535.913269,CZU LIGHTNING COMPLEX,2020,899769.2245,145650091,2020CZU LIGHTNING COMPLEX-,7.322110237
534.2029419,CZU LIGHTNING COMPLEX,2020,899769.2245,145650091,2020CZU LIGHTNING COMPLEX-,7.322110237
526.8860474,CZU LIGHTNING COMPLEX,2020,899769.2245,145650091,2020CZU LIGHTNING COMPLEX-,7.322110237
532.7194214,CZU LIGHTNING COMPLEX,2020,899769.2245,145650091,2020CZU LIGHTNING COMPLEX-,7.322110237
536.9816895,CZU LIGHTNING COMPLEX,2020,899769.2245,145650091,2020CZU LIGHTNING COMPLEX-,7.322110237
539.9649048,CZU LIGHTNING COMPLEX,2020,899769.2245,145650091,2020CZU LIGHTNING COMPLEX-,7.322110237
505.6594543,CZU LIGHTNING COMPLEX,2020,899769.2245,145650091,2020CZU LIGHTNING COMPLEX-,7.322110237
541.4209595,CZU LIGHTNING COMPLEX,2020,899769.2245,145650091,2020CZU LIGHTNING COMPLEX-,7.322110237
536.0372314,CZU LIGHTNING COMPLEX,2020,899769.2245,145650091,2020CZU LIGHTNING COMPLEX-,7.322110237
548.5911865,CZU LIGHTNING COMPLEX,2020,899769.2245,145650091,2020CZU LIGHTNING COMPLEX-,7.322110237
539.5286865,CZU LIGHTNING COMPLEX,2020,899769.2245,145650091,2020CZU LIGHTNING COMPLEX-,7.322110237
554.8179932,CZU LIGHTNING COMPLEX,2020,899769.2245,145650091,2020CZU LIGHTNING COMPLEX-,7.322110237
647.6775513,CZU LIGHTNING COMPLEX,2020,899769.2245,145650091,2020CZU LIGHTNING COMPLEX-,7.322110237
589.9249268,CZU LIGHTNING COMPLEX,2020,899769.2245,145650091,2020CZU LIGHTNING COMPLEX-,7.322110237
550.1809082,CZU LIGHTNING COMPLEX,2020,899769.2245,145650091,2020CZU LIGHTNING COMPLEX-,7.322110237
563.8311157,CZU LIGHTNING COMPLEX,2020,899769.2245,145650091,2020CZU LIGHTNING COMPLEX-,7.322110237
662.4379883,CZU LIGHTNING COMPLEX,2020,899769.2245,145650091,2020CZU LIGHTNING COMPLEX-,7.322110237
502.0139771,CZU LIGHTNING COMPLEX,2020,899769.2245,145650091,2020CZU LIGHTNING COMPLEX-,7.322110237
602.8373413,CZU LIGHTNING COMPLEX,2020,899769.2245,145650091,2020CZU LIGHTNING COMPLEX-,7.322110237
501.9795837,CZU LIGHTNING COMPLEX,2020,899769.2245,145650091,2020CZU LIGHTNING COMPLEX-,7.322110237
660.8029785,CZU LIGHTNING COMPLEX,2020,899769.2245,145650091,2020CZU LIGHTNING COMPLEX-,7.322110237
700.9072266,CZU LIGHTNING COMPLEX,2020,899769.2245,145650091,2020CZU LIGHTNING COMPLEX-,7.322110237
550.7466431,CZU LIGHTNING COMPLEX,2020,899769.2245,145650091,2020CZU LIGHTNING COMPLEX-,7.322110237
646.4573364,CZU LIGHTNING COMPLEX,2020,899769.2245,145650091,2020CZU LIGHTNING COMPLEX-,7.322110237
546.8826904,CZU LIGHTNING COMPLEX,2020,899769.2245,145650091,2020CZU LIGHTNING COMPLEX-,7.322110237
682.1060181,CZU LIGHTNING COMPLEX,2020,899769.2245,145650091,2020CZU LIGHTNING COMPLEX-,7.322110237
668.0780029,CZU LIGHTNING COMPLEX,2020,899769.2245,145650091,2020CZU LIGHTNING COMPLEX-,7.322110237
694.7218018,CZU LIGHTNING COMPLEX,2020,899769.2245,145650091,2020CZU LIGHTNING COMPLEX-,7.322110237
696.1672363,CZU LIGHTNING COMPLEX,2020,899769.2245,145650091,2020CZU LIGHTNING COMPLEX-,7.322110237
614.4217529,CZU LIGHTNING COMPLEX,2020,899769.2245,145650091,2020CZU LIGHTNING COMPLEX-,7.322110237
711.6821899,CZU LIGHTNING COMPLEX,2020,899769.2245,145650091,2020CZU LIGHTNING COMPLEX-,7.322110237
610.1535645,CZU LIGHTNING COMPLEX,2020,899769.2245,145650091,2020CZU LIGHTNING COMPLEX-,7.322110237
722.8631592,CZU LIGHTNING COMPLEX,2020,899769.2245,145650091,2020CZU LIGHTNING COMPLEX-,7.322110237
654.7698975,CZU LIGHTNING COMPLEX,2020,899769.2245,145650091,2020CZU LIGHTNING COMPLEX-,7.322110237
697.6992798,CZU LIGHTNING COMPLEX,2020,899769.2245,145650091,2020CZU LIGHTNING COMPLEX-,7.322110237
557.7739868,CZU LIGHTNING COMPLEX,2020,899769.2245,145650091,2020CZU LIGHTNING COMPLEX-,7.322110237
493.5339661,CZU LIGHTNING COMPLEX,2020,899769.2245,145650091,2020CZU LIGHTNING COMPLEX-,7.322110237
635.3744507,CZU LIGHTNING COMPLEX,2020,899769.2245,145650091,2020CZU LIGHTNING COMPLEX-,7.322110237
682.9777832,CZU LIGHTNING COMPLEX,2020,899769.2245,145650091,2020CZU LIGHTNING COMPLEX-,7.322110237
611.0239258,CZU LIGHTNING COMPLEX,2020,899769.2245,145650091,2020CZU LIGHTNING COMPLEX-,7.322110237
663.4789429,CZU LIGHTNING COMPLEX,2020,899769.2245,145650091,2020CZU LIGHTNING COMPLEX-,7.322110237
558.579834,CZU LIGHTNING COMPLEX,2020,899769.2245,145650091,2020CZU LIGHTNING COMPLEX-,7.322110237
620.8660278,CZU LIGHTNING COMPLEX,2020,899769.2245,145650091,2020CZU LIGHTNING COMPLEX-,7.322110237
598.9361572,CZU LIGHTNING COMPLEX,2020,899769.2245,145650091,2020CZU LIGHTNING COMPLEX-,7.322110237
720.7142334,CZU LIGHTNING COMPLEX,2020,899769.2245,145650091,2020CZU LIGHTNING COMPLEX-,7.322110237
570.6494141,CZU LIGHTNING COMPLEX,2020,899769.2245,145650091,2020CZU LIGHTNING COMPLEX-,7.322110237
554.1762695,CZU LIGHTNING COMPLEX,2020,899769.2245,145650091,2020CZU LIGHTNING COMPLEX-,7.322110237
539.7331543,CZU LIGHTNING COMPLEX,2020,899769.2245,145650091,2020CZU LIGHTNING COMPLEX-,7.322110237
728.0223999,CZU LIGHTNING COMPLEX,2020,899769.2245,145650091,2020CZU LIGHTNING COMPLEX-,7.322110237
564.4581299,CZU LIGHTNING COMPLEX,2020,899769.2245,145650091,2020CZU LIGHTNING COMPLEX-,7.322110237
563.2155151,CZU LIGHTNING COMPLEX,2020,899769.2245,145650091,2020CZU LIGHTNING COMPLEX-,7.322110237
566.2183228,CZU LIGHTNING COMPLEX,2020,899769.2245,145650091,2020CZU LIGHTNING COMPLEX-,7.322110237
731.8946533,CZU LIGHTNING COMPLEX,2020,899769.2245,145650091,2020CZU LIGHTNING COMPLEX-,7.322110237
567.1673584,CZU LIGHTNING COMPLEX,2020,899769.2245,145650091,2020CZU LIGHTNING COMPLEX-,7.322110237
555.2017212,CZU LIGHTNING COMPLEX,2020,899769.2245,145650091,2020CZU LIGHTNING COMPLEX-,7.322110237
735.7266235,CZU LIGHTNING COMPLEX,2020,899769.2245,145650091,2020CZU LIGHTNING COMPLEX-,7.322110237
597.9384766,CZU LIGHTNING COMPLEX,2020,899769.2245,145650091,2020CZU LIGHTNING COMPLEX-,7.322110237
542.3322754,CZU LIGHTNING COMPLEX,2020,899769.2245,145650091,2020CZU LIGHTNING COMPLEX-,7.322110237
716.4631348,CZU LIGHTNING COMPLEX,2020,899769.2245,145650091,2020CZU LIGHTNING COMPLEX-,7.322110237
541.2565308,CZU LIGHTNING COMPLEX,2020,899769.2245,145650091,2020CZU LIGHTNING COMPLEX-,7.322110237
610.3599854,CZU LIGHTNING COMPLEX,2020,899769.2245,145650091,2020CZU LIGHTNING COMPLEX-,7.322110237
719.7259521,CZU LIGHTNING COMPLEX,2020,899769.2245,145650091,2020CZU LIGHTNING COMPLEX-,7.322110237
664.6919556,CZU LIGHTNING COMPLEX,2020,899769.2245,145650091,2020CZU LIGHTNING COMPLEX-,7.322110237
710.739624,CZU LIGHTNING COMPLEX,2020,899769.2245,145650091,2020CZU LIGHTNING COMPLEX-,7.322110237
534.5825195,CZU LIGHTNING COMPLEX,2020,899769.2245,145650091,2020CZU LIGHTNING COMPLEX-,7.322110237
673.546936,CZU LIGHTNING COMPLEX,2020,899769.2245,145650091,2020CZU LIGHTNING COMPLEX-,7.322110237
640.9907837,CZU LIGHTNING COMPLEX,2020,899769.2245,145650091,2020CZU LIGHTNING COMPLEX-,7.322110237
611.1095581,CZU LIGHTNING COMPLEX,2020,899769.2245,145650091,2020CZU LIGHTNING COMPLEX-,7.322110237
529.5838623,CZU LIGHTNING COMPLEX,2020,899769.2245,145650091,2020CZU LIGHTNING COMPLEX-,7.322110237
637.0287476,CZU LIGHTNING COMPLEX,2020,899769.2245,145650091,2020CZU LIGHTNING COMPLEX-,7.322110237
743.1755371,INDIAN,2008,17839.09215,4534864.183,2008INDIAN-,7.322110237
743.4923706,INDIAN,2008,17839.09215,4534864.183,2008INDIAN-,7.322110237
742.3708496,INDIAN,2008,17839.09215,4534864.183,2008INDIAN-,7.322110237
756.1830444,INDIAN,2008,17839.09215,4534864.183,2008INDIAN-,7.322110237
743.5696411,INDIAN,2008,17839.09215,4534864.183,2008INDIAN-,7.322110237
748.6994629,INDIAN,2008,17839.09215,4534864.183,2008INDIAN-,7.322110237
742.2144775,INDIAN,2008,17839.09215,4534864.183,2008INDIAN-,7.322110237
738.1973877,INDIAN,2008,17839.09215,4534864.183,2008INDIAN-,7.322110237
742.1714478,MEYERS,2020,31666.98984,2323941.628,2020MEYERS-,7.322110237
718.1495361,NAVARRO,2008,11911.63913,1762893.727,2008NAVARRO-,7.322110237
717.1685791,NAVARRO,2008,11911.63913,1762893.727,2008NAVARRO-,7.322110237
717.0047607,NAVARRO,2008,11911.63913,1762893.727,2008NAVARRO-,7.322110237
734.4440308,WALBRIDGE,2020,34685.12321,1970691.702,2020WALBRIDGE-,7.322110237
688.0341797,CANOE,2003,108316.1819,30613176.38,2003CANOE-,7.322110237
687.5939331,CANOE,2003,108316.1819,30613176.38,2003CANOE-,7.322110237
685.0872192,CANOE,2003,108316.1819,30613176.38,2003CANOE-,7.322110237
689.0027466,CANOE,2003,108316.1819,30613176.38,2003CANOE-,7.322110237
694.2947998,CANOE,2003,108316.1819,30613176.38,2003CANOE-,7.322110237
694.680481,CANOE,2003,108316.1819,30613176.38,2003CANOE-,7.322110237
693.0203247,CANOE,2003,108316.1819,30613176.38,2003CANOE-,7.322110237
704.5055542,CANOE,2003,108316.1819,30613176.38,2003CANOE-,7.322110237
701.932312,CANOE,2003,108316.1819,30613176.38,2003CANOE-,7.322110237
701.2871704,CANOE,2003,108316.1819,30613176.38,2003CANOE-,7.322110237
700.8307495,CANOE,2003,108316.1819,30613176.38,2003CANOE-,7.322110237
702.2641602,CANOE,2003,108316.1819,30613176.38,2003CANOE-,7.322110237
705.8536987,CANOE,2003,108316.1819,30613176.38,2003CANOE-,7.322110237
707.3990479,CANOE,2003,108316.1819,30613176.38,2003CANOE-,7.322110237
702.1985474,CANOE,2003,108316.1819,30613176.38,2003CANOE-,7.322110237
704.4165039,CANOE,2003,108316.1819,30613176.38,2003CANOE-,7.322110237
711.421936,CANOE,2003,108316.1819,30613176.38,2003CANOE-,7.322110237
713.7330322,CANOE,2003,108316.1819,30613176.38,2003CANOE-,7.322110237
707.2014771,CANOE,2003,108316.1819,30613176.38,2003CANOE-,7.322110237
697.1065063,CANOE,2003,108316.1819,30613176.38,2003CANOE-,7.322110237
712.3914795,CANOE,2003,108316.1819,30613176.38,2003CANOE-,7.322110237
714.65802,CANOE,2003,108316.1819,30613176.38,2003CANOE-,7.322110237
714.5046387,CANOE,2003,108316.1819,30613176.38,2003CANOE-,7.322110237
709.4568481,CANOE,2003,108316.1819,30613176.38,2003CANOE-,7.322110237
710.6578979,CANOE,2003,108316.1819,30613176.38,2003CANOE-,7.322110237
709.0338135,CANOE,2003,108316.1819,30613176.38,2003CANOE-,7.322110237
715.0498657,CANOE,2003,108316.1819,30613176.38,2003CANOE-,7.322110237
717.0248413,CANOE,2003,108316.1819,30613176.38,2003CANOE-,7.322110237
712.2642212,CANOE,2003,108316.1819,30613176.38,2003CANOE-,7.322110237
713.2349243,CANOE,2003,108316.1819,30613176.38,2003CANOE-,7.322110237
710.3462524,CANOE,2003,108316.1819,30613176.38,2003CANOE-,7.322110237
709.020752,CANOE,2003,108316.1819,30613176.38,2003CANOE-,7.322110237
710.8905029,CANOE,2003,108316.1819,30613176.38,2003CANOE-,7.322110237
711.1375122,CANOE,2003,108316.1819,30613176.38,2003CANOE-,7.322110237
716.1102905,CANOE,2003,108316.1819,30613176.38,2003CANOE-,7.322110237
711.9890137,CANOE,2003,108316.1819,30613176.38,2003CANOE-,7.322110237
694.5928345,CANOE,2003,108316.1819,30613176.38,2003CANOE-,7.322110237
699.3781738,CANOE,2003,108316.1819,30613176.38,2003CANOE-,7.322110237
708.8665161,CANOE,2003,108316.1819,30613176.38,2003CANOE-,7.322110237
707.12854,CANOE,2003,108316.1819,30613176.38,2003CANOE-,7.322110237
709.2138062,CANOE,2003,108316.1819,30613176.38,2003CANOE-,7.322110237
708.0149536,CANOE,2003,108316.1819,30613176.38,2003CANOE-,7.322110237
704.5720215,CANOE,2003,108316.1819,30613176.38,2003CANOE-,7.322110237
704.3448486,CANOE,2003,108316.1819,30613176.38,2003CANOE-,7.322110237
707.8779297,CANOE,2003,108316.1819,30613176.38,2003CANOE-,7.322110237
708.0020752,CANOE,2003,108316.1819,30613176.38,2003CANOE-,7.322110237
709.2888184,CANOE,2003,108316.1819,30613176.38,2003CANOE-,7.322110237
704.7176514,CANOE,2003,108316.1819,30613176.38,2003CANOE-,7.322110237
696.0076294,CANOE,2003,108316.1819,30613176.38,2003CANOE-,7.322110237
695.5287476,CANOE,2003,108316.1819,30613176.38,2003CANOE-,7.322110237
679.1246338,CANOE,2003,108316.1819,30613176.38,2003CANOE-,7.322110237
691.1656494,CANOE,2003,108316.1819,30613176.38,2003CANOE-,7.322110237
703.5062256,CANOE,2003,108316.1819,30613176.38,2003CANOE-,7.322110237
705.7412109,CANOE,2003,108316.1819,30613176.38,2003CANOE-,7.322110237
707.4901123,CANOE,2003,108316.1819,30613176.38,2003CANOE-,7.322110237
705.2445068,CANOE,2003,108316.1819,30613176.38,2003CANOE-,7.322110237
704.6226807,CANOE,2003,108316.1819,30613176.38,2003CANOE-,7.322110237
693.3800659,CANOE,2003,108316.1819,30613176.38,2003CANOE-,7.322110237
699.8375244,CANOE,2003,108316.1819,30613176.38,2003CANOE-,7.322110237
703.5668945,CANOE,2003,108316.1819,30613176.38,2003CANOE-,7.322110237
699.4475098,CANOE,2003,108316.1819,30613176.38,2003CANOE-,7.322110237
687.1496582,CANOE,2003,108316.1819,30613176.38,2003CANOE-,7.322110237
685.1075439,CANOE,2003,108316.1819,30613176.38,2003CANOE-,7.322110237
688.5332642,CANOE,2003,108316.1819,30613176.38,2003CANOE-,7.322110237
676.0879517,CANOE,2003,108316.1819,30613176.38,2003CANOE-,7.322110237
685.4070435,CANOE,2003,108316.1819,30613176.38,2003CANOE-,7.322110237
699.1513672,CANOE,2003,108316.1819,30613176.38,2003CANOE-,7.322110237
702.7199707,CANOE,2003,108316.1819,30613176.38,2003CANOE-,7.322110237
704.699585,CANOE,2003,108316.1819,30613176.38,2003CANOE-,7.322110237
693.7572021,CANOE,2003,108316.1819,30613176.38,2003CANOE-,7.322110237
686.3384399,CANOE,2003,108316.1819,30613176.38,2003CANOE-,7.322110237
684.3192749,CANOE,2003,108316.1819,30613176.38,2003CANOE-,7.322110237
694.2567749,CANOE,2003,108316.1819,30613176.38,2003CANOE-,7.322110237
703.2838745,CANOE,2003,108316.1819,30613176.38,2003CANOE-,7.322110237
689.9271851,CANOE,2003,108316.1819,30613176.38,2003CANOE-,7.322110237
678.8704224,CANOE,2003,108316.1819,30613176.38,2003CANOE-,7.322110237
675.8375244,CANOE,2003,108316.1819,30613176.38,2003CANOE-,7.322110237
681.2719116,CANOE,2003,108316.1819,30613176.38,2003CANOE-,7.322110237
677.1430664,CANOE,2003,108316.1819,30613176.38,2003CANOE-,7.322110237
681.659668,CANOE,2003,108316.1819,30613176.38,2003CANOE-,7.322110237
690.9937134,CANOE,2003,108316.1819,30613176.38,2003CANOE-,7.322110237
693.1544189,CANOE,2003,108316.1819,30613176.38,2003CANOE-,7.322110237
696.1702271,CANOE,2003,108316.1819,30613176.38,2003CANOE-,7.322110237
679.9804077,CANOE,2003,108316.1819,30613176.38,2003CANOE-,7.322110237
683.2227173,CANOE,2003,108316.1819,30613176.38,2003CANOE-,7.322110237
686.347229,CANOE,2003,108316.1819,30613176.38,2003CANOE-,7.322110237
685.9332886,CANOE,2003,108316.1819,30613176.38,2003CANOE-,7.322110237
679.6859131,CANOE,2003,108316.1819,30613176.38,2003CANOE-,7.322110237
674.8234253,CANOE,2003,108316.1819,30613176.38,2003CANOE-,7.322110237
678.8306885,CANOE,2003,108316.1819,30613176.38,2003CANOE-,7.322110237
683.2584229,CANOE,2003,108316.1819,30613176.38,2003CANOE-,7.322110237
676.3840942,CANOE,2003,108316.1819,30613176.38,2003CANOE-,7.322110237
685.7468872,CANOE,2003,108316.1819,30613176.38,2003CANOE-,7.322110237
683.2667236,CANOE,2003,108316.1819,30613176.38,2003CANOE-,7.322110237
688.3615723,CANOE,2003,108316.1819,30613176.38,2003CANOE-,7.322110237
672.487915,CANOE,2003,108316.1819,30613176.38,2003CANOE-,7.322110237
676.550354,CANOE,2003,108316.1819,30613176.38,2003CANOE-,7.322110237
681.2201538,CANOE,2003,108316.1819,30613176.38,2003CANOE-,7.322110237
679.8137207,CANOE,2003,108316.1819,30613176.38,2003CANOE-,7.322110237
679.2419434,CANOE,2003,108316.1819,30613176.38,2003CANOE-,7.322110237
676.7189941,CANOE,2003,108316.1819,30613176.38,2003CANOE-,7.322110237
677.4458618,CANOE,2003,108316.1819,30613176.38,2003CANOE-,7.322110237
683.4043579,CANOE,2003,108316.1819,30613176.38,2003CANOE-,7.322110237
685.7888184,CANOE,2003,108316.1819,30613176.38,2003CANOE-,7.322110237
681.0982056,CANOE,2003,108316.1819,30613176.38,2003CANOE-,7.322110237
676.7866821,CANOE,2003,108316.1819,30613176.38,2003CANOE-,7.322110237
684.3186646,CANOE,2003,108316.1819,30613176.38,2003CANOE-,7.322110237
664.8085938,CANOE,2003,108316.1819,30613176.38,2003CANOE-,7.322110237
668.3554688,CANOE,2003,108316.1819,30613176.38,2003CANOE-,7.322110237
674.1716309,CANOE,2003,108316.1819,30613176.38,2003CANOE-,7.322110237
670.4883423,CANOE,2003,108316.1819,30613176.38,2003CANOE-,7.322110237
670.7642212,CANOE,2003,108316.1819,30613176.38,2003CANOE-,7.322110237
674.7883911,CANOE,2003,108316.1819,30613176.38,2003CANOE-,7.322110237
674.399231,CANOE,2003,108316.1819,30613176.38,2003CANOE-,7.322110237
682.7927856,CANOE,2003,108316.1819,30613176.38,2003CANOE-,7.322110237
684.1205444,CANOE,2003,108316.1819,30613176.38,2003CANOE-,7.322110237
674.7521362,CANOE,2003,108316.1819,30613176.38,2003CANOE-,7.322110237
675.8168335,CANOE,2003,108316.1819,30613176.38,2003CANOE-,7.322110237
671.4575195,CANOE,2003,108316.1819,30613176.38,2003CANOE-,7.322110237
659.40979,CANOE,2003,108316.1819,30613176.38,2003CANOE-,7.322110237
660.730957,CANOE,2003,108316.1819,30613176.38,2003CANOE-,7.322110237
665.5727539,CANOE,2003,108316.1819,30613176.38,2003CANOE-,7.322110237
662.340271,CANOE,2003,108316.1819,30613176.38,2003CANOE-,7.322110237
666.0764771,CANOE,2003,108316.1819,30613176.38,2003CANOE-,7.322110237
669.1130981,CANOE,2003,108316.1819,30613176.38,2003CANOE-,7.322110237
665.9649048,CANOE,2003,108316.1819,30613176.38,2003CANOE-,7.322110237
679.7960815,CANOE,2003,108316.1819,30613176.38,2003CANOE-,7.322110237
681.104248,CANOE,2003,108316.1819,30613176.38,2003CANOE-,7.322110237
658.4734497,CANOE,2003,108316.1819,30613176.38,2003CANOE-,7.322110237
657.0953979,CANOE,2003,108316.1819,30613176.38,2003CANOE-,7.322110237
663.2792969,CANOE,2003,108316.1819,30613176.38,2003CANOE-,7.322110237
663.6191406,CANOE,2003,108316.1819,30613176.38,2003CANOE-,7.322110237
662.4493408,CANOE,2003,108316.1819,30613176.38,2003CANOE-,7.322110237
678.789978,CANOE,2003,108316.1819,30613176.38,2003CANOE-,7.322110237
685.2730713,CANOE,2003,108316.1819,30613176.38,2003CANOE-,7.322110237
660.619751,CANOE,2003,108316.1819,30613176.38,2003CANOE-,7.322110237
656.2331543,CANOE,2003,108316.1819,30613176.38,2003CANOE-,7.322110237
659.1228027,CANOE,2003,108316.1819,30613176.38,2003CANOE-,7.322110237
665.3100586,CANOE,2003,108316.1819,30613176.38,2003CANOE-,7.322110237
668.7531738,CANOE,2003,108316.1819,30613176.38,2003CANOE-,7.322110237
681.3404541,CANOE,2003,108316.1819,30613176.38,2003CANOE-,7.322110237
688.2969971,CANOE,2003,108316.1819,30613176.38,2003CANOE-,7.322110237
662.3962402,CANOE,2003,108316.1819,30613176.38,2003CANOE-,7.322110237
662.5566406,CANOE,2003,108316.1819,30613176.38,2003CANOE-,7.322110237
672.3046875,CANOE,2003,108316.1819,30613176.38,2003CANOE-,7.322110237
676.3383789,CANOE,2003,108316.1819,30613176.38,2003CANOE-,7.322110237
682.772522,CANOE,2003,108316.1819,30613176.38,2003CANOE-,7.322110237
689.6463623,CANOE,2003,108316.1819,30613176.38,2003CANOE-,7.322110237
693.6332397,CANOE,2003,108316.1819,30613176.38,2003CANOE-,7.322110237
671.3638916,CANOE,2003,108316.1819,30613176.38,2003CANOE-,7.322110237
674.6583252,CANOE,2003,108316.1819,30613176.38,2003CANOE-,7.322110237
671.2695923,CANOE,2003,108316.1819,30613176.38,2003CANOE-,7.322110237
673.5281372,CANOE,2003,108316.1819,30613176.38,2003CANOE-,7.322110237
670.8955688,CANOE,2003,108316.1819,30613176.38,2003CANOE-,7.322110237
670.7172852,CANOE,2003,108316.1819,30613176.38,2003CANOE-,7.322110237
681.4382935,CANOE,2003,108316.1819,30613176.38,2003CANOE-,7.322110237
684.3539429,CANOE,2003,108316.1819,30613176.38,2003CANOE-,7.322110237
687.0267944,CANOE,2003,108316.1819,30613176.38,2003CANOE-,7.322110237
690.5760498,CANOE,2003,108316.1819,30613176.38,2003CANOE-,7.322110237
694.7330322,CANOE,2003,108316.1819,30613176.38,2003CANOE-,7.322110237
673.3925781,CANOE,2003,108316.1819,30613176.38,2003CANOE-,7.322110237
678.9866333,CANOE,2003,108316.1819,30613176.38,2003CANOE-,7.322110237
679.7147217,CANOE,2003,108316.1819,30613176.38,2003CANOE-,7.322110237
687.512207,CANOE,2003,108316.1819,30613176.38,2003CANOE-,7.322110237
687.6356812,CANOE,2003,108316.1819,30613176.38,2003CANOE-,7.322110237
689.1653442,CANOE,2003,108316.1819,30613176.38,2003CANOE-,7.322110237
686.4224243,CANOE,2003,108316.1819,30613176.38,2003CANOE-,7.322110237
693.5281982,CANOE,2003,108316.1819,30613176.38,2003CANOE-,7.322110237
683.1087036,CANOE,2003,108316.1819,30613176.38,2003CANOE-,7.322110237
683.3179321,CANOE,2003,108316.1819,30613176.38,2003CANOE-,7.322110237
681.6699219,CANOE,2003,108316.1819,30613176.38,2003CANOE-,7.322110237
675.829834,CANOE,2003,108316.1819,30613176.38,2003CANOE-,7.322110237
691.3859253,CANOE,2003,108316.1819,30613176.38,2003CANOE-,7.322110237
675.6085205,CANOE,2003,108316.1819,30613176.38,2003CANOE-,7.322110237
675.8484497,CANOE,2003,108316.1819,30613176.38,2003CANOE-,7.322110237
672.149292,CANOE,2003,108316.1819,30613176.38,2003CANOE-,7.322110237
672.4787598,CANOE,2003,108316.1819,30613176.38,2003CANOE-,7.322110237
685.8422241,CANOE,2003,108316.1819,30613176.38,2003CANOE-,7.322110237
692.6228638,CANOE,2003,108316.1819,30613176.38,2003CANOE-,7.322110237
666.7299805,CANOE,2003,108316.1819,30613176.38,2003CANOE-,7.322110237
669.8209229,CANOE,2003,108316.1819,30613176.38,2003CANOE-,7.322110237
675.8228149,CANOE,2003,108316.1819,30613176.38,2003CANOE-,7.322110237
680.4631958,CANOE,2003,108316.1819,30613176.38,2003CANOE-,7.322110237
688.5164795,CANOE,2003,108316.1819,30613176.38,2003CANOE-,7.322110237
695.6793213,CANOE,2003,108316.1819,30613176.38,2003CANOE-,7.322110237
653.9400024,CANOE,2003,108316.1819,30613176.38,2003CANOE-,7.322110237
667.7852173,CANOE,2003,108316.1819,30613176.38,2003CANOE-,7.322110237
679.0772705,CANOE,2003,108316.1819,30613176.38,2003CANOE-,7.322110237
682.5654907,CANOE,2003,108316.1819,30613176.38,2003CANOE-,7.322110237
689.543335,CANOE,2003,108316.1819,30613176.38,2003CANOE-,7.322110237
695.5640259,CANOE,2003,108316.1819,30613176.38,2003CANOE-,7.322110237
669.3074341,CANOE,2003,108316.1819,30613176.38,2003CANOE-,7.322110237
667.7412109,CANOE,2003,108316.1819,30613176.38,2003CANOE-,7.322110237
670.6107788,CANOE,2003,108316.1819,30613176.38,2003CANOE-,7.322110237
686.8666992,CANOE,2003,108316.1819,30613176.38,2003CANOE-,7.322110237
690.9924316,CANOE,2003,108316.1819,30613176.38,2003CANOE-,7.322110237
666.0604858,CANOE,2003,108316.1819,30613176.38,2003CANOE-,7.322110237
667.8317871,CANOE,2003,108316.1819,30613176.38,2003CANOE-,7.322110237
669.8877563,CANOE,2003,108316.1819,30613176.38,2003CANOE-,7.322110237
684.2133179,CANOE,2003,108316.1819,30613176.38,2003CANOE-,7.322110237
685.0560913,CANOE,2003,108316.1819,30613176.38,2003CANOE-,7.322110237
684.2712402,CANOE,2003,108316.1819,30613176.38,2003CANOE-,7.322110237
689.3944092,CANOE,2003,108316.1819,30613176.38,2003CANOE-,7.322110237
691.3019409,CANOE,2003,108316.1819,30613176.38,2003CANOE-,7.322110237
522.3577881,CHETCO BAR,2017,28687.64862,6998551.507,2017CHETCO BAR-,7.322110237
724.7421265,CHETCO BAR,2017,28687.64862,6998551.507,2017CHETCO BAR-,7.322110237
518.947998,CHETCO BAR,2017,28687.64862,6998551.507,2017CHETCO BAR-,7.322110237
604.0996094,CHETCO BAR,2017,28687.64862,6998551.507,2017CHETCO BAR-,7.322110237
674.0292358,CHETCO BAR,2017,28687.64862,6998551.507,2017CHETCO BAR-,7.322110237
605.6779785,CHETCO BAR,2017,28687.64862,6998551.507,2017CHETCO BAR-,7.322110237
650.118042,CHETCO BAR,2017,28687.64862,6998551.507,2017CHETCO BAR-,7.322110237
707.552124,CHETCO BAR,2017,28687.64862,6998551.507,2017CHETCO BAR-,7.322110237
371.90979,CHETCO BAR,2017,28687.64862,6998551.507,2017CHETCO BAR-,7.322110237
582.6707153,CHETCO BAR,2017,28687.64862,6998551.507,2017CHETCO BAR-,7.322110237
690.0407104,CHETCO BAR,2017,28687.64862,6998551.507,2017CHETCO BAR-,7.322110237
671.2791748,CHETCO BAR,2017,28687.64862,6998551.507,2017CHETCO BAR-,7.322110237
698.0053101,CHETCO BAR,2017,28687.64862,6998551.507,2017CHETCO BAR-,7.322110237
699.1350708,CHETCO BAR,2017,28687.64862,6998551.507,2017CHETCO BAR-,7.322110237
543.6790771,CHETCO BAR,2017,28687.64862,6998551.507,2017CHETCO BAR-,7.322110237
708.2197876,CHETCO BAR,2017,28687.64862,6998551.507,2017CHETCO BAR-,7.322110237
709.7084351,CHETCO BAR,2017,28687.64862,6998551.507,2017CHETCO BAR-,7.322110237
594.899231,CHETCO BAR,2017,28687.64862,6998551.507,2017CHETCO BAR-,7.322110237
668.9536743,CHETCO BAR,2017,28687.64862,6998551.507,2017CHETCO BAR-,7.322110237
702.3634033,CHETCO BAR,2017,28687.64862,6998551.507,2017CHETCO BAR-,7.322110237
700.4344482,CHETCO BAR,2017,28687.64862,6998551.507,2017CHETCO BAR-,7.322110237
700.5374756,CHETCO BAR,2017,28687.64862,6998551.507,2017CHETCO BAR-,7.322110237
696.0164795,CHETCO BAR,2017,28687.64862,6998551.507,2017CHETCO BAR-,7.322110237
700.3654785,CHETCO BAR,2017,28687.64862,6998551.507,2017CHETCO BAR-,7.322110237
702.269165,CHETCO BAR,2017,28687.64862,6998551.507,2017CHETCO BAR-,7.322110237
698.78125,CHETCO BAR,2017,28687.64862,6998551.507,2017CHETCO BAR-,7.322110237
703.7675171,CHETCO BAR,2017,28687.64862,6998551.507,2017CHETCO BAR-,7.322110237
699.8973999,CHETCO BAR,2017,28687.64862,6998551.507,2017CHETCO BAR-,7.322110237
693.7180176,CHETCO BAR,2017,28687.64862,6998551.507,2017CHETCO BAR-,7.322110237
694.9125366,CHETCO BAR,2017,28687.64862,6998551.507,2017CHETCO BAR-,7.322110237
697.3446045,CHETCO BAR,2017,28687.64862,6998551.507,2017CHETCO BAR-,7.322110237
585.7817383,CHETCO BAR,2017,28687.64862,6998551.507,2017CHETCO BAR-,7.322110237
663.4703369,CHETCO BAR,2017,28687.64862,6998551.507,2017CHETCO BAR-,7.322110237
705.8450317,CHETCO BAR,2017,28687.64862,6998551.507,2017CHETCO BAR-,7.322110237
447.8558044,CHETCO BAR,2017,28687.64862,6998551.507,2017CHETCO BAR-,7.322110237
574.7425537,CZU LIGHTNING COMPLEX,2020,899769.2245,145650091,2020CZU LIGHTNING COMPLEX-,7.322110237
597.210022,CZU LIGHTNING COMPLEX,2020,899769.2245,145650091,2020CZU LIGHTNING COMPLEX-,7.322110237
594.0541992,CZU LIGHTNING COMPLEX,2020,899769.2245,145650091,2020CZU LIGHTNING COMPLEX-,7.322110237
628.4111328,CZU LIGHTNING COMPLEX,2020,899769.2245,145650091,2020CZU LIGHTNING COMPLEX-,7.322110237
621.9377441,CZU LIGHTNING COMPLEX,2020,899769.2245,145650091,2020CZU LIGHTNING COMPLEX-,7.322110237
609.564209,CZU LIGHTNING COMPLEX,2020,899769.2245,145650091,2020CZU LIGHTNING COMPLEX-,7.322110237
600.1166382,CZU LIGHTNING COMPLEX,2020,899769.2245,145650091,2020CZU LIGHTNING COMPLEX-,7.322110237
641.5424805,CZU LIGHTNING COMPLEX,2020,899769.2245,145650091,2020CZU LIGHTNING COMPLEX-,7.322110237
625.9249878,CZU LIGHTNING COMPLEX,2020,899769.2245,145650091,2020CZU LIGHTNING COMPLEX-,7.322110237
615.0736084,CZU LIGHTNING COMPLEX,2020,899769.2245,145650091,2020CZU LIGHTNING COMPLEX-,7.322110237
606.8718872,CZU LIGHTNING COMPLEX,2020,899769.2245,145650091,2020CZU LIGHTNING COMPLEX-,7.322110237
651.9486694,CZU LIGHTNING COMPLEX,2020,899769.2245,145650091,2020CZU LIGHTNING COMPLEX-,7.322110237
638.147644,CZU LIGHTNING COMPLEX,2020,899769.2245,145650091,2020CZU LIGHTNING COMPLEX-,7.322110237
624.2127075,CZU LIGHTNING COMPLEX,2020,899769.2245,145650091,2020CZU LIGHTNING COMPLEX-,7.322110237
606.5962524,CZU LIGHTNING COMPLEX,2020,899769.2245,145650091,2020CZU LIGHTNING COMPLEX-,7.322110237
580.5842896,CZU LIGHTNING COMPLEX,2020,899769.2245,145650091,2020CZU LIGHTNING COMPLEX-,7.322110237
634.8303833,CZU LIGHTNING COMPLEX,2020,899769.2245,145650091,2020CZU LIGHTNING COMPLEX-,7.322110237
621.7827148,CZU LIGHTNING COMPLEX,2020,899769.2245,145650091,2020CZU LIGHTNING COMPLEX-,7.322110237
591.09729,CZU LIGHTNING COMPLEX,2020,899769.2245,145650091,2020CZU LIGHTNING COMPLEX-,7.322110237
589.5062256,CZU LIGHTNING COMPLEX,2020,899769.2245,145650091,2020CZU LIGHTNING COMPLEX-,7.322110237
669.9557495,CZU LIGHTNING COMPLEX,2020,899769.2245,145650091,2020CZU LIGHTNING COMPLEX-,7.322110237
642.9558716,CZU LIGHTNING COMPLEX,2020,899769.2245,145650091,2020CZU LIGHTNING COMPLEX-,7.322110237
625.4061279,CZU LIGHTNING COMPLEX,2020,899769.2245,145650091,2020CZU LIGHTNING COMPLEX-,7.322110237
586.9798584,CZU LIGHTNING COMPLEX,2020,899769.2245,145650091,2020CZU LIGHTNING COMPLEX-,7.322110237
589.6192017,CZU LIGHTNING COMPLEX,2020,899769.2245,145650091,2020CZU LIGHTNING COMPLEX-,7.322110237
582.7540283,CZU LIGHTNING COMPLEX,2020,899769.2245,145650091,2020CZU LIGHTNING COMPLEX-,7.322110237
622.15271,CZU LIGHTNING COMPLEX,2020,899769.2245,145650091,2020CZU LIGHTNING COMPLEX-,7.322110237
629.4290771,CZU LIGHTNING COMPLEX,2020,899769.2245,145650091,2020CZU LIGHTNING COMPLEX-,7.322110237
600.1699829,CZU LIGHTNING COMPLEX,2020,899769.2245,145650091,2020CZU LIGHTNING COMPLEX-,7.322110237
604.6017456,CZU LIGHTNING COMPLEX,2020,899769.2245,145650091,2020CZU LIGHTNING COMPLEX-,7.322110237
593.3944092,CZU LIGHTNING COMPLEX,2020,899769.2245,145650091,2020CZU LIGHTNING COMPLEX-,7.322110237
624.4908447,CZU LIGHTNING COMPLEX,2020,899769.2245,145650091,2020CZU LIGHTNING COMPLEX-,7.322110237
598.9346924,CZU LIGHTNING COMPLEX,2020,899769.2245,145650091,2020CZU LIGHTNING COMPLEX-,7.322110237
588.5285034,CZU LIGHTNING COMPLEX,2020,899769.2245,145650091,2020CZU LIGHTNING COMPLEX-,7.322110237
607.5656738,CZU LIGHTNING COMPLEX,2020,899769.2245,145650091,2020CZU LIGHTNING COMPLEX-,7.322110237
603.7508545,CZU LIGHTNING COMPLEX,2020,899769.2245,145650091,2020CZU LIGHTNING COMPLEX-,7.322110237
647.2871094,CZU LIGHTNING COMPLEX,2020,899769.2245,145650091,2020CZU LIGHTNING COMPLEX-,7.322110237
618.293335,CZU LIGHTNING COMPLEX,2020,899769.2245,145650091,2020CZU LIGHTNING COMPLEX-,7.322110237
613.6943359,CZU LIGHTNING COMPLEX,2020,899769.2245,145650091,2020CZU LIGHTNING COMPLEX-,7.322110237
600.5149536,CZU LIGHTNING COMPLEX,2020,899769.2245,145650091,2020CZU LIGHTNING COMPLEX-,7.322110237
649.8369751,CZU LIGHTNING COMPLEX,2020,899769.2245,145650091,2020CZU LIGHTNING COMPLEX-,7.322110237
625.8706055,CZU LIGHTNING COMPLEX,2020,899769.2245,145650091,2020CZU LIGHTNING COMPLEX-,7.322110237
617.3358154,CZU LIGHTNING COMPLEX,2020,899769.2245,145650091,2020CZU LIGHTNING COMPLEX-,7.322110237
603.8948975,CZU LIGHTNING COMPLEX,2020,899769.2245,145650091,2020CZU LIGHTNING COMPLEX-,7.322110237
586.0371094,CZU LIGHTNING COMPLEX,2020,899769.2245,145650091,2020CZU LIGHTNING COMPLEX-,7.322110237
714.4121704,CZU LIGHTNING COMPLEX,2020,899769.2245,145650091,2020CZU LIGHTNING COMPLEX-,7.322110237
639.7828369,CZU LIGHTNING COMPLEX,2020,899769.2245,145650091,2020CZU LIGHTNING COMPLEX-,7.322110237
627.8458862,CZU LIGHTNING COMPLEX,2020,899769.2245,145650091,2020CZU LIGHTNING COMPLEX-,7.322110237
607.8967896,CZU LIGHTNING COMPLEX,2020,899769.2245,145650091,2020CZU LIGHTNING COMPLEX-,7.322110237
594.5405884,CZU LIGHTNING COMPLEX,2020,899769.2245,145650091,2020CZU LIGHTNING COMPLEX-,7.322110237
588.15802,CZU LIGHTNING COMPLEX,2020,899769.2245,145650091,2020CZU LIGHTNING COMPLEX-,7.322110237
717.5212402,CZU LIGHTNING COMPLEX,2020,899769.2245,145650091,2020CZU LIGHTNING COMPLEX-,7.322110237
755.5247803,CZU LIGHTNING COMPLEX,2020,899769.2245,145650091,2020CZU LIGHTNING COMPLEX-,7.322110237
651.5529785,CZU LIGHTNING COMPLEX,2020,899769.2245,145650091,2020CZU LIGHTNING COMPLEX-,7.322110237
597.3817139,CZU LIGHTNING COMPLEX,2020,899769.2245,145650091,2020CZU LIGHTNING COMPLEX-,7.322110237
705.3739624,CZU LIGHTNING COMPLEX,2020,899769.2245,145650091,2020CZU LIGHTNING COMPLEX-,7.322110237
672.8441772,CZU LIGHTNING COMPLEX,2020,899769.2245,145650091,2020CZU LIGHTNING COMPLEX-,7.322110237
604.4407349,CZU LIGHTNING COMPLEX,2020,899769.2245,145650091,2020CZU LIGHTNING COMPLEX-,7.322110237
587.8225098,CZU LIGHTNING COMPLEX,2020,899769.2245,145650091,2020CZU LIGHTNING COMPLEX-,7.322110237
689.6779175,CZU LIGHTNING COMPLEX,2020,899769.2245,145650091,2020CZU LIGHTNING COMPLEX-,7.322110237
655.4816895,CZU LIGHTNING COMPLEX,2020,899769.2245,145650091,2020CZU LIGHTNING COMPLEX-,7.322110237
654.7131958,CZU LIGHTNING COMPLEX,2020,899769.2245,145650091,2020CZU LIGHTNING COMPLEX-,7.322110237
632.4702759,CZU LIGHTNING COMPLEX,2020,899769.2245,145650091,2020CZU LIGHTNING COMPLEX-,7.322110237
618.9022827,CZU LIGHTNING COMPLEX,2020,899769.2245,145650091,2020CZU LIGHTNING COMPLEX-,7.322110237
614.0032959,CZU LIGHTNING COMPLEX,2020,899769.2245,145650091,2020CZU LIGHTNING COMPLEX-,7.322110237
593.8713379,CZU LIGHTNING COMPLEX,2020,899769.2245,145650091,2020CZU LIGHTNING COMPLEX-,7.322110237
734.4893188,CZU LIGHTNING COMPLEX,2020,899769.2245,145650091,2020CZU LIGHTNING COMPLEX-,7.322110237
657.732605,CZU LIGHTNING COMPLEX,2020,899769.2245,145650091,2020CZU LIGHTNING COMPLEX-,7.322110237
737.0704956,CZU LIGHTNING COMPLEX,2020,899769.2245,145650091,2020CZU LIGHTNING COMPLEX-,7.322110237
670.805603,CZU LIGHTNING COMPLEX,2020,899769.2245,145650091,2020CZU LIGHTNING COMPLEX-,7.322110237
683.5196533,CZU LIGHTNING COMPLEX,2020,899769.2245,145650091,2020CZU LIGHTNING COMPLEX-,7.322110237
663.9672852,CZU LIGHTNING COMPLEX,2020,899769.2245,145650091,2020CZU LIGHTNING COMPLEX-,7.322110237
654.3728638,CZU LIGHTNING COMPLEX,2020,899769.2245,145650091,2020CZU LIGHTNING COMPLEX-,7.322110237
654.7243042,CZU LIGHTNING COMPLEX,2020,899769.2245,145650091,2020CZU LIGHTNING COMPLEX-,7.322110237
641.9923706,CZU LIGHTNING COMPLEX,2020,899769.2245,145650091,2020CZU LIGHTNING COMPLEX-,7.322110237
633.7871094,CZU LIGHTNING COMPLEX,2020,899769.2245,145650091,2020CZU LIGHTNING COMPLEX-,7.322110237
629.4481201,CZU LIGHTNING COMPLEX,2020,899769.2245,145650091,2020CZU LIGHTNING COMPLEX-,7.322110237
696.1028442,CZU LIGHTNING COMPLEX,2020,899769.2245,145650091,2020CZU LIGHTNING COMPLEX-,7.322110237
687.4259033,CZU LIGHTNING COMPLEX,2020,899769.2245,145650091,2020CZU LIGHTNING COMPLEX-,7.322110237
701.2786865,CZU LIGHTNING COMPLEX,2020,899769.2245,145650091,2020CZU LIGHTNING COMPLEX-,7.322110237
699.6033936,CZU LIGHTNING COMPLEX,2020,899769.2245,145650091,2020CZU LIGHTNING COMPLEX-,7.322110237
671.3010254,CZU LIGHTNING COMPLEX,2020,899769.2245,145650091,2020CZU LIGHTNING COMPLEX-,7.322110237
698.7820435,CZU LIGHTNING COMPLEX,2020,899769.2245,145650091,2020CZU LIGHTNING COMPLEX-,7.322110237
652.286377,CZU LIGHTNING COMPLEX,2020,899769.2245,145650091,2020CZU LIGHTNING COMPLEX-,7.322110237
652.1895752,CZU LIGHTNING COMPLEX,2020,899769.2245,145650091,2020CZU LIGHTNING COMPLEX-,7.322110237
641.4335938,CZU LIGHTNING COMPLEX,2020,899769.2245,145650091,2020CZU LIGHTNING COMPLEX-,7.322110237
685.0680542,CZU LIGHTNING COMPLEX,2020,899769.2245,145650091,2020CZU LIGHTNING COMPLEX-,7.322110237
695.880127,CZU LIGHTNING COMPLEX,2020,899769.2245,145650091,2020CZU LIGHTNING COMPLEX-,7.322110237
697.8283081,CZU LIGHTNING COMPLEX,2020,899769.2245,145650091,2020CZU LIGHTNING COMPLEX-,7.322110237
694.2023926,CZU LIGHTNING COMPLEX,2020,899769.2245,145650091,2020CZU LIGHTNING COMPLEX-,7.322110237
707.0484619,CZU LIGHTNING COMPLEX,2020,899769.2245,145650091,2020CZU LIGHTNING COMPLEX-,7.322110237
713.2050171,CZU LIGHTNING COMPLEX,2020,899769.2245,145650091,2020CZU LIGHTNING COMPLEX-,7.322110237
645.2919922,CZU LIGHTNING COMPLEX,2020,899769.2245,145650091,2020CZU LIGHTNING COMPLEX-,7.322110237
652.4829102,CZU LIGHTNING COMPLEX,2020,899769.2245,145650091,2020CZU LIGHTNING COMPLEX-,7.322110237
647.2763672,CZU LIGHTNING COMPLEX,2020,899769.2245,145650091,2020CZU LIGHTNING COMPLEX-,7.322110237
700.1682129,CZU LIGHTNING COMPLEX,2020,899769.2245,145650091,2020CZU LIGHTNING COMPLEX-,7.322110237
717.9546509,CZU LIGHTNING COMPLEX,2020,899769.2245,145650091,2020CZU LIGHTNING COMPLEX-,7.322110237
715.9522095,CZU LIGHTNING COMPLEX,2020,899769.2245,145650091,2020CZU LIGHTNING COMPLEX-,7.322110237
708.8469238,CZU LIGHTNING COMPLEX,2020,899769.2245,145650091,2020CZU LIGHTNING COMPLEX-,7.322110237
724.6774292,CZU LIGHTNING COMPLEX,2020,899769.2245,145650091,2020CZU LIGHTNING COMPLEX-,7.322110237
739.3894043,CZU LIGHTNING COMPLEX,2020,899769.2245,145650091,2020CZU LIGHTNING COMPLEX-,7.322110237
627.9263306,CZU LIGHTNING COMPLEX,2020,899769.2245,145650091,2020CZU LIGHTNING COMPLEX-,7.322110237
650.8216553,CZU LIGHTNING COMPLEX,2020,899769.2245,145650091,2020CZU LIGHTNING COMPLEX-,7.322110237
652.291687,CZU LIGHTNING COMPLEX,2020,899769.2245,145650091,2020CZU LIGHTNING COMPLEX-,7.322110237
686.637085,CZU LIGHTNING COMPLEX,2020,899769.2245,145650091,2020CZU LIGHTNING COMPLEX-,7.322110237
731.6223145,CZU LIGHTNING COMPLEX,2020,899769.2245,145650091,2020CZU LIGHTNING COMPLEX-,7.322110237
739.0648193,CZU LIGHTNING COMPLEX,2020,899769.2245,145650091,2020CZU LIGHTNING COMPLEX-,7.322110237
630.027771,CZU LIGHTNING COMPLEX,2020,899769.2245,145650091,2020CZU LIGHTNING COMPLEX-,7.322110237
638.255127,CZU LIGHTNING COMPLEX,2020,899769.2245,145650091,2020CZU LIGHTNING COMPLEX-,7.322110237
647.0438843,CZU LIGHTNING COMPLEX,2020,899769.2245,145650091,2020CZU LIGHTNING COMPLEX-,7.322110237
656.8052979,CZU LIGHTNING COMPLEX,2020,899769.2245,145650091,2020CZU LIGHTNING COMPLEX-,7.322110237
706.0753784,CZU LIGHTNING COMPLEX,2020,899769.2245,145650091,2020CZU LIGHTNING COMPLEX-,7.322110237
639.9234619,CZU LIGHTNING COMPLEX,2020,899769.2245,145650091,2020CZU LIGHTNING COMPLEX-,7.322110237
640.7730713,CZU LIGHTNING COMPLEX,2020,899769.2245,145650091,2020CZU LIGHTNING COMPLEX-,7.322110237
641.2666016,CZU LIGHTNING COMPLEX,2020,899769.2245,145650091,2020CZU LIGHTNING COMPLEX-,7.322110237
643.4227905,CZU LIGHTNING COMPLEX,2020,899769.2245,145650091,2020CZU LIGHTNING COMPLEX-,7.322110237
666.7293701,CZU LIGHTNING COMPLEX,2020,899769.2245,145650091,2020CZU LIGHTNING COMPLEX-,7.322110237
654.3378906,CZU LIGHTNING COMPLEX,2020,899769.2245,145650091,2020CZU LIGHTNING COMPLEX-,7.322110237
646.1694946,CZU LIGHTNING COMPLEX,2020,899769.2245,145650091,2020CZU LIGHTNING COMPLEX-,7.322110237
644.4324951,CZU LIGHTNING COMPLEX,2020,899769.2245,145650091,2020CZU LIGHTNING COMPLEX-,7.322110237
684.3483887,CZU LIGHTNING COMPLEX,2020,899769.2245,145650091,2020CZU LIGHTNING COMPLEX-,7.322110237
678.6747437,CZU LIGHTNING COMPLEX,2020,899769.2245,145650091,2020CZU LIGHTNING COMPLEX-,7.322110237
669.4720459,CZU LIGHTNING COMPLEX,2020,899769.2245,145650091,2020CZU LIGHTNING COMPLEX-,7.322110237
657.5256348,CZU LIGHTNING COMPLEX,2020,899769.2245,145650091,2020CZU LIGHTNING COMPLEX-,7.322110237
703.2330933,CZU LIGHTNING COMPLEX,2020,899769.2245,145650091,2020CZU LIGHTNING COMPLEX-,7.322110237
669.3949585,CZU LIGHTNING COMPLEX,2020,899769.2245,145650091,2020CZU LIGHTNING COMPLEX-,7.322110237
660.6396484,CZU LIGHTNING COMPLEX,2020,899769.2245,145650091,2020CZU LIGHTNING COMPLEX-,7.322110237
660.5695801,CZU LIGHTNING COMPLEX,2020,899769.2245,145650091,2020CZU LIGHTNING COMPLEX-,7.322110237
666.1777954,CZU LIGHTNING COMPLEX,2020,899769.2245,145650091,2020CZU LIGHTNING COMPLEX-,7.322110237
669.1504517,CZU LIGHTNING COMPLEX,2020,899769.2245,145650091,2020CZU LIGHTNING COMPLEX-,7.322110237
518.3317871,CZU LIGHTNING COMPLEX,2020,899769.2245,145650091,2020CZU LIGHTNING COMPLEX-,7.322110237
653.9577637,CZU LIGHTNING COMPLEX,2020,899769.2245,145650091,2020CZU LIGHTNING COMPLEX-,7.322110237
677.3209229,CZU LIGHTNING COMPLEX,2020,899769.2245,145650091,2020CZU LIGHTNING COMPLEX-,7.322110237
652.1117554,CZU LIGHTNING COMPLEX,2020,899769.2245,145650091,2020CZU LIGHTNING COMPLEX-,7.322110237
531.3549805,CZU LIGHTNING COMPLEX,2020,899769.2245,145650091,2020CZU LIGHTNING COMPLEX-,7.322110237
704.6140747,CZU LIGHTNING COMPLEX,2020,899769.2245,145650091,2020CZU LIGHTNING COMPLEX-,7.322110237
654.5110474,CZU LIGHTNING COMPLEX,2020,899769.2245,145650091,2020CZU LIGHTNING COMPLEX-,7.322110237
650.8193359,CZU LIGHTNING COMPLEX,2020,899769.2245,145650091,2020CZU LIGHTNING COMPLEX-,7.322110237
429.2039795,CZU LIGHTNING COMPLEX,2020,899769.2245,145650091,2020CZU LIGHTNING COMPLEX-,7.322110237
541.4981689,CZU LIGHTNING COMPLEX,2020,899769.2245,145650091,2020CZU LIGHTNING COMPLEX-,7.322110237
698.7792358,CZU LIGHTNING COMPLEX,2020,899769.2245,145650091,2020CZU LIGHTNING COMPLEX-,7.322110237
656.1923828,CZU LIGHTNING COMPLEX,2020,899769.2245,145650091,2020CZU LIGHTNING COMPLEX-,7.322110237
650.6882935,CZU LIGHTNING COMPLEX,2020,899769.2245,145650091,2020CZU LIGHTNING COMPLEX-,7.322110237
635.2681885,CZU LIGHTNING COMPLEX,2020,899769.2245,145650091,2020CZU LIGHTNING COMPLEX-,7.322110237
629.8078003,CZU LIGHTNING COMPLEX,2020,899769.2245,145650091,2020CZU LIGHTNING COMPLEX-,7.322110237
554.1580811,CZU LIGHTNING COMPLEX,2020,899769.2245,145650091,2020CZU LIGHTNING COMPLEX-,7.322110237
558.1110229,CZU LIGHTNING COMPLEX,2020,899769.2245,145650091,2020CZU LIGHTNING COMPLEX-,7.322110237
540.7550049,CZU LIGHTNING COMPLEX,2020,899769.2245,145650091,2020CZU LIGHTNING COMPLEX-,7.322110237
548.6802368,CZU LIGHTNING COMPLEX,2020,899769.2245,145650091,2020CZU LIGHTNING COMPLEX-,7.322110237
686.5924683,CZU LIGHTNING COMPLEX,2020,899769.2245,145650091,2020CZU LIGHTNING COMPLEX-,7.322110237
627.7105103,CZU LIGHTNING COMPLEX,2020,899769.2245,145650091,2020CZU LIGHTNING COMPLEX-,7.322110237
613.3603516,CZU LIGHTNING COMPLEX,2020,899769.2245,145650091,2020CZU LIGHTNING COMPLEX-,7.322110237
552.9840088,CZU LIGHTNING COMPLEX,2020,899769.2245,145650091,2020CZU LIGHTNING COMPLEX-,7.322110237
550.2261353,CZU LIGHTNING COMPLEX,2020,899769.2245,145650091,2020CZU LIGHTNING COMPLEX-,7.322110237
548.6657104,CZU LIGHTNING COMPLEX,2020,899769.2245,145650091,2020CZU LIGHTNING COMPLEX-,7.322110237
552.5383301,CZU LIGHTNING COMPLEX,2020,899769.2245,145650091,2020CZU LIGHTNING COMPLEX-,7.322110237
582.5308228,CZU LIGHTNING COMPLEX,2020,899769.2245,145650091,2020CZU LIGHTNING COMPLEX-,7.322110237
623.881897,CZU LIGHTNING COMPLEX,2020,899769.2245,145650091,2020CZU LIGHTNING COMPLEX-,7.322110237
574.1261597,CZU LIGHTNING COMPLEX,2020,899769.2245,145650091,2020CZU LIGHTNING COMPLEX-,7.322110237
548.6008911,CZU LIGHTNING COMPLEX,2020,899769.2245,145650091,2020CZU LIGHTNING COMPLEX-,7.322110237
549.706604,CZU LIGHTNING COMPLEX,2020,899769.2245,145650091,2020CZU LIGHTNING COMPLEX-,7.322110237
651.8798828,CZU LIGHTNING COMPLEX,2020,899769.2245,145650091,2020CZU LIGHTNING COMPLEX-,7.322110237
677.9321899,CZU LIGHTNING COMPLEX,2020,899769.2245,145650091,2020CZU LIGHTNING COMPLEX-,7.322110237
696.3881226,CZU LIGHTNING COMPLEX,2020,899769.2245,145650091,2020CZU LIGHTNING COMPLEX-,7.322110237
615.4477539,CZU LIGHTNING COMPLEX,2020,899769.2245,145650091,2020CZU LIGHTNING COMPLEX-,7.322110237
577.1851196,CZU LIGHTNING COMPLEX,2020,899769.2245,145650091,2020CZU LIGHTNING COMPLEX-,7.322110237
549.4099121,CZU LIGHTNING COMPLEX,2020,899769.2245,145650091,2020CZU LIGHTNING COMPLEX-,7.322110237
536.1862793,CZU LIGHTNING COMPLEX,2020,899769.2245,145650091,2020CZU LIGHTNING COMPLEX-,7.322110237
548.7961426,CZU LIGHTNING COMPLEX,2020,899769.2245,145650091,2020CZU LIGHTNING COMPLEX-,7.322110237
663.9676514,CZU LIGHTNING COMPLEX,2020,899769.2245,145650091,2020CZU LIGHTNING COMPLEX-,7.322110237
689.1112061,CZU LIGHTNING COMPLEX,2020,899769.2245,145650091,2020CZU LIGHTNING COMPLEX-,7.322110237
685.6010132,CZU LIGHTNING COMPLEX,2020,899769.2245,145650091,2020CZU LIGHTNING COMPLEX-,7.322110237
670.9060059,CZU LIGHTNING COMPLEX,2020,899769.2245,145650091,2020CZU LIGHTNING COMPLEX-,7.322110237
645.1245728,CZU LIGHTNING COMPLEX,2020,899769.2245,145650091,2020CZU LIGHTNING COMPLEX-,7.322110237
546.5305786,CZU LIGHTNING COMPLEX,2020,899769.2245,145650091,2020CZU LIGHTNING COMPLEX-,7.322110237
538.395874,CZU LIGHTNING COMPLEX,2020,899769.2245,145650091,2020CZU LIGHTNING COMPLEX-,7.322110237
688.9873657,CZU LIGHTNING COMPLEX,2020,899769.2245,145650091,2020CZU LIGHTNING COMPLEX-,7.322110237
681.6083984,CZU LIGHTNING COMPLEX,2020,899769.2245,145650091,2020CZU LIGHTNING COMPLEX-,7.322110237
663.0198975,CZU LIGHTNING COMPLEX,2020,899769.2245,145650091,2020CZU LIGHTNING COMPLEX-,7.322110237
616.7642212,CZU LIGHTNING COMPLEX,2020,899769.2245,145650091,2020CZU LIGHTNING COMPLEX-,7.322110237
558.572937,CZU LIGHTNING COMPLEX,2020,899769.2245,145650091,2020CZU LIGHTNING COMPLEX-,7.322110237
567.4348145,CZU LIGHTNING COMPLEX,2020,899769.2245,145650091,2020CZU LIGHTNING COMPLEX-,7.322110237
544.3567505,CZU LIGHTNING COMPLEX,2020,899769.2245,145650091,2020CZU LIGHTNING COMPLEX-,7.322110237
651.1745605,CZU LIGHTNING COMPLEX,2020,899769.2245,145650091,2020CZU LIGHTNING COMPLEX-,7.322110237
661.0413818,CZU LIGHTNING COMPLEX,2020,899769.2245,145650091,2020CZU LIGHTNING COMPLEX-,7.322110237
671.0792236,CZU LIGHTNING COMPLEX,2020,899769.2245,145650091,2020CZU LIGHTNING COMPLEX-,7.322110237
598.6027832,CZU LIGHTNING COMPLEX,2020,899769.2245,145650091,2020CZU LIGHTNING COMPLEX-,7.322110237
546.8165283,CZU LIGHTNING COMPLEX,2020,899769.2245,145650091,2020CZU LIGHTNING COMPLEX-,7.322110237
550.3017578,CZU LIGHTNING COMPLEX,2020,899769.2245,145650091,2020CZU LIGHTNING COMPLEX-,7.322110237
585.7425537,CZU LIGHTNING COMPLEX,2020,899769.2245,145650091,2020CZU LIGHTNING COMPLEX-,7.322110237
640.5200806,CZU LIGHTNING COMPLEX,2020,899769.2245,145650091,2020CZU LIGHTNING COMPLEX-,7.322110237
494.7839966,CZU LIGHTNING COMPLEX,2020,899769.2245,145650091,2020CZU LIGHTNING COMPLEX-,7.322110237
492.651886,CZU LIGHTNING COMPLEX,2020,899769.2245,145650091,2020CZU LIGHTNING COMPLEX-,7.322110237
640.7623291,CZU LIGHTNING COMPLEX,2020,899769.2245,145650091,2020CZU LIGHTNING COMPLEX-,7.322110237
656.9842529,CZU LIGHTNING COMPLEX,2020,899769.2245,145650091,2020CZU LIGHTNING COMPLEX-,7.322110237
678.0510864,CZU LIGHTNING COMPLEX,2020,899769.2245,145650091,2020CZU LIGHTNING COMPLEX-,7.322110237
647.9876709,CZU LIGHTNING COMPLEX,2020,899769.2245,145650091,2020CZU LIGHTNING COMPLEX-,7.322110237
545.9775391,CZU LIGHTNING COMPLEX,2020,899769.2245,145650091,2020CZU LIGHTNING COMPLEX-,7.322110237
521.293335,CZU LIGHTNING COMPLEX,2020,899769.2245,145650091,2020CZU LIGHTNING COMPLEX-,7.322110237
658.2945557,CZU LIGHTNING COMPLEX,2020,899769.2245,145650091,2020CZU LIGHTNING COMPLEX-,7.322110237
579.5018921,CZU LIGHTNING COMPLEX,2020,899769.2245,145650091,2020CZU LIGHTNING COMPLEX-,7.322110237
608.5714722,CZU LIGHTNING COMPLEX,2020,899769.2245,145650091,2020CZU LIGHTNING COMPLEX-,7.322110237
525.3077393,CZU LIGHTNING COMPLEX,2020,899769.2245,145650091,2020CZU LIGHTNING COMPLEX-,7.322110237
599.3913574,CZU LIGHTNING COMPLEX,2020,899769.2245,145650091,2020CZU LIGHTNING COMPLEX-,7.322110237
503.5697937,CZU LIGHTNING COMPLEX,2020,899769.2245,145650091,2020CZU LIGHTNING COMPLEX-,7.322110237
651.326355,CZU LIGHTNING COMPLEX,2020,899769.2245,145650091,2020CZU LIGHTNING COMPLEX-,7.322110237
675.9507446,CZU LIGHTNING COMPLEX,2020,899769.2245,145650091,2020CZU LIGHTNING COMPLEX-,7.322110237
664.774292,CZU LIGHTNING COMPLEX,2020,899769.2245,145650091,2020CZU LIGHTNING COMPLEX-,7.322110237
602.081604,CZU LIGHTNING COMPLEX,2020,899769.2245,145650091,2020CZU LIGHTNING COMPLEX-,7.322110237
658.4016113,CZU LIGHTNING COMPLEX,2020,899769.2245,145650091,2020CZU LIGHTNING COMPLEX-,7.322110237
680.7781372,CZU LIGHTNING COMPLEX,2020,899769.2245,145650091,2020CZU LIGHTNING COMPLEX-,7.322110237
696.414856,CZU LIGHTNING COMPLEX,2020,899769.2245,145650091,2020CZU LIGHTNING COMPLEX-,7.322110237
664.2698975,CZU LIGHTNING COMPLEX,2020,899769.2245,145650091,2020CZU LIGHTNING COMPLEX-,7.322110237
666.906311,CZU LIGHTNING COMPLEX,2020,899769.2245,145650091,2020CZU LIGHTNING COMPLEX-,7.322110237
716.3704834,CZU LIGHTNING COMPLEX,2020,899769.2245,145650091,2020CZU LIGHTNING COMPLEX-,7.322110237
519.335144,CZU LIGHTNING COMPLEX,2020,899769.2245,145650091,2020CZU LIGHTNING COMPLEX-,7.322110237
516.6895142,CZU LIGHTNING COMPLEX,2020,899769.2245,145650091,2020CZU LIGHTNING COMPLEX-,7.322110237
662.4311523,CZU LIGHTNING COMPLEX,2020,899769.2245,145650091,2020CZU LIGHTNING COMPLEX-,7.322110237
598.1365356,CZU LIGHTNING COMPLEX,2020,899769.2245,145650091,2020CZU LIGHTNING COMPLEX-,7.322110237
562.8658447,CZU LIGHTNING COMPLEX,2020,899769.2245,145650091,2020CZU LIGHTNING COMPLEX-,7.322110237
679.2277222,CZU LIGHTNING COMPLEX,2020,899769.2245,145650091,2020CZU LIGHTNING COMPLEX-,7.322110237
699.4334717,CZU LIGHTNING COMPLEX,2020,899769.2245,145650091,2020CZU LIGHTNING COMPLEX-,7.322110237
696.2042847,CZU LIGHTNING COMPLEX,2020,899769.2245,145650091,2020CZU LIGHTNING COMPLEX-,7.322110237
690.9163208,CZU LIGHTNING COMPLEX,2020,899769.2245,145650091,2020CZU LIGHTNING COMPLEX-,7.322110237
702.576355,CZU LIGHTNING COMPLEX,2020,899769.2245,145650091,2020CZU LIGHTNING COMPLEX-,7.322110237
701.0266113,CZU LIGHTNING COMPLEX,2020,899769.2245,145650091,2020CZU LIGHTNING COMPLEX-,7.322110237
524.6836548,CZU LIGHTNING COMPLEX,2020,899769.2245,145650091,2020CZU LIGHTNING COMPLEX-,7.322110237
539.989624,CZU LIGHTNING COMPLEX,2020,899769.2245,145650091,2020CZU LIGHTNING COMPLEX-,7.322110237
708.1195679,CZU LIGHTNING COMPLEX,2020,899769.2245,145650091,2020CZU LIGHTNING COMPLEX-,7.322110237
679.3930664,CZU LIGHTNING COMPLEX,2020,899769.2245,145650091,2020CZU LIGHTNING COMPLEX-,7.322110237
551.7229004,CZU LIGHTNING COMPLEX,2020,899769.2245,145650091,2020CZU LIGHTNING COMPLEX-,7.322110237
581.3446655,CZU LIGHTNING COMPLEX,2020,899769.2245,145650091,2020CZU LIGHTNING COMPLEX-,7.322110237
571.5108643,CZU LIGHTNING COMPLEX,2020,899769.2245,145650091,2020CZU LIGHTNING COMPLEX-,7.322110237
680.9830933,CZU LIGHTNING COMPLEX,2020,899769.2245,145650091,2020CZU LIGHTNING COMPLEX-,7.322110237
688.734314,CZU LIGHTNING COMPLEX,2020,899769.2245,145650091,2020CZU LIGHTNING COMPLEX-,7.322110237
692.1104736,CZU LIGHTNING COMPLEX,2020,899769.2245,145650091,2020CZU LIGHTNING COMPLEX-,7.322110237
686.4679565,CZU LIGHTNING COMPLEX,2020,899769.2245,145650091,2020CZU LIGHTNING COMPLEX-,7.322110237
701.3699341,CZU LIGHTNING COMPLEX,2020,899769.2245,145650091,2020CZU LIGHTNING COMPLEX-,7.322110237
704.6213989,CZU LIGHTNING COMPLEX,2020,899769.2245,145650091,2020CZU LIGHTNING COMPLEX-,7.322110237
613.6647339,CZU LIGHTNING COMPLEX,2020,899769.2245,145650091,2020CZU LIGHTNING COMPLEX-,7.322110237
687.2631836,CZU LIGHTNING COMPLEX,2020,899769.2245,145650091,2020CZU LIGHTNING COMPLEX-,7.322110237
693.5453491,CZU LIGHTNING COMPLEX,2020,899769.2245,145650091,2020CZU LIGHTNING COMPLEX-,7.322110237
694.3067017,CZU LIGHTNING COMPLEX,2020,899769.2245,145650091,2020CZU LIGHTNING COMPLEX-,7.322110237
693.27948,CZU LIGHTNING COMPLEX,2020,899769.2245,145650091,2020CZU LIGHTNING COMPLEX-,7.322110237
680.0811157,CZU LIGHTNING COMPLEX,2020,899769.2245,145650091,2020CZU LIGHTNING COMPLEX-,7.322110237
643.0786133,CZU LIGHTNING COMPLEX,2020,899769.2245,145650091,2020CZU LIGHTNING COMPLEX-,7.322110237
657.4019165,CZU LIGHTNING COMPLEX,2020,899769.2245,145650091,2020CZU LIGHTNING COMPLEX-,7.322110237
683.0484009,CZU LIGHTNING COMPLEX,2020,899769.2245,145650091,2020CZU LIGHTNING COMPLEX-,7.322110237
688.2434692,CZU LIGHTNING COMPLEX,2020,899769.2245,145650091,2020CZU LIGHTNING COMPLEX-,7.322110237
671.8067627,CZU LIGHTNING COMPLEX,2020,899769.2245,145650091,2020CZU LIGHTNING COMPLEX-,7.322110237
685.6102295,CZU LIGHTNING COMPLEX,2020,899769.2245,145650091,2020CZU LIGHTNING COMPLEX-,7.322110237
565.2232056,CZU LIGHTNING COMPLEX,2020,899769.2245,145650091,2020CZU LIGHTNING COMPLEX-,7.322110237
698.6845703,CZU LIGHTNING COMPLEX,2020,899769.2245,145650091,2020CZU LIGHTNING COMPLEX-,7.322110237
703.7751465,CZU LIGHTNING COMPLEX,2020,899769.2245,145650091,2020CZU LIGHTNING COMPLEX-,7.322110237
690.1521606,CZU LIGHTNING COMPLEX,2020,899769.2245,145650091,2020CZU LIGHTNING COMPLEX-,7.322110237
633.7637939,CZU LIGHTNING COMPLEX,2020,899769.2245,145650091,2020CZU LIGHTNING COMPLEX-,7.322110237
665.7028809,CZU LIGHTNING COMPLEX,2020,899769.2245,145650091,2020CZU LIGHTNING COMPLEX-,7.322110237
701.8504639,CZU LIGHTNING COMPLEX,2020,899769.2245,145650091,2020CZU LIGHTNING COMPLEX-,7.322110237
615.4865723,CZU LIGHTNING COMPLEX,2020,899769.2245,145650091,2020CZU LIGHTNING COMPLEX-,7.322110237
620.9019775,CZU LIGHTNING COMPLEX,2020,899769.2245,145650091,2020CZU LIGHTNING COMPLEX-,7.322110237
651.710022,CZU LIGHTNING COMPLEX,2020,899769.2245,145650091,2020CZU LIGHTNING COMPLEX-,7.322110237
661.5177612,CZU LIGHTNING COMPLEX,2020,899769.2245,145650091,2020CZU LIGHTNING COMPLEX-,7.322110237
669.6536255,CZU LIGHTNING COMPLEX,2020,899769.2245,145650091,2020CZU LIGHTNING COMPLEX-,7.322110237
569.6459351,CZU LIGHTNING COMPLEX,2020,899769.2245,145650091,2020CZU LIGHTNING COMPLEX-,7.322110237
686.1755371,CZU LIGHTNING COMPLEX,2020,899769.2245,145650091,2020CZU LIGHTNING COMPLEX-,7.322110237
695.2092896,CZU LIGHTNING COMPLEX,2020,899769.2245,145650091,2020CZU LIGHTNING COMPLEX-,7.322110237
704.0458984,CZU LIGHTNING COMPLEX,2020,899769.2245,145650091,2020CZU LIGHTNING COMPLEX-,7.322110237
681.8556519,CZU LIGHTNING COMPLEX,2020,899769.2245,145650091,2020CZU LIGHTNING COMPLEX-,7.322110237
678.6660156,CZU LIGHTNING COMPLEX,2020,899769.2245,145650091,2020CZU LIGHTNING COMPLEX-,7.322110237
674.149231,CZU LIGHTNING COMPLEX,2020,899769.2245,145650091,2020CZU LIGHTNING COMPLEX-,7.322110237
654.9915771,CZU LIGHTNING COMPLEX,2020,899769.2245,145650091,2020CZU LIGHTNING COMPLEX-,7.322110237
623.1182251,CZU LIGHTNING COMPLEX,2020,899769.2245,145650091,2020CZU LIGHTNING COMPLEX-,7.322110237
688.2442627,CZU LIGHTNING COMPLEX,2020,899769.2245,145650091,2020CZU LIGHTNING COMPLEX-,7.322110237
633.559082,CZU LIGHTNING COMPLEX,2020,899769.2245,145650091,2020CZU LIGHTNING COMPLEX-,7.322110237
700.6304321,CZU LIGHTNING COMPLEX,2020,899769.2245,145650091,2020CZU LIGHTNING COMPLEX-,7.322110237
666.6140747,CZU LIGHTNING COMPLEX,2020,899769.2245,145650091,2020CZU LIGHTNING COMPLEX-,7.322110237
536.7347412,CZU LIGHTNING COMPLEX,2020,899769.2245,145650091,2020CZU LIGHTNING COMPLEX-,7.322110237
617.6577148,CZU LIGHTNING COMPLEX,2020,899769.2245,145650091,2020CZU LIGHTNING COMPLEX-,7.322110237
601.1777344,CZU LIGHTNING COMPLEX,2020,899769.2245,145650091,2020CZU LIGHTNING COMPLEX-,7.322110237
695.729248,CZU LIGHTNING COMPLEX,2020,899769.2245,145650091,2020CZU LIGHTNING COMPLEX-,7.322110237
691.1156616,CZU LIGHTNING COMPLEX,2020,899769.2245,145650091,2020CZU LIGHTNING COMPLEX-,7.322110237
522.8394775,CZU LIGHTNING COMPLEX,2020,899769.2245,145650091,2020CZU LIGHTNING COMPLEX-,7.322110237
488.8250427,CZU LIGHTNING COMPLEX,2020,899769.2245,145650091,2020CZU LIGHTNING COMPLEX-,7.322110237
686.2721558,CZU LIGHTNING COMPLEX,2020,899769.2245,145650091,2020CZU LIGHTNING COMPLEX-,7.322110237
683.9573364,CZU LIGHTNING COMPLEX,2020,899769.2245,145650091,2020CZU LIGHTNING COMPLEX-,7.322110237
670.7096558,CZU LIGHTNING COMPLEX,2020,899769.2245,145650091,2020CZU LIGHTNING COMPLEX-,7.322110237
671.5252075,CZU LIGHTNING COMPLEX,2020,899769.2245,145650091,2020CZU LIGHTNING COMPLEX-,7.322110237
696.7768555,CZU LIGHTNING COMPLEX,2020,899769.2245,145650091,2020CZU LIGHTNING COMPLEX-,7.322110237
582.0280151,CZU LIGHTNING COMPLEX,2020,899769.2245,145650091,2020CZU LIGHTNING COMPLEX-,7.322110237
630.05896,CZU LIGHTNING COMPLEX,2020,899769.2245,145650091,2020CZU LIGHTNING COMPLEX-,7.322110237
666.5001221,CZU LIGHTNING COMPLEX,2020,899769.2245,145650091,2020CZU LIGHTNING COMPLEX-,7.322110237
647.2816162,CZU LIGHTNING COMPLEX,2020,899769.2245,145650091,2020CZU LIGHTNING COMPLEX-,7.322110237
504.0326538,CZU LIGHTNING COMPLEX,2020,899769.2245,145650091,2020CZU LIGHTNING COMPLEX-,7.322110237
454.0001526,CZU LIGHTNING COMPLEX,2020,899769.2245,145650091,2020CZU LIGHTNING COMPLEX-,7.322110237
428.9173279,CZU LIGHTNING COMPLEX,2020,899769.2245,145650091,2020CZU LIGHTNING COMPLEX-,7.322110237
562.2316895,CZU LIGHTNING COMPLEX,2020,899769.2245,145650091,2020CZU LIGHTNING COMPLEX-,7.322110237
624.6502075,CZU LIGHTNING COMPLEX,2020,899769.2245,145650091,2020CZU LIGHTNING COMPLEX-,7.322110237
570.4572754,CZU LIGHTNING COMPLEX,2020,899769.2245,145650091,2020CZU LIGHTNING COMPLEX-,7.322110237
603.3344116,CZU LIGHTNING COMPLEX,2020,899769.2245,145650091,2020CZU LIGHTNING COMPLEX-,7.322110237
661.9671021,CZU LIGHTNING COMPLEX,2020,899769.2245,145650091,2020CZU LIGHTNING COMPLEX-,7.322110237
504.2042847,CZU LIGHTNING COMPLEX,2020,899769.2245,145650091,2020CZU LIGHTNING COMPLEX-,7.322110237
500.7632141,CZU LIGHTNING COMPLEX,2020,899769.2245,145650091,2020CZU LIGHTNING COMPLEX-,7.322110237
476.397644,CZU LIGHTNING COMPLEX,2020,899769.2245,145650091,2020CZU LIGHTNING COMPLEX-,7.322110237
622.9553833,CZU LIGHTNING COMPLEX,2020,899769.2245,145650091,2020CZU LIGHTNING COMPLEX-,7.322110237
489.486084,CZU LIGHTNING COMPLEX,2020,899769.2245,145650091,2020CZU LIGHTNING COMPLEX-,7.322110237
609.6345825,CZU LIGHTNING COMPLEX,2020,899769.2245,145650091,2020CZU LIGHTNING COMPLEX-,7.322110237
538.4277954,CZU LIGHTNING COMPLEX,2020,899769.2245,145650091,2020CZU LIGHTNING COMPLEX-,7.322110237
539.746582,CZU LIGHTNING COMPLEX,2020,899769.2245,145650091,2020CZU LIGHTNING COMPLEX-,7.322110237
444.8670349,CZU LIGHTNING COMPLEX,2020,899769.2245,145650091,2020CZU LIGHTNING COMPLEX-,7.322110237
621.3450928,CZU LIGHTNING COMPLEX,2020,899769.2245,145650091,2020CZU LIGHTNING COMPLEX-,7.322110237
562.0344238,CZU LIGHTNING COMPLEX,2020,899769.2245,145650091,2020CZU LIGHTNING COMPLEX-,7.322110237
535.9781494,CZU LIGHTNING COMPLEX,2020,899769.2245,145650091,2020CZU LIGHTNING COMPLEX-,7.322110237
565.8348389,CZU LIGHTNING COMPLEX,2020,899769.2245,145650091,2020CZU LIGHTNING COMPLEX-,7.322110237
682.7925415,CZU LIGHTNING COMPLEX,2020,899769.2245,145650091,2020CZU LIGHTNING COMPLEX-,7.322110237
633.5949707,CZU LIGHTNING COMPLEX,2020,899769.2245,145650091,2020CZU LIGHTNING COMPLEX-,7.322110237
616.3337402,CZU LIGHTNING COMPLEX,2020,899769.2245,145650091,2020CZU LIGHTNING COMPLEX-,7.322110237
528.5220337,CZU LIGHTNING COMPLEX,2020,899769.2245,145650091,2020CZU LIGHTNING COMPLEX-,7.322110237
653.1088867,CZU LIGHTNING COMPLEX,2020,899769.2245,145650091,2020CZU LIGHTNING COMPLEX-,7.322110237
536.8776855,CZU LIGHTNING COMPLEX,2020,899769.2245,145650091,2020CZU LIGHTNING COMPLEX-,7.322110237
693.4363403,CZU LIGHTNING COMPLEX,2020,899769.2245,145650091,2020CZU LIGHTNING COMPLEX-,7.322110237
665.8161621,CZU LIGHTNING COMPLEX,2020,899769.2245,145650091,2020CZU LIGHTNING COMPLEX-,7.322110237
500.6518555,CZU LIGHTNING COMPLEX,2020,899769.2245,145650091,2020CZU LIGHTNING COMPLEX-,7.322110237
498.3124695,CZU LIGHTNING COMPLEX,2020,899769.2245,145650091,2020CZU LIGHTNING COMPLEX-,7.322110237
605.6795044,CZU LIGHTNING COMPLEX,2020,899769.2245,145650091,2020CZU LIGHTNING COMPLEX-,7.322110237
661.5549316,CZU LIGHTNING COMPLEX,2020,899769.2245,145650091,2020CZU LIGHTNING COMPLEX-,7.322110237
686.0603638,CZU LIGHTNING COMPLEX,2020,899769.2245,145650091,2020CZU LIGHTNING COMPLEX-,7.322110237
517.2446899,CZU LIGHTNING COMPLEX,2020,899769.2245,145650091,2020CZU LIGHTNING COMPLEX-,7.322110237
434.592804,CZU LIGHTNING COMPLEX,2020,899769.2245,145650091,2020CZU LIGHTNING COMPLEX-,7.322110237
618.6552124,CZU LIGHTNING COMPLEX,2020,899769.2245,145650091,2020CZU LIGHTNING COMPLEX-,7.322110237
515.8207397,CZU LIGHTNING COMPLEX,2020,899769.2245,145650091,2020CZU LIGHTNING COMPLEX-,7.322110237
532.8313599,CZU LIGHTNING COMPLEX,2020,899769.2245,145650091,2020CZU LIGHTNING COMPLEX-,7.322110237
523.0454102,CZU LIGHTNING COMPLEX,2020,899769.2245,145650091,2020CZU LIGHTNING COMPLEX-,7.322110237
532.1690674,CZU LIGHTNING COMPLEX,2020,899769.2245,145650091,2020CZU LIGHTNING COMPLEX-,7.322110237
543.3773193,CZU LIGHTNING COMPLEX,2020,899769.2245,145650091,2020CZU LIGHTNING COMPLEX-,7.322110237
525.4697876,CZU LIGHTNING COMPLEX,2020,899769.2245,145650091,2020CZU LIGHTNING COMPLEX-,7.322110237
540.0804443,CZU LIGHTNING COMPLEX,2020,899769.2245,145650091,2020CZU LIGHTNING COMPLEX-,7.322110237
545.3122559,CZU LIGHTNING COMPLEX,2020,899769.2245,145650091,2020CZU LIGHTNING COMPLEX-,7.322110237
527.7906494,CZU LIGHTNING COMPLEX,2020,899769.2245,145650091,2020CZU LIGHTNING COMPLEX-,7.322110237
557.2592163,CZU LIGHTNING COMPLEX,2020,899769.2245,145650091,2020CZU LIGHTNING COMPLEX-,7.322110237
587.7259521,CZU LIGHTNING COMPLEX,2020,899769.2245,145650091,2020CZU LIGHTNING COMPLEX-,7.322110237
598.6773071,CZU LIGHTNING COMPLEX,2020,899769.2245,145650091,2020CZU LIGHTNING COMPLEX-,7.322110237
546.2387695,CZU LIGHTNING COMPLEX,2020,899769.2245,145650091,2020CZU LIGHTNING COMPLEX-,7.322110237
533.1004639,CZU LIGHTNING COMPLEX,2020,899769.2245,145650091,2020CZU LIGHTNING COMPLEX-,7.322110237
512.0753784,CZU LIGHTNING COMPLEX,2020,899769.2245,145650091,2020CZU LIGHTNING COMPLEX-,7.322110237
535.6013794,CZU LIGHTNING COMPLEX,2020,899769.2245,145650091,2020CZU LIGHTNING COMPLEX-,7.322110237
550.5787354,CZU LIGHTNING COMPLEX,2020,899769.2245,145650091,2020CZU LIGHTNING COMPLEX-,7.322110237
563.2762451,CZU LIGHTNING COMPLEX,2020,899769.2245,145650091,2020CZU LIGHTNING COMPLEX-,7.322110237
538.4724731,CZU LIGHTNING COMPLEX,2020,899769.2245,145650091,2020CZU LIGHTNING COMPLEX-,7.322110237
532.953125,CZU LIGHTNING COMPLEX,2020,899769.2245,145650091,2020CZU LIGHTNING COMPLEX-,7.322110237
529.3493652,CZU LIGHTNING COMPLEX,2020,899769.2245,145650091,2020CZU LIGHTNING COMPLEX-,7.322110237
556.8416138,CZU LIGHTNING COMPLEX,2020,899769.2245,145650091,2020CZU LIGHTNING COMPLEX-,7.322110237
546.8299561,CZU LIGHTNING COMPLEX,2020,899769.2245,145650091,2020CZU LIGHTNING COMPLEX-,7.322110237
536.0839844,CZU LIGHTNING COMPLEX,2020,899769.2245,145650091,2020CZU LIGHTNING COMPLEX-,7.322110237
541.8010864,CZU LIGHTNING COMPLEX,2020,899769.2245,145650091,2020CZU LIGHTNING COMPLEX-,7.322110237
542.8175049,CZU LIGHTNING COMPLEX,2020,899769.2245,145650091,2020CZU LIGHTNING COMPLEX-,7.322110237
535.9464722,CZU LIGHTNING COMPLEX,2020,899769.2245,145650091,2020CZU LIGHTNING COMPLEX-,7.322110237
524.0801392,CZU LIGHTNING COMPLEX,2020,899769.2245,145650091,2020CZU LIGHTNING COMPLEX-,7.322110237
556.02948,CZU LIGHTNING COMPLEX,2020,899769.2245,145650091,2020CZU LIGHTNING COMPLEX-,7.322110237
562.8695068,CZU LIGHTNING COMPLEX,2020,899769.2245,145650091,2020CZU LIGHTNING COMPLEX-,7.322110237
537.4533081,CZU LIGHTNING COMPLEX,2020,899769.2245,145650091,2020CZU LIGHTNING COMPLEX-,7.322110237
551.2748413,CZU LIGHTNING COMPLEX,2020,899769.2245,145650091,2020CZU LIGHTNING COMPLEX-,7.322110237
547.0518188,CZU LIGHTNING COMPLEX,2020,899769.2245,145650091,2020CZU LIGHTNING COMPLEX-,7.322110237
504.5350037,CZU LIGHTNING COMPLEX,2020,899769.2245,145650091,2020CZU LIGHTNING COMPLEX-,7.322110237
541.2335205,CZU LIGHTNING COMPLEX,2020,899769.2245,145650091,2020CZU LIGHTNING COMPLEX-,7.322110237
524.8070679,CZU LIGHTNING COMPLEX,2020,899769.2245,145650091,2020CZU LIGHTNING COMPLEX-,7.322110237
551.0097656,CZU LIGHTNING COMPLEX,2020,899769.2245,145650091,2020CZU LIGHTNING COMPLEX-,7.322110237
537.9555664,CZU LIGHTNING COMPLEX,2020,899769.2245,145650091,2020CZU LIGHTNING COMPLEX-,7.322110237
581.1240845,CZU LIGHTNING COMPLEX,2020,899769.2245,145650091,2020CZU LIGHTNING COMPLEX-,7.322110237
547.5432739,CZU LIGHTNING COMPLEX,2020,899769.2245,145650091,2020CZU LIGHTNING COMPLEX-,7.322110237
545.3613892,CZU LIGHTNING COMPLEX,2020,899769.2245,145650091,2020CZU LIGHTNING COMPLEX-,7.322110237
541.2843628,CZU LIGHTNING COMPLEX,2020,899769.2245,145650091,2020CZU LIGHTNING COMPLEX-,7.322110237
535.1346436,CZU LIGHTNING COMPLEX,2020,899769.2245,145650091,2020CZU LIGHTNING COMPLEX-,7.322110237
528.0001831,CZU LIGHTNING COMPLEX,2020,899769.2245,145650091,2020CZU LIGHTNING COMPLEX-,7.322110237
553.7456055,CZU LIGHTNING COMPLEX,2020,899769.2245,145650091,2020CZU LIGHTNING COMPLEX-,7.322110237
584.4622192,CZU LIGHTNING COMPLEX,2020,899769.2245,145650091,2020CZU LIGHTNING COMPLEX-,7.322110237
543.2973633,CZU LIGHTNING COMPLEX,2020,899769.2245,145650091,2020CZU LIGHTNING COMPLEX-,7.322110237
543.5359497,CZU LIGHTNING COMPLEX,2020,899769.2245,145650091,2020CZU LIGHTNING COMPLEX-,7.322110237
543.5603027,CZU LIGHTNING COMPLEX,2020,899769.2245,145650091,2020CZU LIGHTNING COMPLEX-,7.322110237
539.4317627,CZU LIGHTNING COMPLEX,2020,899769.2245,145650091,2020CZU LIGHTNING COMPLEX-,7.322110237
528.1321411,CZU LIGHTNING COMPLEX,2020,899769.2245,145650091,2020CZU LIGHTNING COMPLEX-,7.322110237
526.3613281,CZU LIGHTNING COMPLEX,2020,899769.2245,145650091,2020CZU LIGHTNING COMPLEX-,7.322110237
563.114563,CZU LIGHTNING COMPLEX,2020,899769.2245,145650091,2020CZU LIGHTNING COMPLEX-,7.322110237
533.5148315,CZU LIGHTNING COMPLEX,2020,899769.2245,145650091,2020CZU LIGHTNING COMPLEX-,7.322110237
524.0728149,CZU LIGHTNING COMPLEX,2020,899769.2245,145650091,2020CZU LIGHTNING COMPLEX-,7.322110237
504.9838257,CZU LIGHTNING COMPLEX,2020,899769.2245,145650091,2020CZU LIGHTNING COMPLEX-,7.322110237
457.1665649,CZU LIGHTNING COMPLEX,2020,899769.2245,145650091,2020CZU LIGHTNING COMPLEX-,7.322110237
542.3492432,CZU LIGHTNING COMPLEX,2020,899769.2245,145650091,2020CZU LIGHTNING COMPLEX-,7.322110237
512.3208618,CZU LIGHTNING COMPLEX,2020,899769.2245,145650091,2020CZU LIGHTNING COMPLEX-,7.322110237
548.1061401,CZU LIGHTNING COMPLEX,2020,899769.2245,145650091,2020CZU LIGHTNING COMPLEX-,7.322110237
539.0068359,CZU LIGHTNING COMPLEX,2020,899769.2245,145650091,2020CZU LIGHTNING COMPLEX-,7.322110237
519.4888306,CZU LIGHTNING COMPLEX,2020,899769.2245,145650091,2020CZU LIGHTNING COMPLEX-,7.322110237
539.9042358,CZU LIGHTNING COMPLEX,2020,899769.2245,145650091,2020CZU LIGHTNING COMPLEX-,7.322110237
525.5748291,CZU LIGHTNING COMPLEX,2020,899769.2245,145650091,2020CZU LIGHTNING COMPLEX-,7.322110237
543.784729,CZU LIGHTNING COMPLEX,2020,899769.2245,145650091,2020CZU LIGHTNING COMPLEX-,7.322110237
520.5780029,CZU LIGHTNING COMPLEX,2020,899769.2245,145650091,2020CZU LIGHTNING COMPLEX-,7.322110237
545.6771851,CZU LIGHTNING COMPLEX,2020,899769.2245,145650091,2020CZU LIGHTNING COMPLEX-,7.322110237
493.319519,CZU LIGHTNING COMPLEX,2020,899769.2245,145650091,2020CZU LIGHTNING COMPLEX-,7.322110237
552.2104492,CZU LIGHTNING COMPLEX,2020,899769.2245,145650091,2020CZU LIGHTNING COMPLEX-,7.322110237
540.3104248,CZU LIGHTNING COMPLEX,2020,899769.2245,145650091,2020CZU LIGHTNING COMPLEX-,7.322110237
701.5405273,CZU LIGHTNING COMPLEX,2020,899769.2245,145650091,2020CZU LIGHTNING COMPLEX-,7.322110237
595.3815918,CZU LIGHTNING COMPLEX,2020,899769.2245,145650091,2020CZU LIGHTNING COMPLEX-,7.322110237
542.9419556,CZU LIGHTNING COMPLEX,2020,899769.2245,145650091,2020CZU LIGHTNING COMPLEX-,7.322110237
506.5699463,CZU LIGHTNING COMPLEX,2020,899769.2245,145650091,2020CZU LIGHTNING COMPLEX-,7.322110237
555.8226929,CZU LIGHTNING COMPLEX,2020,899769.2245,145650091,2020CZU LIGHTNING COMPLEX-,7.322110237
517.7536621,CZU LIGHTNING COMPLEX,2020,899769.2245,145650091,2020CZU LIGHTNING COMPLEX-,7.322110237
601.494812,CZU LIGHTNING COMPLEX,2020,899769.2245,145650091,2020CZU LIGHTNING COMPLEX-,7.322110237
608.5079956,CZU LIGHTNING COMPLEX,2020,899769.2245,145650091,2020CZU LIGHTNING COMPLEX-,7.322110237
664.1866455,CZU LIGHTNING COMPLEX,2020,899769.2245,145650091,2020CZU LIGHTNING COMPLEX-,7.322110237
577.8327637,CZU LIGHTNING COMPLEX,2020,899769.2245,145650091,2020CZU LIGHTNING COMPLEX-,7.322110237
630.1372681,CZU LIGHTNING COMPLEX,2020,899769.2245,145650091,2020CZU LIGHTNING COMPLEX-,7.322110237
594.9904175,CZU LIGHTNING COMPLEX,2020,899769.2245,145650091,2020CZU LIGHTNING COMPLEX-,7.322110237
550.5883789,CZU LIGHTNING COMPLEX,2020,899769.2245,145650091,2020CZU LIGHTNING COMPLEX-,7.322110237
556.3518066,CZU LIGHTNING COMPLEX,2020,899769.2245,145650091,2020CZU LIGHTNING COMPLEX-,7.322110237
606.0906982,CZU LIGHTNING COMPLEX,2020,899769.2245,145650091,2020CZU LIGHTNING COMPLEX-,7.322110237
458.3885193,CZU LIGHTNING COMPLEX,2020,899769.2245,145650091,2020CZU LIGHTNING COMPLEX-,7.322110237
435.528656,CZU LIGHTNING COMPLEX,2020,899769.2245,145650091,2020CZU LIGHTNING COMPLEX-,7.322110237
521.440918,CZU LIGHTNING COMPLEX,2020,899769.2245,145650091,2020CZU LIGHTNING COMPLEX-,7.322110237
637.2058716,CZU LIGHTNING COMPLEX,2020,899769.2245,145650091,2020CZU LIGHTNING COMPLEX-,7.322110237
760.2681274,CZU LIGHTNING COMPLEX,2020,899769.2245,145650091,2020CZU LIGHTNING COMPLEX-,7.322110237
719.373291,CZU LIGHTNING COMPLEX,2020,899769.2245,145650091,2020CZU LIGHTNING COMPLEX-,7.322110237
556.4119263,CZU LIGHTNING COMPLEX,2020,899769.2245,145650091,2020CZU LIGHTNING COMPLEX-,7.322110237
532.7558594,CZU LIGHTNING COMPLEX,2020,899769.2245,145650091,2020CZU LIGHTNING COMPLEX-,7.322110237
620.7325439,CZU LIGHTNING COMPLEX,2020,899769.2245,145650091,2020CZU LIGHTNING COMPLEX-,7.322110237
718.0041504,CZU LIGHTNING COMPLEX,2020,899769.2245,145650091,2020CZU LIGHTNING COMPLEX-,7.322110237
514.1703491,CZU LIGHTNING COMPLEX,2020,899769.2245,145650091,2020CZU LIGHTNING COMPLEX-,7.322110237
533.9789429,CZU LIGHTNING COMPLEX,2020,899769.2245,145650091,2020CZU LIGHTNING COMPLEX-,7.322110237
663.8016968,CZU LIGHTNING COMPLEX,2020,899769.2245,145650091,2020CZU LIGHTNING COMPLEX-,7.322110237
619.9129639,CZU LIGHTNING COMPLEX,2020,899769.2245,145650091,2020CZU LIGHTNING COMPLEX-,7.322110237
595.6671753,CZU LIGHTNING COMPLEX,2020,899769.2245,145650091,2020CZU LIGHTNING COMPLEX-,7.322110237
700.4161377,CZU LIGHTNING COMPLEX,2020,899769.2245,145650091,2020CZU LIGHTNING COMPLEX-,7.322110237
626.7521973,CZU LIGHTNING COMPLEX,2020,899769.2245,145650091,2020CZU LIGHTNING COMPLEX-,7.322110237
559.4484253,CZU LIGHTNING COMPLEX,2020,899769.2245,145650091,2020CZU LIGHTNING COMPLEX-,7.322110237
613.9136353,CZU LIGHTNING COMPLEX,2020,899769.2245,145650091,2020CZU LIGHTNING COMPLEX-,7.322110237
538.8960571,CZU LIGHTNING COMPLEX,2020,899769.2245,145650091,2020CZU LIGHTNING COMPLEX-,7.322110237
671.2764893,CZU LIGHTNING COMPLEX,2020,899769.2245,145650091,2020CZU LIGHTNING COMPLEX-,7.322110237
649.5372925,CZU LIGHTNING COMPLEX,2020,899769.2245,145650091,2020CZU LIGHTNING COMPLEX-,7.322110237
589.2937012,CZU LIGHTNING COMPLEX,2020,899769.2245,145650091,2020CZU LIGHTNING COMPLEX-,7.322110237
583.5795288,CZU LIGHTNING COMPLEX,2020,899769.2245,145650091,2020CZU LIGHTNING COMPLEX-,7.322110237
628.6307373,CZU LIGHTNING COMPLEX,2020,899769.2245,145650091,2020CZU LIGHTNING COMPLEX-,7.322110237
705.3896484,CZU LIGHTNING COMPLEX,2020,899769.2245,145650091,2020CZU LIGHTNING COMPLEX-,7.322110237
671.6942749,CZU LIGHTNING COMPLEX,2020,899769.2245,145650091,2020CZU LIGHTNING COMPLEX-,7.322110237
576.6296997,CZU LIGHTNING COMPLEX,2020,899769.2245,145650091,2020CZU LIGHTNING COMPLEX-,7.322110237
539.4171753,CZU LIGHTNING COMPLEX,2020,899769.2245,145650091,2020CZU LIGHTNING COMPLEX-,7.322110237
532.7144775,CZU LIGHTNING COMPLEX,2020,899769.2245,145650091,2020CZU LIGHTNING COMPLEX-,7.322110237
663.1878662,CZU LIGHTNING COMPLEX,2020,899769.2245,145650091,2020CZU LIGHTNING COMPLEX-,7.322110237
638.1538086,CZU LIGHTNING COMPLEX,2020,899769.2245,145650091,2020CZU LIGHTNING COMPLEX-,7.322110237
656.8967896,CZU LIGHTNING COMPLEX,2020,899769.2245,145650091,2020CZU LIGHTNING COMPLEX-,7.322110237
584.0715942,CZU LIGHTNING COMPLEX,2020,899769.2245,145650091,2020CZU LIGHTNING COMPLEX-,7.322110237
603.4352417,CZU LIGHTNING COMPLEX,2020,899769.2245,145650091,2020CZU LIGHTNING COMPLEX-,7.322110237
679.1237793,CZU LIGHTNING COMPLEX,2020,899769.2245,145650091,2020CZU LIGHTNING COMPLEX-,7.322110237
671.8355103,CZU LIGHTNING COMPLEX,2020,899769.2245,145650091,2020CZU LIGHTNING COMPLEX-,7.322110237
571.331604,CZU LIGHTNING COMPLEX,2020,899769.2245,145650091,2020CZU LIGHTNING COMPLEX-,7.322110237
549.4500732,CZU LIGHTNING COMPLEX,2020,899769.2245,145650091,2020CZU LIGHTNING COMPLEX-,7.322110237
543.5490112,CZU LIGHTNING COMPLEX,2020,899769.2245,145650091,2020CZU LIGHTNING COMPLEX-,7.322110237
600.2564697,CZU LIGHTNING COMPLEX,2020,899769.2245,145650091,2020CZU LIGHTNING COMPLEX-,7.322110237
622.7887573,CZU LIGHTNING COMPLEX,2020,899769.2245,145650091,2020CZU LIGHTNING COMPLEX-,7.322110237
703.0924683,CZU LIGHTNING COMPLEX,2020,899769.2245,145650091,2020CZU LIGHTNING COMPLEX-,7.322110237
620.6170654,CZU LIGHTNING COMPLEX,2020,899769.2245,145650091,2020CZU LIGHTNING COMPLEX-,7.322110237
606.1139526,CZU LIGHTNING COMPLEX,2020,899769.2245,145650091,2020CZU LIGHTNING COMPLEX-,7.322110237
662.0518188,CZU LIGHTNING COMPLEX,2020,899769.2245,145650091,2020CZU LIGHTNING COMPLEX-,7.322110237
723.3754272,CZU LIGHTNING COMPLEX,2020,899769.2245,145650091,2020CZU LIGHTNING COMPLEX-,7.322110237
554.0284424,CZU LIGHTNING COMPLEX,2020,899769.2245,145650091,2020CZU LIGHTNING COMPLEX-,7.322110237
553.6888428,CZU LIGHTNING COMPLEX,2020,899769.2245,145650091,2020CZU LIGHTNING COMPLEX-,7.322110237
543.4658203,CZU LIGHTNING COMPLEX,2020,899769.2245,145650091,2020CZU LIGHTNING COMPLEX-,7.322110237
567.664917,CZU LIGHTNING COMPLEX,2020,899769.2245,145650091,2020CZU LIGHTNING COMPLEX-,7.322110237
708.3696899,CZU LIGHTNING COMPLEX,2020,899769.2245,145650091,2020CZU LIGHTNING COMPLEX-,7.322110237
583.239624,CZU LIGHTNING COMPLEX,2020,899769.2245,145650091,2020CZU LIGHTNING COMPLEX-,7.322110237
579.2546387,CZU LIGHTNING COMPLEX,2020,899769.2245,145650091,2020CZU LIGHTNING COMPLEX-,7.322110237
682.6800537,CZU LIGHTNING COMPLEX,2020,899769.2245,145650091,2020CZU LIGHTNING COMPLEX-,7.322110237
554.9765625,CZU LIGHTNING COMPLEX,2020,899769.2245,145650091,2020CZU LIGHTNING COMPLEX-,7.322110237
548.4725342,CZU LIGHTNING COMPLEX,2020,899769.2245,145650091,2020CZU LIGHTNING COMPLEX-,7.322110237
635.6943359,CZU LIGHTNING COMPLEX,2020,899769.2245,145650091,2020CZU LIGHTNING COMPLEX-,7.322110237
610.8050537,CZU LIGHTNING COMPLEX,2020,899769.2245,145650091,2020CZU LIGHTNING COMPLEX-,7.322110237
557.5504761,CZU LIGHTNING COMPLEX,2020,899769.2245,145650091,2020CZU LIGHTNING COMPLEX-,7.322110237
686.8508301,CZU LIGHTNING COMPLEX,2020,899769.2245,145650091,2020CZU LIGHTNING COMPLEX-,7.322110237
685.8578491,CZU LIGHTNING COMPLEX,2020,899769.2245,145650091,2020CZU LIGHTNING COMPLEX-,7.322110237
554.1610107,CZU LIGHTNING COMPLEX,2020,899769.2245,145650091,2020CZU LIGHTNING COMPLEX-,7.322110237
554.2354126,CZU LIGHTNING COMPLEX,2020,899769.2245,145650091,2020CZU LIGHTNING COMPLEX-,7.322110237
542.3869019,CZU LIGHTNING COMPLEX,2020,899769.2245,145650091,2020CZU LIGHTNING COMPLEX-,7.322110237
502.0986633,CZU LIGHTNING COMPLEX,2020,899769.2245,145650091,2020CZU LIGHTNING COMPLEX-,7.322110237
602.5126343,CZU LIGHTNING COMPLEX,2020,899769.2245,145650091,2020CZU LIGHTNING COMPLEX-,7.322110237
732.019165,CZU LIGHTNING COMPLEX,2020,899769.2245,145650091,2020CZU LIGHTNING COMPLEX-,7.322110237
557.7699585,CZU LIGHTNING COMPLEX,2020,899769.2245,145650091,2020CZU LIGHTNING COMPLEX-,7.322110237
549.6459961,CZU LIGHTNING COMPLEX,2020,899769.2245,145650091,2020CZU LIGHTNING COMPLEX-,7.322110237
522.8521118,CZU LIGHTNING COMPLEX,2020,899769.2245,145650091,2020CZU LIGHTNING COMPLEX-,7.322110237
633.0912476,CZU LIGHTNING COMPLEX,2020,899769.2245,145650091,2020CZU LIGHTNING COMPLEX-,7.322110237
676.1559448,CZU LIGHTNING COMPLEX,2020,899769.2245,145650091,2020CZU LIGHTNING COMPLEX-,7.322110237
725.0531006,CZU LIGHTNING COMPLEX,2020,899769.2245,145650091,2020CZU LIGHTNING COMPLEX-,7.322110237
535.2987671,CZU LIGHTNING COMPLEX,2020,899769.2245,145650091,2020CZU LIGHTNING COMPLEX-,7.322110237
661.8223267,CZU LIGHTNING COMPLEX,2020,899769.2245,145650091,2020CZU LIGHTNING COMPLEX-,7.322110237
547.0174561,CZU LIGHTNING COMPLEX,2020,899769.2245,145650091,2020CZU LIGHTNING COMPLEX-,7.322110237
530.93573,CZU LIGHTNING COMPLEX,2020,899769.2245,145650091,2020CZU LIGHTNING COMPLEX-,7.322110237
644.7576904,CZU LIGHTNING COMPLEX,2020,899769.2245,145650091,2020CZU LIGHTNING COMPLEX-,7.322110237
548.1518555,CZU LIGHTNING COMPLEX,2020,899769.2245,145650091,2020CZU LIGHTNING COMPLEX-,7.322110237
543.5541382,CZU LIGHTNING COMPLEX,2020,899769.2245,145650091,2020CZU LIGHTNING COMPLEX-,7.322110237
557.8947144,CZU LIGHTNING COMPLEX,2020,899769.2245,145650091,2020CZU LIGHTNING COMPLEX-,7.322110237
542.4933472,CZU LIGHTNING COMPLEX,2020,899769.2245,145650091,2020CZU LIGHTNING COMPLEX-,7.322110237
541.6638794,CZU LIGHTNING COMPLEX,2020,899769.2245,145650091,2020CZU LIGHTNING COMPLEX-,7.322110237
565.0855103,CZU LIGHTNING COMPLEX,2020,899769.2245,145650091,2020CZU LIGHTNING COMPLEX-,7.322110237
545.5352173,CZU LIGHTNING COMPLEX,2020,899769.2245,145650091,2020CZU LIGHTNING COMPLEX-,7.322110237
652.8860474,CZU LIGHTNING COMPLEX,2020,899769.2245,145650091,2020CZU LIGHTNING COMPLEX-,7.322110237
533.2164917,CZU LIGHTNING COMPLEX,2020,899769.2245,145650091,2020CZU LIGHTNING COMPLEX-,7.322110237
532.2817993,CZU LIGHTNING COMPLEX,2020,899769.2245,145650091,2020CZU LIGHTNING COMPLEX-,7.322110237
545.2089844,CZU LIGHTNING COMPLEX,2020,899769.2245,145650091,2020CZU LIGHTNING COMPLEX-,7.322110237
489.2200317,CZU LIGHTNING COMPLEX,2020,899769.2245,145650091,2020CZU LIGHTNING COMPLEX-,7.322110237
739.2111816,INDIAN,2008,17839.09215,4534864.183,2008INDIAN-,7.322110237
737.1234131,INDIAN,2008,17839.09215,4534864.183,2008INDIAN-,7.322110237
732.3962402,INDIAN,2008,17839.09215,4534864.183,2008INDIAN-,7.322110237
735.7693481,INDIAN,2008,17839.09215,4534864.183,2008INDIAN-,7.322110237
742.0180664,INDIAN,2008,17839.09215,4534864.183,2008INDIAN-,7.322110237
742.4086304,INDIAN,2008,17839.09215,4534864.183,2008INDIAN-,7.322110237
737.411438,INDIAN,2008,17839.09215,4534864.183,2008INDIAN-,7.322110237
740.1676025,INDIAN,2008,17839.09215,4534864.183,2008INDIAN-,7.322110237
743.1829224,INDIAN,2008,17839.09215,4534864.183,2008INDIAN-,7.322110237
747.9100342,INDIAN,2008,17839.09215,4534864.183,2008INDIAN-,7.322110237
756.0501099,INDIAN,2008,17839.09215,4534864.183,2008INDIAN-,7.322110237
750.8178711,INDIAN,2008,17839.09215,4534864.183,2008INDIAN-,7.322110237
743.0033569,INDIAN,2008,17839.09215,4534864.183,2008INDIAN-,7.322110237
748.4851074,INDIAN,2008,17839.09215,4534864.183,2008INDIAN-,7.322110237
749.3866577,INDIAN,2008,17839.09215,4534864.183,2008INDIAN-,7.322110237
751.2405396,INDIAN,2008,17839.09215,4534864.183,2008INDIAN-,7.322110237
746.1616821,INDIAN,2008,17839.09215,4534864.183,2008INDIAN-,7.322110237
756.2484741,INDIAN,2008,17839.09215,4534864.183,2008INDIAN-,7.322110237
751.022583,INDIAN,2008,17839.09215,4534864.183,2008INDIAN-,7.322110237
737.980957,INDIAN,2008,17839.09215,4534864.183,2008INDIAN-,7.322110237
747.5655518,INDIAN,2008,17839.09215,4534864.183,2008INDIAN-,7.322110237
744.572937,INDIAN,2008,17839.09215,4534864.183,2008INDIAN-,7.322110237
728.6227417,INDIAN,2008,17839.09215,4534864.183,2008INDIAN-,7.322110237
736.2740479,INDIAN,2008,17839.09215,4534864.183,2008INDIAN-,7.322110237
734.0006104,INDIAN,2008,17839.09215,4534864.183,2008INDIAN-,7.322110237
730.8881836,INDIAN,2008,17839.09215,4534864.183,2008INDIAN-,7.322110237
723.6009521,MEYERS,2020,31666.98984,2323941.628,2020MEYERS-,7.322110237
725.3877563,NAVARRO,2008,11911.63913,1762893.727,2008NAVARRO-,7.322110237
712.6675415,NAVARRO,2008,11911.63913,1762893.727,2008NAVARRO-,7.322110237
723.00177,NAVARRO,2008,11911.63913,1762893.727,2008NAVARRO-,7.322110237
724.4488525,NAVARRO,2008,11911.63913,1762893.727,2008NAVARRO-,7.322110237
738.387085,NAVARRO,2008,11911.63913,1762893.727,2008NAVARRO-,7.322110237
736.5612793,WALBRIDGE,2020,34685.12321,1970691.702,2020WALBRIDGE-,7.322110237
719.5195313,WALBRIDGE,2020,34685.12321,1970691.702,2020WALBRIDGE-,7.322110237
728.706604,WALBRIDGE,2020,34685.12321,1970691.702,2020WALBRIDGE-,7.322110237
634.8699341,WALBRIDGE,2020,34685.12321,1970691.702,2020WALBRIDGE-,7.322110237
798.3414917,GLASS,2020,50252.06105,2263063.931,2020GLASS-,2.44732800056227e-06
721.7440186,CZU LIGHTNING COMPLEX,2020,899769.2245,145650091,2020CZU LIGHTNING COMPLEX-,2.50161223346368e-05
645.0472412,CZU LIGHTNING COMPLEX,2020,899769.2245,145650091,2020CZU LIGHTNING COMPLEX-,4.44689613301307e-05
